,InitStorage(Powell&Mead),Inflow_Powell,Release_Mead,YearsTo10MAF
0,6,3,3,1
1,6,3,4,1
2,6,3,5,1
3,6,3,6,1
4,6,3,7,1
5,6,3,8,1
6,6,3,9,1
7,6,3,10,1
8,6,3,11,1
9,6,4,3,1
10,6,4,4,1
11,6,4,5,1
12,6,4,6,1
13,6,4,7,1
14,6,4,8,1
15,6,4,9,1
16,6,4,10,1
17,6,4,11,1
18,6,5,3,1
19,6,5,4,1
20,6,5,5,1
21,6,5,6,1
22,6,5,7,1
23,6,5,8,1
24,6,5,9,1
25,6,5,10,1
26,6,5,11,1
27,6,6,3,1
28,6,6,4,1
29,6,6,5,1
30,6,6,6,1
31,6,6,7,1
32,6,6,8,1
33,6,6,9,1
34,6,6,10,1
35,6,6,11,1
36,6,7,3,40
37,6,7,4,1
38,6,7,5,1
39,6,7,6,1
40,6,7,7,1
41,6,7,8,1
42,6,7,9,1
43,6,7,10,1
44,6,7,11,1
45,6,8,3,40
46,6,8,4,40
47,6,8,5,1
48,6,8,6,1
49,6,8,7,1
50,6,8,8,1
51,6,8,9,1
52,6,8,10,1
53,6,8,11,1
54,6,9,3,40
55,6,9,4,40
56,6,9,5,40
57,6,9,6,1
58,6,9,7,1
59,6,9,8,1
60,6,9,9,1
61,6,9,10,1
62,6,9,11,1
63,6,10,3,40
64,6,10,4,40
65,6,10,5,40
66,6,10,6,40
67,6,10,7,1
68,6,10,8,1
69,6,10,9,1
70,6,10,10,1
71,6,10,11,1
72,6,11,3,40
73,6,11,4,40
74,6,11,5,40
75,6,11,6,40
76,6,11,7,40
77,6,11,8,1
78,6,11,9,1
79,6,11,10,1
80,6,11,11,1
81,6,12,3,40
82,6,12,4,40
83,6,12,5,40
84,6,12,6,40
85,6,12,7,40
86,6,12,8,40
87,6,12,9,1
88,6,12,10,1
89,6,12,11,1
90,6,13,3,40
91,6,13,4,40
92,6,13,5,40
93,6,13,6,40
94,6,13,7,40
95,6,13,8,40
96,6,13,9,40
97,6,13,10,1
98,6,13,11,1
99,6,14,3,40
100,6,14,4,40
101,6,14,5,40
102,6,14,6,40
103,6,14,7,40
104,6,14,8,40
105,6,14,9,40
106,6,14,10,40
107,6,14,11,1
108,6,15,3,40
109,6,15,4,40
110,6,15,5,40
111,6,15,6,40
112,6,15,7,40
113,6,15,8,40
114,6,15,9,40
115,6,15,10,40
116,6,15,11,40
117,7,3,3,1
118,7,3,4,1
119,7,3,5,1
120,7,3,6,1
121,7,3,7,1
122,7,3,8,1
123,7,3,9,1
124,7,3,10,1
125,7,3,11,1
126,7,4,3,1
127,7,4,4,1
128,7,4,5,1
129,7,4,6,1
130,7,4,7,1
131,7,4,8,1
132,7,4,9,1
133,7,4,10,1
134,7,4,11,1
135,7,5,3,1
136,7,5,4,1
137,7,5,5,1
138,7,5,6,1
139,7,5,7,1
140,7,5,8,1
141,7,5,9,1
142,7,5,10,1
143,7,5,11,1
144,7,6,3,40
145,7,6,4,1
146,7,6,5,1
147,7,6,6,1
148,7,6,7,1
149,7,6,8,1
150,7,6,9,1
151,7,6,10,1
152,7,6,11,1
153,7,7,3,40
154,7,7,4,40
155,7,7,5,1
156,7,7,6,1
157,7,7,7,1
158,7,7,8,1
159,7,7,9,1
160,7,7,10,1
161,7,7,11,1
162,7,8,3,40
163,7,8,4,40
164,7,8,5,40
165,7,8,6,1
166,7,8,7,1
167,7,8,8,1
168,7,8,9,1
169,7,8,10,1
170,7,8,11,1
171,7,9,3,40
172,7,9,4,40
173,7,9,5,40
174,7,9,6,40
175,7,9,7,1
176,7,9,8,1
177,7,9,9,1
178,7,9,10,1
179,7,9,11,1
180,7,10,3,40
181,7,10,4,40
182,7,10,5,40
183,7,10,6,40
184,7,10,7,40
185,7,10,8,1
186,7,10,9,1
187,7,10,10,1
188,7,10,11,1
189,7,11,3,40
190,7,11,4,40
191,7,11,5,40
192,7,11,6,40
193,7,11,7,40
194,7,11,8,40
195,7,11,9,1
196,7,11,10,1
197,7,11,11,1
198,7,12,3,40
199,7,12,4,40
200,7,12,5,40
201,7,12,6,40
202,7,12,7,40
203,7,12,8,40
204,7,12,9,40
205,7,12,10,1
206,7,12,11,1
207,7,13,3,40
208,7,13,4,40
209,7,13,5,40
210,7,13,6,40
211,7,13,7,40
212,7,13,8,40
213,7,13,9,40
214,7,13,10,40
215,7,13,11,1
216,7,14,3,40
217,7,14,4,40
218,7,14,5,40
219,7,14,6,40
220,7,14,7,40
221,7,14,8,40
222,7,14,9,40
223,7,14,10,40
224,7,14,11,40
225,7,15,3,40
226,7,15,4,40
227,7,15,5,40
228,7,15,6,40
229,7,15,7,40
230,7,15,8,40
231,7,15,9,40
232,7,15,10,40
233,7,15,11,40
234,8,3,3,1
235,8,3,4,1
236,8,3,5,1
237,8,3,6,1
238,8,3,7,1
239,8,3,8,1
240,8,3,9,1
241,8,3,10,1
242,8,3,11,1
243,8,4,3,1
244,8,4,4,1
245,8,4,5,1
246,8,4,6,1
247,8,4,7,1
248,8,4,8,1
249,8,4,9,1
250,8,4,10,1
251,8,4,11,1
252,8,5,3,40
253,8,5,4,1
254,8,5,5,1
255,8,5,6,1
256,8,5,7,1
257,8,5,8,1
258,8,5,9,1
259,8,5,10,1
260,8,5,11,1
261,8,6,3,40
262,8,6,4,40
263,8,6,5,1
264,8,6,6,1
265,8,6,7,1
266,8,6,8,1
267,8,6,9,1
268,8,6,10,1
269,8,6,11,1
270,8,7,3,40
271,8,7,4,40
272,8,7,5,40
273,8,7,6,1
274,8,7,7,1
275,8,7,8,1
276,8,7,9,1
277,8,7,10,1
278,8,7,11,1
279,8,8,3,40
280,8,8,4,40
281,8,8,5,40
282,8,8,6,40
283,8,8,7,1
284,8,8,8,1
285,8,8,9,1
286,8,8,10,1
287,8,8,11,1
288,8,9,3,40
289,8,9,4,40
290,8,9,5,40
291,8,9,6,40
292,8,9,7,40
293,8,9,8,1
294,8,9,9,1
295,8,9,10,1
296,8,9,11,1
297,8,10,3,40
298,8,10,4,40
299,8,10,5,40
300,8,10,6,40
301,8,10,7,40
302,8,10,8,40
303,8,10,9,1
304,8,10,10,1
305,8,10,11,1
306,8,11,3,40
307,8,11,4,40
308,8,11,5,40
309,8,11,6,40
310,8,11,7,40
311,8,11,8,40
312,8,11,9,40
313,8,11,10,1
314,8,11,11,1
315,8,12,3,40
316,8,12,4,40
317,8,12,5,40
318,8,12,6,40
319,8,12,7,40
320,8,12,8,40
321,8,12,9,40
322,8,12,10,40
323,8,12,11,1
324,8,13,3,40
325,8,13,4,40
326,8,13,5,40
327,8,13,6,40
328,8,13,7,40
329,8,13,8,40
330,8,13,9,40
331,8,13,10,40
332,8,13,11,40
333,8,14,3,40
334,8,14,4,40
335,8,14,5,40
336,8,14,6,40
337,8,14,7,40
338,8,14,8,40
339,8,14,9,40
340,8,14,10,40
341,8,14,11,40
342,8,15,3,40
343,8,15,4,40
344,8,15,5,40
345,8,15,6,40
346,8,15,7,40
347,8,15,8,40
348,8,15,9,40
349,8,15,10,40
350,8,15,11,40
351,9,3,3,1
352,9,3,4,1
353,9,3,5,1
354,9,3,6,1
355,9,3,7,1
356,9,3,8,1
357,9,3,9,1
358,9,3,10,1
359,9,3,11,1
360,9,4,3,40
361,9,4,4,1
362,9,4,5,1
363,9,4,6,1
364,9,4,7,1
365,9,4,8,1
366,9,4,9,1
367,9,4,10,1
368,9,4,11,1
369,9,5,3,40
370,9,5,4,40
371,9,5,5,1
372,9,5,6,1
373,9,5,7,1
374,9,5,8,1
375,9,5,9,1
376,9,5,10,1
377,9,5,11,1
378,9,6,3,40
379,9,6,4,40
380,9,6,5,40
381,9,6,6,1
382,9,6,7,1
383,9,6,8,1
384,9,6,9,1
385,9,6,10,1
386,9,6,11,1
387,9,7,3,40
388,9,7,4,40
389,9,7,5,40
390,9,7,6,40
391,9,7,7,1
392,9,7,8,1
393,9,7,9,1
394,9,7,10,1
395,9,7,11,1
396,9,8,3,40
397,9,8,4,40
398,9,8,5,40
399,9,8,6,40
400,9,8,7,40
401,9,8,8,1
402,9,8,9,1
403,9,8,10,1
404,9,8,11,1
405,9,9,3,40
406,9,9,4,40
407,9,9,5,40
408,9,9,6,40
409,9,9,7,40
410,9,9,8,40
411,9,9,9,1
412,9,9,10,1
413,9,9,11,1
414,9,10,3,40
415,9,10,4,40
416,9,10,5,40
417,9,10,6,40
418,9,10,7,40
419,9,10,8,40
420,9,10,9,40
421,9,10,10,1
422,9,10,11,1
423,9,11,3,40
424,9,11,4,40
425,9,11,5,40
426,9,11,6,40
427,9,11,7,40
428,9,11,8,40
429,9,11,9,40
430,9,11,10,40
431,9,11,11,1
432,9,12,3,40
433,9,12,4,40
434,9,12,5,40
435,9,12,6,40
436,9,12,7,40
437,9,12,8,40
438,9,12,9,40
439,9,12,10,40
440,9,12,11,40
441,9,13,3,40
442,9,13,4,40
443,9,13,5,40
444,9,13,6,40
445,9,13,7,40
446,9,13,8,40
447,9,13,9,40
448,9,13,10,40
449,9,13,11,40
450,9,14,3,40
451,9,14,4,40
452,9,14,5,40
453,9,14,6,40
454,9,14,7,40
455,9,14,8,40
456,9,14,9,40
457,9,14,10,40
458,9,14,11,40
459,9,15,3,40
460,9,15,4,40
461,9,15,5,40
462,9,15,6,40
463,9,15,7,40
464,9,15,8,40
465,9,15,9,40
466,9,15,10,40
467,9,15,11,40
468,10,3,3,40
469,10,3,4,1
470,10,3,5,1
471,10,3,6,1
472,10,3,7,1
473,10,3,8,1
474,10,3,9,1
475,10,3,10,1
476,10,3,11,1
477,10,4,3,40
478,10,4,4,40
479,10,4,5,1
480,10,4,6,1
481,10,4,7,1
482,10,4,8,1
483,10,4,9,1
484,10,4,10,1
485,10,4,11,1
486,10,5,3,40
487,10,5,4,40
488,10,5,5,40
489,10,5,6,1
490,10,5,7,1
491,10,5,8,1
492,10,5,9,1
493,10,5,10,1
494,10,5,11,1
495,10,6,3,40
496,10,6,4,40
497,10,6,5,40
498,10,6,6,40
499,10,6,7,1
500,10,6,8,1
501,10,6,9,1
502,10,6,10,1
503,10,6,11,1
504,10,7,3,40
505,10,7,4,40
506,10,7,5,40
507,10,7,6,40
508,10,7,7,40
509,10,7,8,1
510,10,7,9,1
511,10,7,10,1
512,10,7,11,1
513,10,8,3,40
514,10,8,4,40
515,10,8,5,40
516,10,8,6,40
517,10,8,7,40
518,10,8,8,40
519,10,8,9,1
520,10,8,10,1
521,10,8,11,1
522,10,9,3,40
523,10,9,4,40
524,10,9,5,40
525,10,9,6,40
526,10,9,7,40
527,10,9,8,40
528,10,9,9,40
529,10,9,10,1
530,10,9,11,1
531,10,10,3,40
532,10,10,4,40
533,10,10,5,40
534,10,10,6,40
535,10,10,7,40
536,10,10,8,40
537,10,10,9,40
538,10,10,10,40
539,10,10,11,1
540,10,11,3,40
541,10,11,4,40
542,10,11,5,40
543,10,11,6,40
544,10,11,7,40
545,10,11,8,40
546,10,11,9,40
547,10,11,10,40
548,10,11,11,40
549,10,12,3,40
550,10,12,4,40
551,10,12,5,40
552,10,12,6,40
553,10,12,7,40
554,10,12,8,40
555,10,12,9,40
556,10,12,10,40
557,10,12,11,40
558,10,13,3,40
559,10,13,4,40
560,10,13,5,40
561,10,13,6,40
562,10,13,7,40
563,10,13,8,40
564,10,13,9,40
565,10,13,10,40
566,10,13,11,40
567,10,14,3,40
568,10,14,4,40
569,10,14,5,40
570,10,14,6,40
571,10,14,7,40
572,10,14,8,40
573,10,14,9,40
574,10,14,10,40
575,10,14,11,40
576,10,15,3,40
577,10,15,4,40
578,10,15,5,40
579,10,15,6,40
580,10,15,7,40
581,10,15,8,40
582,10,15,9,40
583,10,15,10,40
584,10,15,11,40
585,11,3,3,40
586,11,3,4,1
587,11,3,5,1
588,11,3,6,1
589,11,3,7,1
590,11,3,8,1
591,11,3,9,1
592,11,3,10,1
593,11,3,11,1
594,11,4,3,40
595,11,4,4,40
596,11,4,5,1
597,11,4,6,1
598,11,4,7,1
599,11,4,8,1
600,11,4,9,1
601,11,4,10,1
602,11,4,11,1
603,11,5,3,40
604,11,5,4,40
605,11,5,5,40
606,11,5,6,1
607,11,5,7,1
608,11,5,8,1
609,11,5,9,1
610,11,5,10,1
611,11,5,11,1
612,11,6,3,40
613,11,6,4,40
614,11,6,5,40
615,11,6,6,40
616,11,6,7,1
617,11,6,8,1
618,11,6,9,1
619,11,6,10,1
620,11,6,11,1
621,11,7,3,40
622,11,7,4,40
623,11,7,5,40
624,11,7,6,40
625,11,7,7,40
626,11,7,8,1
627,11,7,9,1
628,11,7,10,1
629,11,7,11,1
630,11,8,3,40
631,11,8,4,40
632,11,8,5,40
633,11,8,6,40
634,11,8,7,40
635,11,8,8,40
636,11,8,9,1
637,11,8,10,1
638,11,8,11,1
639,11,9,3,40
640,11,9,4,40
641,11,9,5,40
642,11,9,6,40
643,11,9,7,40
644,11,9,8,40
645,11,9,9,40
646,11,9,10,1
647,11,9,11,1
648,11,10,3,40
649,11,10,4,40
650,11,10,5,40
651,11,10,6,40
652,11,10,7,40
653,11,10,8,40
654,11,10,9,40
655,11,10,10,40
656,11,10,11,1
657,11,11,3,40
658,11,11,4,40
659,11,11,5,40
660,11,11,6,40
661,11,11,7,40
662,11,11,8,40
663,11,11,9,40
664,11,11,10,40
665,11,11,11,40
666,11,12,3,40
667,11,12,4,40
668,11,12,5,40
669,11,12,6,40
670,11,12,7,40
671,11,12,8,40
672,11,12,9,40
673,11,12,10,40
674,11,12,11,40
675,11,13,3,40
676,11,13,4,40
677,11,13,5,40
678,11,13,6,40
679,11,13,7,40
680,11,13,8,40
681,11,13,9,40
682,11,13,10,40
683,11,13,11,40
684,11,14,3,40
685,11,14,4,40
686,11,14,5,40
687,11,14,6,40
688,11,14,7,40
689,11,14,8,40
690,11,14,9,40
691,11,14,10,40
692,11,14,11,40
693,11,15,3,40
694,11,15,4,40
695,11,15,5,40
696,11,15,6,40
697,11,15,7,40
698,11,15,8,40
699,11,15,9,40
700,11,15,10,40
701,11,15,11,40
702,12,3,3,40
703,12,3,4,2
704,12,3,5,1
705,12,3,6,1
706,12,3,7,1
707,12,3,8,1
708,12,3,9,1
709,12,3,10,1
710,12,3,11,1
711,12,4,3,40
712,12,4,4,40
713,12,4,5,2
714,12,4,6,1
715,12,4,7,1
716,12,4,8,1
717,12,4,9,1
718,12,4,10,1
719,12,4,11,1
720,12,5,3,40
721,12,5,4,40
722,12,5,5,40
723,12,5,6,2
724,12,5,7,1
725,12,5,8,1
726,12,5,9,1
727,12,5,10,1
728,12,5,11,1
729,12,6,3,40
730,12,6,4,40
731,12,6,5,40
732,12,6,6,40
733,12,6,7,2
734,12,6,8,1
735,12,6,9,1
736,12,6,10,1
737,12,6,11,1
738,12,7,3,40
739,12,7,4,40
740,12,7,5,40
741,12,7,6,40
742,12,7,7,40
743,12,7,8,2
744,12,7,9,1
745,12,7,10,1
746,12,7,11,1
747,12,8,3,40
748,12,8,4,40
749,12,8,5,40
750,12,8,6,40
751,12,8,7,40
752,12,8,8,40
753,12,8,9,2
754,12,8,10,1
755,12,8,11,1
756,12,9,3,40
757,12,9,4,40
758,12,9,5,40
759,12,9,6,40
760,12,9,7,40
761,12,9,8,40
762,12,9,9,40
763,12,9,10,2
764,12,9,11,1
765,12,10,3,40
766,12,10,4,40
767,12,10,5,40
768,12,10,6,40
769,12,10,7,40
770,12,10,8,40
771,12,10,9,40
772,12,10,10,40
773,12,10,11,2
774,12,11,3,40
775,12,11,4,40
776,12,11,5,40
777,12,11,6,40
778,12,11,7,40
779,12,11,8,40
780,12,11,9,40
781,12,11,10,40
782,12,11,11,40
783,12,12,3,40
784,12,12,4,40
785,12,12,5,40
786,12,12,6,40
787,12,12,7,40
788,12,12,8,40
789,12,12,9,40
790,12,12,10,40
791,12,12,11,40
792,12,13,3,40
793,12,13,4,40
794,12,13,5,40
795,12,13,6,40
796,12,13,7,40
797,12,13,8,40
798,12,13,9,40
799,12,13,10,40
800,12,13,11,40
801,12,14,3,40
802,12,14,4,40
803,12,14,5,40
804,12,14,6,40
805,12,14,7,40
806,12,14,8,40
807,12,14,9,40
808,12,14,10,40
809,12,14,11,40
810,12,15,3,40
811,12,15,4,40
812,12,15,5,40
813,12,15,6,40
814,12,15,7,40
815,12,15,8,40
816,12,15,9,40
817,12,15,10,40
818,12,15,11,40
819,13,3,3,40
820,13,3,4,3
821,13,3,5,2
822,13,3,6,1
823,13,3,7,1
824,13,3,8,1
825,13,3,9,1
826,13,3,10,1
827,13,3,11,1
828,13,4,3,40
829,13,4,4,40
830,13,4,5,3
831,13,4,6,2
832,13,4,7,1
833,13,4,8,1
834,13,4,9,1
835,13,4,10,1
836,13,4,11,1
837,13,5,3,40
838,13,5,4,40
839,13,5,5,40
840,13,5,6,3
841,13,5,7,2
842,13,5,8,1
843,13,5,9,1
844,13,5,10,1
845,13,5,11,1
846,13,6,3,40
847,13,6,4,40
848,13,6,5,40
849,13,6,6,40
850,13,6,7,3
851,13,6,8,2
852,13,6,9,1
853,13,6,10,1
854,13,6,11,1
855,13,7,3,40
856,13,7,4,40
857,13,7,5,40
858,13,7,6,40
859,13,7,7,40
860,13,7,8,3
861,13,7,9,2
862,13,7,10,1
863,13,7,11,1
864,13,8,3,40
865,13,8,4,40
866,13,8,5,40
867,13,8,6,40
868,13,8,7,40
869,13,8,8,40
870,13,8,9,3
871,13,8,10,2
872,13,8,11,1
873,13,9,3,40
874,13,9,4,40
875,13,9,5,40
876,13,9,6,40
877,13,9,7,40
878,13,9,8,40
879,13,9,9,40
880,13,9,10,3
881,13,9,11,2
882,13,10,3,40
883,13,10,4,40
884,13,10,5,40
885,13,10,6,40
886,13,10,7,40
887,13,10,8,40
888,13,10,9,40
889,13,10,10,40
890,13,10,11,3
891,13,11,3,40
892,13,11,4,40
893,13,11,5,40
894,13,11,6,40
895,13,11,7,40
896,13,11,8,40
897,13,11,9,40
898,13,11,10,40
899,13,11,11,40
900,13,12,3,40
901,13,12,4,40
902,13,12,5,40
903,13,12,6,40
904,13,12,7,40
905,13,12,8,40
906,13,12,9,40
907,13,12,10,40
908,13,12,11,40
909,13,13,3,40
910,13,13,4,40
911,13,13,5,40
912,13,13,6,40
913,13,13,7,40
914,13,13,8,40
915,13,13,9,40
916,13,13,10,40
917,13,13,11,40
918,13,14,3,40
919,13,14,4,40
920,13,14,5,40
921,13,14,6,40
922,13,14,7,40
923,13,14,8,40
924,13,14,9,40
925,13,14,10,40
926,13,14,11,40
927,13,15,3,40
928,13,15,4,40
929,13,15,5,40
930,13,15,6,40
931,13,15,7,40
932,13,15,8,40
933,13,15,9,40
934,13,15,10,40
935,13,15,11,40
936,14,3,3,40
937,14,3,4,4
938,14,3,5,2
939,14,3,6,2
940,14,3,7,1
941,14,3,8,1
942,14,3,9,1
943,14,3,10,1
944,14,3,11,1
945,14,4,3,40
946,14,4,4,40
947,14,4,5,4
948,14,4,6,2
949,14,4,7,2
950,14,4,8,1
951,14,4,9,1
952,14,4,10,1
953,14,4,11,1
954,14,5,3,40
955,14,5,4,40
956,14,5,5,40
957,14,5,6,4
958,14,5,7,2
959,14,5,8,2
960,14,5,9,1
961,14,5,10,1
962,14,5,11,1
963,14,6,3,40
964,14,6,4,40
965,14,6,5,40
966,14,6,6,40
967,14,6,7,4
968,14,6,8,2
969,14,6,9,2
970,14,6,10,1
971,14,6,11,1
972,14,7,3,40
973,14,7,4,40
974,14,7,5,40
975,14,7,6,40
976,14,7,7,40
977,14,7,8,4
978,14,7,9,2
979,14,7,10,2
980,14,7,11,1
981,14,8,3,40
982,14,8,4,40
983,14,8,5,40
984,14,8,6,40
985,14,8,7,40
986,14,8,8,40
987,14,8,9,4
988,14,8,10,2
989,14,8,11,2
990,14,9,3,40
991,14,9,4,40
992,14,9,5,40
993,14,9,6,40
994,14,9,7,40
995,14,9,8,40
996,14,9,9,40
997,14,9,10,4
998,14,9,11,2
999,14,10,3,40
1000,14,10,4,40
1001,14,10,5,40
1002,14,10,6,40
1003,14,10,7,40
1004,14,10,8,40
1005,14,10,9,40
1006,14,10,10,40
1007,14,10,11,4
1008,14,11,3,40
1009,14,11,4,40
1010,14,11,5,40
1011,14,11,6,40
1012,14,11,7,40
1013,14,11,8,40
1014,14,11,9,40
1015,14,11,10,40
1016,14,11,11,40
1017,14,12,3,40
1018,14,12,4,40
1019,14,12,5,40
1020,14,12,6,40
1021,14,12,7,40
1022,14,12,8,40
1023,14,12,9,40
1024,14,12,10,40
1025,14,12,11,40
1026,14,13,3,40
1027,14,13,4,40
1028,14,13,5,40
1029,14,13,6,40
1030,14,13,7,40
1031,14,13,8,40
1032,14,13,9,40
1033,14,13,10,40
1034,14,13,11,40
1035,14,14,3,40
1036,14,14,4,40
1037,14,14,5,40
1038,14,14,6,40
1039,14,14,7,40
1040,14,14,8,40
1041,14,14,9,40
1042,14,14,10,40
1043,14,14,11,40
1044,14,15,3,40
1045,14,15,4,40
1046,14,15,5,40
1047,14,15,6,40
1048,14,15,7,40
1049,14,15,8,40
1050,14,15,9,40
1051,14,15,10,40
1052,14,15,11,40
1053,15,3,3,40
1054,15,3,4,5
1055,15,3,5,3
1056,15,3,6,2
1057,15,3,7,2
1058,15,3,8,1
1059,15,3,9,1
1060,15,3,10,1
1061,15,3,11,1
1062,15,4,3,40
1063,15,4,4,40
1064,15,4,5,5
1065,15,4,6,3
1066,15,4,7,2
1067,15,4,8,2
1068,15,4,9,1
1069,15,4,10,1
1070,15,4,11,1
1071,15,5,3,40
1072,15,5,4,40
1073,15,5,5,40
1074,15,5,6,5
1075,15,5,7,3
1076,15,5,8,2
1077,15,5,9,2
1078,15,5,10,1
1079,15,5,11,1
1080,15,6,3,40
1081,15,6,4,40
1082,15,6,5,40
1083,15,6,6,40
1084,15,6,7,5
1085,15,6,8,3
1086,15,6,9,2
1087,15,6,10,2
1088,15,6,11,1
1089,15,7,3,40
1090,15,7,4,40
1091,15,7,5,40
1092,15,7,6,40
1093,15,7,7,40
1094,15,7,8,5
1095,15,7,9,3
1096,15,7,10,2
1097,15,7,11,2
1098,15,8,3,40
1099,15,8,4,40
1100,15,8,5,40
1101,15,8,6,40
1102,15,8,7,40
1103,15,8,8,40
1104,15,8,9,5
1105,15,8,10,3
1106,15,8,11,2
1107,15,9,3,40
1108,15,9,4,40
1109,15,9,5,40
1110,15,9,6,40
1111,15,9,7,40
1112,15,9,8,40
1113,15,9,9,40
1114,15,9,10,5
1115,15,9,11,3
1116,15,10,3,40
1117,15,10,4,40
1118,15,10,5,40
1119,15,10,6,40
1120,15,10,7,40
1121,15,10,8,40
1122,15,10,9,40
1123,15,10,10,40
1124,15,10,11,5
1125,15,11,3,40
1126,15,11,4,40
1127,15,11,5,40
1128,15,11,6,40
1129,15,11,7,40
1130,15,11,8,40
1131,15,11,9,40
1132,15,11,10,40
1133,15,11,11,40
1134,15,12,3,40
1135,15,12,4,40
1136,15,12,5,40
1137,15,12,6,40
1138,15,12,7,40
1139,15,12,8,40
1140,15,12,9,40
1141,15,12,10,40
1142,15,12,11,40
1143,15,13,3,40
1144,15,13,4,40
1145,15,13,5,40
1146,15,13,6,40
1147,15,13,7,40
1148,15,13,8,40
1149,15,13,9,40
1150,15,13,10,40
1151,15,13,11,40
1152,15,14,3,40
1153,15,14,4,40
1154,15,14,5,40
1155,15,14,6,40
1156,15,14,7,40
1157,15,14,8,40
1158,15,14,9,40
1159,15,14,10,40
1160,15,14,11,40
1161,15,15,3,40
1162,15,15,4,40
1163,15,15,5,40
1164,15,15,6,40
1165,15,15,7,40
1166,15,15,8,40
1167,15,15,9,40
1168,15,15,10,40
1169,15,15,11,40
1170,16,3,3,40
1171,16,3,4,6
1172,16,3,5,3
1173,16,3,6,2
1174,16,3,7,2
1175,16,3,8,2
1176,16,3,9,1
1177,16,3,10,1
1178,16,3,11,1
1179,16,4,3,40
1180,16,4,4,40
1181,16,4,5,6
1182,16,4,6,3
1183,16,4,7,2
1184,16,4,8,2
1185,16,4,9,2
1186,16,4,10,1
1187,16,4,11,1
1188,16,5,3,40
1189,16,5,4,40
1190,16,5,5,40
1191,16,5,6,6
1192,16,5,7,3
1193,16,5,8,2
1194,16,5,9,2
1195,16,5,10,2
1196,16,5,11,1
1197,16,6,3,40
1198,16,6,4,40
1199,16,6,5,40
1200,16,6,6,40
1201,16,6,7,6
1202,16,6,8,3
1203,16,6,9,2
1204,16,6,10,2
1205,16,6,11,2
1206,16,7,3,40
1207,16,7,4,40
1208,16,7,5,40
1209,16,7,6,40
1210,16,7,7,40
1211,16,7,8,6
1212,16,7,9,3
1213,16,7,10,2
1214,16,7,11,2
1215,16,8,3,40
1216,16,8,4,40
1217,16,8,5,40
1218,16,8,6,40
1219,16,8,7,40
1220,16,8,8,40
1221,16,8,9,6
1222,16,8,10,3
1223,16,8,11,2
1224,16,9,3,40
1225,16,9,4,40
1226,16,9,5,40
1227,16,9,6,40
1228,16,9,7,40
1229,16,9,8,40
1230,16,9,9,40
1231,16,9,10,6
1232,16,9,11,3
1233,16,10,3,40
1234,16,10,4,40
1235,16,10,5,40
1236,16,10,6,40
1237,16,10,7,40
1238,16,10,8,40
1239,16,10,9,40
1240,16,10,10,40
1241,16,10,11,6
1242,16,11,3,40
1243,16,11,4,40
1244,16,11,5,40
1245,16,11,6,40
1246,16,11,7,40
1247,16,11,8,40
1248,16,11,9,40
1249,16,11,10,40
1250,16,11,11,40
1251,16,12,3,40
1252,16,12,4,40
1253,16,12,5,40
1254,16,12,6,40
1255,16,12,7,40
1256,16,12,8,40
1257,16,12,9,40
1258,16,12,10,40
1259,16,12,11,40
1260,16,13,3,40
1261,16,13,4,40
1262,16,13,5,40
1263,16,13,6,40
1264,16,13,7,40
1265,16,13,8,40
1266,16,13,9,40
1267,16,13,10,40
1268,16,13,11,40
1269,16,14,3,40
1270,16,14,4,40
1271,16,14,5,40
1272,16,14,6,40
1273,16,14,7,40
1274,16,14,8,40
1275,16,14,9,40
1276,16,14,10,40
1277,16,14,11,40
1278,16,15,3,40
1279,16,15,4,40
1280,16,15,5,40
1281,16,15,6,40
1282,16,15,7,40
1283,16,15,8,40
1284,16,15,9,40
1285,16,15,10,40
1286,16,15,11,40
1287,17,3,3,40
1288,17,3,4,7
1289,17,3,5,4
1290,17,3,6,3
1291,17,3,7,2
1292,17,3,8,2
1293,17,3,9,2
1294,17,3,10,1
1295,17,3,11,1
1296,17,4,3,40
1297,17,4,4,40
1298,17,4,5,7
1299,17,4,6,4
1300,17,4,7,3
1301,17,4,8,2
1302,17,4,9,2
1303,17,4,10,2
1304,17,4,11,1
1305,17,5,3,40
1306,17,5,4,40
1307,17,5,5,40
1308,17,5,6,7
1309,17,5,7,4
1310,17,5,8,3
1311,17,5,9,2
1312,17,5,10,2
1313,17,5,11,2
1314,17,6,3,40
1315,17,6,4,40
1316,17,6,5,40
1317,17,6,6,40
1318,17,6,7,7
1319,17,6,8,4
1320,17,6,9,3
1321,17,6,10,2
1322,17,6,11,2
1323,17,7,3,40
1324,17,7,4,40
1325,17,7,5,40
1326,17,7,6,40
1327,17,7,7,40
1328,17,7,8,7
1329,17,7,9,4
1330,17,7,10,3
1331,17,7,11,2
1332,17,8,3,40
1333,17,8,4,40
1334,17,8,5,40
1335,17,8,6,40
1336,17,8,7,40
1337,17,8,8,40
1338,17,8,9,7
1339,17,8,10,4
1340,17,8,11,3
1341,17,9,3,40
1342,17,9,4,40
1343,17,9,5,40
1344,17,9,6,40
1345,17,9,7,40
1346,17,9,8,40
1347,17,9,9,40
1348,17,9,10,7
1349,17,9,11,4
1350,17,10,3,40
1351,17,10,4,40
1352,17,10,5,40
1353,17,10,6,40
1354,17,10,7,40
1355,17,10,8,40
1356,17,10,9,40
1357,17,10,10,40
1358,17,10,11,7
1359,17,11,3,40
1360,17,11,4,40
1361,17,11,5,40
1362,17,11,6,40
1363,17,11,7,40
1364,17,11,8,40
1365,17,11,9,40
1366,17,11,10,40
1367,17,11,11,40
1368,17,12,3,40
1369,17,12,4,40
1370,17,12,5,40
1371,17,12,6,40
1372,17,12,7,40
1373,17,12,8,40
1374,17,12,9,40
1375,17,12,10,40
1376,17,12,11,40
1377,17,13,3,40
1378,17,13,4,40
1379,17,13,5,40
1380,17,13,6,40
1381,17,13,7,40
1382,17,13,8,40
1383,17,13,9,40
1384,17,13,10,40
1385,17,13,11,40
1386,17,14,3,40
1387,17,14,4,40
1388,17,14,5,40
1389,17,14,6,40
1390,17,14,7,40
1391,17,14,8,40
1392,17,14,9,40
1393,17,14,10,40
1394,17,14,11,40
1395,17,15,3,40
1396,17,15,4,40
1397,17,15,5,40
1398,17,15,6,40
1399,17,15,7,40
1400,17,15,8,40
1401,17,15,9,40
1402,17,15,10,40
1403,17,15,11,40
1404,18,3,3,40
1405,18,3,4,8
1406,18,3,5,4
1407,18,3,6,3
1408,18,3,7,2
1409,18,3,8,2
1410,18,3,9,2
1411,18,3,10,2
1412,18,3,11,1
1413,18,4,3,40
1414,18,4,4,40
1415,18,4,5,8
1416,18,4,6,4
1417,18,4,7,3
1418,18,4,8,2
1419,18,4,9,2
1420,18,4,10,2
1421,18,4,11,2
1422,18,5,3,40
1423,18,5,4,40
1424,18,5,5,40
1425,18,5,6,8
1426,18,5,7,4
1427,18,5,8,3
1428,18,5,9,2
1429,18,5,10,2
1430,18,5,11,2
1431,18,6,3,40
1432,18,6,4,40
1433,18,6,5,40
1434,18,6,6,40
1435,18,6,7,8
1436,18,6,8,4
1437,18,6,9,3
1438,18,6,10,2
1439,18,6,11,2
1440,18,7,3,40
1441,18,7,4,40
1442,18,7,5,40
1443,18,7,6,40
1444,18,7,7,40
1445,18,7,8,8
1446,18,7,9,4
1447,18,7,10,3
1448,18,7,11,2
1449,18,8,3,40
1450,18,8,4,40
1451,18,8,5,40
1452,18,8,6,40
1453,18,8,7,40
1454,18,8,8,40
1455,18,8,9,8
1456,18,8,10,4
1457,18,8,11,3
1458,18,9,3,40
1459,18,9,4,40
1460,18,9,5,40
1461,18,9,6,40
1462,18,9,7,40
1463,18,9,8,40
1464,18,9,9,40
1465,18,9,10,8
1466,18,9,11,4
1467,18,10,3,40
1468,18,10,4,40
1469,18,10,5,40
1470,18,10,6,40
1471,18,10,7,40
1472,18,10,8,40
1473,18,10,9,40
1474,18,10,10,40
1475,18,10,11,8
1476,18,11,3,40
1477,18,11,4,40
1478,18,11,5,40
1479,18,11,6,40
1480,18,11,7,40
1481,18,11,8,40
1482,18,11,9,40
1483,18,11,10,40
1484,18,11,11,40
1485,18,12,3,40
1486,18,12,4,40
1487,18,12,5,40
1488,18,12,6,40
1489,18,12,7,40
1490,18,12,8,40
1491,18,12,9,40
1492,18,12,10,40
1493,18,12,11,40
1494,18,13,3,40
1495,18,13,4,40
1496,18,13,5,40
1497,18,13,6,40
1498,18,13,7,40
1499,18,13,8,40
1500,18,13,9,40
1501,18,13,10,40
1502,18,13,11,40
1503,18,14,3,40
1504,18,14,4,40
1505,18,14,5,40
1506,18,14,6,40
1507,18,14,7,40
1508,18,14,8,40
1509,18,14,9,40
1510,18,14,10,40
1511,18,14,11,40
1512,18,15,3,40
1513,18,15,4,40
1514,18,15,5,40
1515,18,15,6,40
1516,18,15,7,40
1517,18,15,8,40
1518,18,15,9,40
1519,18,15,10,40
1520,18,15,11,40
1521,19,3,3,40
1522,19,3,4,9
1523,19,3,5,5
1524,19,3,6,3
1525,19,3,7,3
1526,19,3,8,2
1527,19,3,9,2
1528,19,3,10,2
1529,19,3,11,2
1530,19,4,3,40
1531,19,4,4,40
1532,19,4,5,9
1533,19,4,6,5
1534,19,4,7,3
1535,19,4,8,3
1536,19,4,9,2
1537,19,4,10,2
1538,19,4,11,2
1539,19,5,3,40
1540,19,5,4,40
1541,19,5,5,40
1542,19,5,6,9
1543,19,5,7,5
1544,19,5,8,3
1545,19,5,9,3
1546,19,5,10,2
1547,19,5,11,2
1548,19,6,3,40
1549,19,6,4,40
1550,19,6,5,40
1551,19,6,6,40
1552,19,6,7,9
1553,19,6,8,5
1554,19,6,9,3
1555,19,6,10,3
1556,19,6,11,2
1557,19,7,3,40
1558,19,7,4,40
1559,19,7,5,40
1560,19,7,6,40
1561,19,7,7,40
1562,19,7,8,9
1563,19,7,9,5
1564,19,7,10,3
1565,19,7,11,3
1566,19,8,3,40
1567,19,8,4,40
1568,19,8,5,40
1569,19,8,6,40
1570,19,8,7,40
1571,19,8,8,40
1572,19,8,9,9
1573,19,8,10,5
1574,19,8,11,3
1575,19,9,3,40
1576,19,9,4,40
1577,19,9,5,40
1578,19,9,6,40
1579,19,9,7,40
1580,19,9,8,40
1581,19,9,9,40
1582,19,9,10,9
1583,19,9,11,5
1584,19,10,3,40
1585,19,10,4,40
1586,19,10,5,40
1587,19,10,6,40
1588,19,10,7,40
1589,19,10,8,40
1590,19,10,9,40
1591,19,10,10,40
1592,19,10,11,9
1593,19,11,3,40
1594,19,11,4,40
1595,19,11,5,40
1596,19,11,6,40
1597,19,11,7,40
1598,19,11,8,40
1599,19,11,9,40
1600,19,11,10,40
1601,19,11,11,40
1602,19,12,3,40
1603,19,12,4,40
1604,19,12,5,40
1605,19,12,6,40
1606,19,12,7,40
1607,19,12,8,40
1608,19,12,9,40
1609,19,12,10,40
1610,19,12,11,40
1611,19,13,3,40
1612,19,13,4,40
1613,19,13,5,40
1614,19,13,6,40
1615,19,13,7,40
1616,19,13,8,40
1617,19,13,9,40
1618,19,13,10,40
1619,19,13,11,40
1620,19,14,3,40
1621,19,14,4,40
1622,19,14,5,40
1623,19,14,6,40
1624,19,14,7,40
1625,19,14,8,40
1626,19,14,9,40
1627,19,14,10,40
1628,19,14,11,40
1629,19,15,3,40
1630,19,15,4,40
1631,19,15,5,40
1632,19,15,6,40
1633,19,15,7,40
1634,19,15,8,40
1635,19,15,9,40
1636,19,15,10,40
1637,19,15,11,40
1638,20,3,3,40
1639,20,3,4,9
1640,20,3,5,5
1641,20,3,6,4
1642,20,3,7,3
1643,20,3,8,2
1644,20,3,9,2
1645,20,3,10,2
1646,20,3,11,2
1647,20,4,3,40
1648,20,4,4,40
1649,20,4,5,9
1650,20,4,6,5
1651,20,4,7,4
1652,20,4,8,3
1653,20,4,9,2
1654,20,4,10,2
1655,20,4,11,2
1656,20,5,3,40
1657,20,5,4,40
1658,20,5,5,40
1659,20,5,6,9
1660,20,5,7,5
1661,20,5,8,4
1662,20,5,9,3
1663,20,5,10,2
1664,20,5,11,2
1665,20,6,3,40
1666,20,6,4,40
1667,20,6,5,40
1668,20,6,6,40
1669,20,6,7,9
1670,20,6,8,5
1671,20,6,9,4
1672,20,6,10,3
1673,20,6,11,2
1674,20,7,3,40
1675,20,7,4,40
1676,20,7,5,40
1677,20,7,6,40
1678,20,7,7,40
1679,20,7,8,9
1680,20,7,9,5
1681,20,7,10,4
1682,20,7,11,3
1683,20,8,3,40
1684,20,8,4,40
1685,20,8,5,40
1686,20,8,6,40
1687,20,8,7,40
1688,20,8,8,40
1689,20,8,9,9
1690,20,8,10,5
1691,20,8,11,4
1692,20,9,3,40
1693,20,9,4,40
1694,20,9,5,40
1695,20,9,6,40
1696,20,9,7,40
1697,20,9,8,40
1698,20,9,9,40
1699,20,9,10,9
1700,20,9,11,5
1701,20,10,3,40
1702,20,10,4,40
1703,20,10,5,40
1704,20,10,6,40
1705,20,10,7,40
1706,20,10,8,40
1707,20,10,9,40
1708,20,10,10,40
1709,20,10,11,9
1710,20,11,3,40
1711,20,11,4,40
1712,20,11,5,40
1713,20,11,6,40
1714,20,11,7,40
1715,20,11,8,40
1716,20,11,9,40
1717,20,11,10,40
1718,20,11,11,40
1719,20,12,3,40
1720,20,12,4,40
1721,20,12,5,40
1722,20,12,6,40
1723,20,12,7,40
1724,20,12,8,40
1725,20,12,9,40
1726,20,12,10,40
1727,20,12,11,40
1728,20,13,3,40
1729,20,13,4,40
1730,20,13,5,40
1731,20,13,6,40
1732,20,13,7,40
1733,20,13,8,40
1734,20,13,9,40
1735,20,13,10,40
1736,20,13,11,40
1737,20,14,3,40
1738,20,14,4,40
1739,20,14,5,40
1740,20,14,6,40
1741,20,14,7,40
1742,20,14,8,40
1743,20,14,9,40
1744,20,14,10,40
1745,20,14,11,40
1746,20,15,3,40
1747,20,15,4,40
1748,20,15,5,40
1749,20,15,6,40
1750,20,15,7,40
1751,20,15,8,40
1752,20,15,9,40
1753,20,15,10,40
1754,20,15,11,40
1755,21,3,3,40
1756,21,3,4,10
1757,21,3,5,6
1758,21,3,6,4
1759,21,3,7,3
1760,21,3,8,3
1761,21,3,9,2
1762,21,3,10,2
1763,21,3,11,2
1764,21,4,3,40
1765,21,4,4,40
1766,21,4,5,10
1767,21,4,6,6
1768,21,4,7,4
1769,21,4,8,3
1770,21,4,9,3
1771,21,4,10,2
1772,21,4,11,2
1773,21,5,3,40
1774,21,5,4,40
1775,21,5,5,40
1776,21,5,6,10
1777,21,5,7,6
1778,21,5,8,4
1779,21,5,9,3
1780,21,5,10,3
1781,21,5,11,2
1782,21,6,3,40
1783,21,6,4,40
1784,21,6,5,40
1785,21,6,6,40
1786,21,6,7,10
1787,21,6,8,6
1788,21,6,9,4
1789,21,6,10,3
1790,21,6,11,3
1791,21,7,3,40
1792,21,7,4,40
1793,21,7,5,40
1794,21,7,6,40
1795,21,7,7,40
1796,21,7,8,10
1797,21,7,9,6
1798,21,7,10,4
1799,21,7,11,3
1800,21,8,3,40
1801,21,8,4,40
1802,21,8,5,40
1803,21,8,6,40
1804,21,8,7,40
1805,21,8,8,40
1806,21,8,9,10
1807,21,8,10,6
1808,21,8,11,4
1809,21,9,3,40
1810,21,9,4,40
1811,21,9,5,40
1812,21,9,6,40
1813,21,9,7,40
1814,21,9,8,40
1815,21,9,9,40
1816,21,9,10,10
1817,21,9,11,6
1818,21,10,3,40
1819,21,10,4,40
1820,21,10,5,40
1821,21,10,6,40
1822,21,10,7,40
1823,21,10,8,40
1824,21,10,9,40
1825,21,10,10,40
1826,21,10,11,10
1827,21,11,3,40
1828,21,11,4,40
1829,21,11,5,40
1830,21,11,6,40
1831,21,11,7,40
1832,21,11,8,40
1833,21,11,9,40
1834,21,11,10,40
1835,21,11,11,40
1836,21,12,3,40
1837,21,12,4,40
1838,21,12,5,40
1839,21,12,6,40
1840,21,12,7,40
1841,21,12,8,40
1842,21,12,9,40
1843,21,12,10,40
1844,21,12,11,40
1845,21,13,3,40
1846,21,13,4,40
1847,21,13,5,40
1848,21,13,6,40
1849,21,13,7,40
1850,21,13,8,40
1851,21,13,9,40
1852,21,13,10,40
1853,21,13,11,40
1854,21,14,3,40
1855,21,14,4,40
1856,21,14,5,40
1857,21,14,6,40
1858,21,14,7,40
1859,21,14,8,40
1860,21,14,9,40
1861,21,14,10,40
1862,21,14,11,40
1863,21,15,3,40
1864,21,15,4,40
1865,21,15,5,40
1866,21,15,6,40
1867,21,15,7,40
1868,21,15,8,40
1869,21,15,9,40
1870,21,15,10,40
1871,21,15,11,40
1872,22,3,3,40
1873,22,3,4,11
1874,22,3,5,6
1875,22,3,6,4
1876,22,3,7,3
1877,22,3,8,3
1878,22,3,9,2
1879,22,3,10,2
1880,22,3,11,2
1881,22,4,3,40
1882,22,4,4,40
1883,22,4,5,11
1884,22,4,6,6
1885,22,4,7,4
1886,22,4,8,3
1887,22,4,9,3
1888,22,4,10,2
1889,22,4,11,2
1890,22,5,3,40
1891,22,5,4,40
1892,22,5,5,40
1893,22,5,6,11
1894,22,5,7,6
1895,22,5,8,4
1896,22,5,9,3
1897,22,5,10,3
1898,22,5,11,2
1899,22,6,3,40
1900,22,6,4,40
1901,22,6,5,40
1902,22,6,6,40
1903,22,6,7,11
1904,22,6,8,6
1905,22,6,9,4
1906,22,6,10,3
1907,22,6,11,3
1908,22,7,3,40
1909,22,7,4,40
1910,22,7,5,40
1911,22,7,6,40
1912,22,7,7,40
1913,22,7,8,11
1914,22,7,9,6
1915,22,7,10,4
1916,22,7,11,3
1917,22,8,3,40
1918,22,8,4,40
1919,22,8,5,40
1920,22,8,6,40
1921,22,8,7,40
1922,22,8,8,40
1923,22,8,9,11
1924,22,8,10,6
1925,22,8,11,4
1926,22,9,3,40
1927,22,9,4,40
1928,22,9,5,40
1929,22,9,6,40
1930,22,9,7,40
1931,22,9,8,40
1932,22,9,9,40
1933,22,9,10,11
1934,22,9,11,6
1935,22,10,3,40
1936,22,10,4,40
1937,22,10,5,40
1938,22,10,6,40
1939,22,10,7,40
1940,22,10,8,40
1941,22,10,9,40
1942,22,10,10,40
1943,22,10,11,11
1944,22,11,3,40
1945,22,11,4,40
1946,22,11,5,40
1947,22,11,6,40
1948,22,11,7,40
1949,22,11,8,40
1950,22,11,9,40
1951,22,11,10,40
1952,22,11,11,40
1953,22,12,3,40
1954,22,12,4,40
1955,22,12,5,40
1956,22,12,6,40
1957,22,12,7,40
1958,22,12,8,40
1959,22,12,9,40
1960,22,12,10,40
1961,22,12,11,40
1962,22,13,3,40
1963,22,13,4,40
1964,22,13,5,40
1965,22,13,6,40
1966,22,13,7,40
1967,22,13,8,40
1968,22,13,9,40
1969,22,13,10,40
1970,22,13,11,40
1971,22,14,3,40
1972,22,14,4,40
1973,22,14,5,40
1974,22,14,6,40
1975,22,14,7,40
1976,22,14,8,40
1977,22,14,9,40
1978,22,14,10,40
1979,22,14,11,40
1980,22,15,3,40
1981,22,15,4,40
1982,22,15,5,40
1983,22,15,6,40
1984,22,15,7,40
1985,22,15,8,40
1986,22,15,9,40
1987,22,15,10,40
1988,22,15,11,40
1989,23,3,3,40
1990,23,3,4,12
1991,23,3,5,6
1992,23,3,6,5
1993,23,3,7,4
1994,23,3,8,3
1995,23,3,9,3
1996,23,3,10,2
1997,23,3,11,2
1998,23,4,3,40
1999,23,4,4,40
2000,23,4,5,12
2001,23,4,6,6
2002,23,4,7,5
2003,23,4,8,4
2004,23,4,9,3
2005,23,4,10,3
2006,23,4,11,2
2007,23,5,3,40
2008,23,5,4,40
2009,23,5,5,40
2010,23,5,6,12
2011,23,5,7,6
2012,23,5,8,5
2013,23,5,9,4
2014,23,5,10,3
2015,23,5,11,3
2016,23,6,3,40
2017,23,6,4,40
2018,23,6,5,40
2019,23,6,6,40
2020,23,6,7,12
2021,23,6,8,6
2022,23,6,9,5
2023,23,6,10,4
2024,23,6,11,3
2025,23,7,3,40
2026,23,7,4,40
2027,23,7,5,40
2028,23,7,6,40
2029,23,7,7,40
2030,23,7,8,12
2031,23,7,9,6
2032,23,7,10,5
2033,23,7,11,4
2034,23,8,3,40
2035,23,8,4,40
2036,23,8,5,40
2037,23,8,6,40
2038,23,8,7,40
2039,23,8,8,40
2040,23,8,9,12
2041,23,8,10,6
2042,23,8,11,5
2043,23,9,3,40
2044,23,9,4,40
2045,23,9,5,40
2046,23,9,6,40
2047,23,9,7,40
2048,23,9,8,40
2049,23,9,9,40
2050,23,9,10,12
2051,23,9,11,6
2052,23,10,3,40
2053,23,10,4,40
2054,23,10,5,40
2055,23,10,6,40
2056,23,10,7,40
2057,23,10,8,40
2058,23,10,9,40
2059,23,10,10,40
2060,23,10,11,12
2061,23,11,3,40
2062,23,11,4,40
2063,23,11,5,40
2064,23,11,6,40
2065,23,11,7,40
2066,23,11,8,40
2067,23,11,9,40
2068,23,11,10,40
2069,23,11,11,40
2070,23,12,3,40
2071,23,12,4,40
2072,23,12,5,40
2073,23,12,6,40
2074,23,12,7,40
2075,23,12,8,40
2076,23,12,9,40
2077,23,12,10,40
2078,23,12,11,40
2079,23,13,3,40
2080,23,13,4,40
2081,23,13,5,40
2082,23,13,6,40
2083,23,13,7,40
2084,23,13,8,40
2085,23,13,9,40
2086,23,13,10,40
2087,23,13,11,40
2088,23,14,3,40
2089,23,14,4,40
2090,23,14,5,40
2091,23,14,6,40
2092,23,14,7,40
2093,23,14,8,40
2094,23,14,9,40
2095,23,14,10,40
2096,23,14,11,40
2097,23,15,3,40
2098,23,15,4,40
2099,23,15,5,40
2100,23,15,6,40
2101,23,15,7,40
2102,23,15,8,40
2103,23,15,9,40
2104,23,15,10,40
2105,23,15,11,40
2106,24,3,3,40
2107,24,3,4,12
2108,24,3,5,7
2109,24,3,6,5
2110,24,3,7,4
2111,24,3,8,3
2112,24,3,9,3
2113,24,3,10,2
2114,24,3,11,2
2115,24,4,3,40
2116,24,4,4,40
2117,24,4,5,12
2118,24,4,6,7
2119,24,4,7,5
2120,24,4,8,4
2121,24,4,9,3
2122,24,4,10,3
2123,24,4,11,2
2124,24,5,3,40
2125,24,5,4,40
2126,24,5,5,40
2127,24,5,6,12
2128,24,5,7,7
2129,24,5,8,5
2130,24,5,9,4
2131,24,5,10,3
2132,24,5,11,3
2133,24,6,3,40
2134,24,6,4,40
2135,24,6,5,40
2136,24,6,6,40
2137,24,6,7,12
2138,24,6,8,7
2139,24,6,9,5
2140,24,6,10,4
2141,24,6,11,3
2142,24,7,3,40
2143,24,7,4,40
2144,24,7,5,40
2145,24,7,6,40
2146,24,7,7,40
2147,24,7,8,12
2148,24,7,9,7
2149,24,7,10,5
2150,24,7,11,4
2151,24,8,3,40
2152,24,8,4,40
2153,24,8,5,40
2154,24,8,6,40
2155,24,8,7,40
2156,24,8,8,40
2157,24,8,9,12
2158,24,8,10,7
2159,24,8,11,5
2160,24,9,3,40
2161,24,9,4,40
2162,24,9,5,40
2163,24,9,6,40
2164,24,9,7,40
2165,24,9,8,40
2166,24,9,9,40
2167,24,9,10,12
2168,24,9,11,7
2169,24,10,3,40
2170,24,10,4,40
2171,24,10,5,40
2172,24,10,6,40
2173,24,10,7,40
2174,24,10,8,40
2175,24,10,9,40
2176,24,10,10,40
2177,24,10,11,12
2178,24,11,3,40
2179,24,11,4,40
2180,24,11,5,40
2181,24,11,6,40
2182,24,11,7,40
2183,24,11,8,40
2184,24,11,9,40
2185,24,11,10,40
2186,24,11,11,40
2187,24,12,3,40
2188,24,12,4,40
2189,24,12,5,40
2190,24,12,6,40
2191,24,12,7,40
2192,24,12,8,40
2193,24,12,9,40
2194,24,12,10,40
2195,24,12,11,40
2196,24,13,3,40
2197,24,13,4,40
2198,24,13,5,40
2199,24,13,6,40
2200,24,13,7,40
2201,24,13,8,40
2202,24,13,9,40
2203,24,13,10,40
2204,24,13,11,40
2205,24,14,3,40
2206,24,14,4,40
2207,24,14,5,40
2208,24,14,6,40
2209,24,14,7,40
2210,24,14,8,40
2211,24,14,9,40
2212,24,14,10,40
2213,24,14,11,40
2214,24,15,3,40
2215,24,15,4,40
2216,24,15,5,40
2217,24,15,6,40
2218,24,15,7,40
2219,24,15,8,40
2220,24,15,9,40
2221,24,15,10,40
2222,24,15,11,40
2223,25,3,3,40
2224,25,3,4,13
2225,25,3,5,7
2226,25,3,6,5
2227,25,3,7,4
2228,25,3,8,3
2229,25,3,9,3
2230,25,3,10,3
2231,25,3,11,2
2232,25,4,3,40
2233,25,4,4,40
2234,25,4,5,13
2235,25,4,6,7
2236,25,4,7,5
2237,25,4,8,4
2238,25,4,9,3
2239,25,4,10,3
2240,25,4,11,3
2241,25,5,3,40
2242,25,5,4,40
2243,25,5,5,40
2244,25,5,6,13
2245,25,5,7,7
2246,25,5,8,5
2247,25,5,9,4
2248,25,5,10,3
2249,25,5,11,3
2250,25,6,3,40
2251,25,6,4,40
2252,25,6,5,40
2253,25,6,6,40
2254,25,6,7,13
2255,25,6,8,7
2256,25,6,9,5
2257,25,6,10,4
2258,25,6,11,3
2259,25,7,3,40
2260,25,7,4,40
2261,25,7,5,40
2262,25,7,6,40
2263,25,7,7,40
2264,25,7,8,13
2265,25,7,9,7
2266,25,7,10,5
2267,25,7,11,4
2268,25,8,3,40
2269,25,8,4,40
2270,25,8,5,40
2271,25,8,6,40
2272,25,8,7,40
2273,25,8,8,40
2274,25,8,9,13
2275,25,8,10,7
2276,25,8,11,5
2277,25,9,3,40
2278,25,9,4,40
2279,25,9,5,40
2280,25,9,6,40
2281,25,9,7,40
2282,25,9,8,40
2283,25,9,9,40
2284,25,9,10,13
2285,25,9,11,7
2286,25,10,3,40
2287,25,10,4,40
2288,25,10,5,40
2289,25,10,6,40
2290,25,10,7,40
2291,25,10,8,40
2292,25,10,9,40
2293,25,10,10,40
2294,25,10,11,13
2295,25,11,3,40
2296,25,11,4,40
2297,25,11,5,40
2298,25,11,6,40
2299,25,11,7,40
2300,25,11,8,40
2301,25,11,9,40
2302,25,11,10,40
2303,25,11,11,40
2304,25,12,3,40
2305,25,12,4,40
2306,25,12,5,40
2307,25,12,6,40
2308,25,12,7,40
2309,25,12,8,40
2310,25,12,9,40
2311,25,12,10,40
2312,25,12,11,40
2313,25,13,3,40
2314,25,13,4,40
2315,25,13,5,40
2316,25,13,6,40
2317,25,13,7,40
2318,25,13,8,40
2319,25,13,9,40
2320,25,13,10,40
2321,25,13,11,40
2322,25,14,3,40
2323,25,14,4,40
2324,25,14,5,40
2325,25,14,6,40
2326,25,14,7,40
2327,25,14,8,40
2328,25,14,9,40
2329,25,14,10,40
2330,25,14,11,40
2331,25,15,3,40
2332,25,15,4,40
2333,25,15,5,40
2334,25,15,6,40
2335,25,15,7,40
2336,25,15,8,40
2337,25,15,9,40
2338,25,15,10,40
2339,25,15,11,40
2340,26,3,3,40
2341,26,3,4,14
2342,26,3,5,8
2343,26,3,6,5
2344,26,3,7,4
2345,26,3,8,4
2346,26,3,9,3
2347,26,3,10,3
2348,26,3,11,2
2349,26,4,3,40
2350,26,4,4,40
2351,26,4,5,14
2352,26,4,6,8
2353,26,4,7,5
2354,26,4,8,4
2355,26,4,9,4
2356,26,4,10,3
2357,26,4,11,3
2358,26,5,3,40
2359,26,5,4,40
2360,26,5,5,40
2361,26,5,6,14
2362,26,5,7,8
2363,26,5,8,5
2364,26,5,9,4
2365,26,5,10,4
2366,26,5,11,3
2367,26,6,3,40
2368,26,6,4,40
2369,26,6,5,40
2370,26,6,6,40
2371,26,6,7,14
2372,26,6,8,8
2373,26,6,9,5
2374,26,6,10,4
2375,26,6,11,4
2376,26,7,3,40
2377,26,7,4,40
2378,26,7,5,40
2379,26,7,6,40
2380,26,7,7,40
2381,26,7,8,14
2382,26,7,9,8
2383,26,7,10,5
2384,26,7,11,4
2385,26,8,3,40
2386,26,8,4,40
2387,26,8,5,40
2388,26,8,6,40
2389,26,8,7,40
2390,26,8,8,40
2391,26,8,9,14
2392,26,8,10,8
2393,26,8,11,5
2394,26,9,3,40
2395,26,9,4,40
2396,26,9,5,40
2397,26,9,6,40
2398,26,9,7,40
2399,26,9,8,40
2400,26,9,9,40
2401,26,9,10,14
2402,26,9,11,8
2403,26,10,3,40
2404,26,10,4,40
2405,26,10,5,40
2406,26,10,6,40
2407,26,10,7,40
2408,26,10,8,40
2409,26,10,9,40
2410,26,10,10,40
2411,26,10,11,14
2412,26,11,3,40
2413,26,11,4,40
2414,26,11,5,40
2415,26,11,6,40
2416,26,11,7,40
2417,26,11,8,40
2418,26,11,9,40
2419,26,11,10,40
2420,26,11,11,40
2421,26,12,3,40
2422,26,12,4,40
2423,26,12,5,40
2424,26,12,6,40
2425,26,12,7,40
2426,26,12,8,40
2427,26,12,9,40
2428,26,12,10,40
2429,26,12,11,40
2430,26,13,3,40
2431,26,13,4,40
2432,26,13,5,40
2433,26,13,6,40
2434,26,13,7,40
2435,26,13,8,40
2436,26,13,9,40
2437,26,13,10,40
2438,26,13,11,40
2439,26,14,3,40
2440,26,14,4,40
2441,26,14,5,40
2442,26,14,6,40
2443,26,14,7,40
2444,26,14,8,40
2445,26,14,9,40
2446,26,14,10,40
2447,26,14,11,40
2448,26,15,3,40
2449,26,15,4,40
2450,26,15,5,40
2451,26,15,6,40
2452,26,15,7,40
2453,26,15,8,40
2454,26,15,9,40
2455,26,15,10,40
2456,26,15,11,40
2457,27,3,3,40
2458,27,3,4,15
2459,27,3,5,8
2460,27,3,6,6
2461,27,3,7,5
2462,27,3,8,4
2463,27,3,9,3
2464,27,3,10,3
2465,27,3,11,3
2466,27,4,3,40
2467,27,4,4,40
2468,27,4,5,15
2469,27,4,6,8
2470,27,4,7,6
2471,27,4,8,5
2472,27,4,9,4
2473,27,4,10,3
2474,27,4,11,3
2475,27,5,3,40
2476,27,5,4,40
2477,27,5,5,40
2478,27,5,6,15
2479,27,5,7,8
2480,27,5,8,6
2481,27,5,9,5
2482,27,5,10,4
2483,27,5,11,3
2484,27,6,3,40
2485,27,6,4,40
2486,27,6,5,40
2487,27,6,6,40
2488,27,6,7,15
2489,27,6,8,8
2490,27,6,9,6
2491,27,6,10,5
2492,27,6,11,4
2493,27,7,3,40
2494,27,7,4,40
2495,27,7,5,40
2496,27,7,6,40
2497,27,7,7,40
2498,27,7,8,15
2499,27,7,9,8
2500,27,7,10,6
2501,27,7,11,5
2502,27,8,3,40
2503,27,8,4,40
2504,27,8,5,40
2505,27,8,6,40
2506,27,8,7,40
2507,27,8,8,40
2508,27,8,9,15
2509,27,8,10,8
2510,27,8,11,6
2511,27,9,3,40
2512,27,9,4,40
2513,27,9,5,40
2514,27,9,6,40
2515,27,9,7,40
2516,27,9,8,40
2517,27,9,9,40
2518,27,9,10,15
2519,27,9,11,8
2520,27,10,3,40
2521,27,10,4,40
2522,27,10,5,40
2523,27,10,6,40
2524,27,10,7,40
2525,27,10,8,40
2526,27,10,9,40
2527,27,10,10,40
2528,27,10,11,15
2529,27,11,3,40
2530,27,11,4,40
2531,27,11,5,40
2532,27,11,6,40
2533,27,11,7,40
2534,27,11,8,40
2535,27,11,9,40
2536,27,11,10,40
2537,27,11,11,40
2538,27,12,3,40
2539,27,12,4,40
2540,27,12,5,40
2541,27,12,6,40
2542,27,12,7,40
2543,27,12,8,40
2544,27,12,9,40
2545,27,12,10,40
2546,27,12,11,40
2547,27,13,3,40
2548,27,13,4,40
2549,27,13,5,40
2550,27,13,6,40
2551,27,13,7,40
2552,27,13,8,40
2553,27,13,9,40
2554,27,13,10,40
2555,27,13,11,40
2556,27,14,3,40
2557,27,14,4,40
2558,27,14,5,40
2559,27,14,6,40
2560,27,14,7,40
2561,27,14,8,40
2562,27,14,9,40
2563,27,14,10,40
2564,27,14,11,40
2565,27,15,3,40
2566,27,15,4,40
2567,27,15,5,40
2568,27,15,6,40
2569,27,15,7,40
2570,27,15,8,40
2571,27,15,9,40
2572,27,15,10,40
2573,27,15,11,40
2574,28,3,3,40
2575,28,3,4,15
2576,28,3,5,9
2577,28,3,6,6
2578,28,3,7,5
2579,28,3,8,4
2580,28,3,9,3
2581,28,3,10,3
2582,28,3,11,3
2583,28,4,3,40
2584,28,4,4,40
2585,28,4,5,15
2586,28,4,6,9
2587,28,4,7,6
2588,28,4,8,5
2589,28,4,9,4
2590,28,4,10,3
2591,28,4,11,3
2592,28,5,3,40
2593,28,5,4,40
2594,28,5,5,40
2595,28,5,6,15
2596,28,5,7,9
2597,28,5,8,6
2598,28,5,9,5
2599,28,5,10,4
2600,28,5,11,3
2601,28,6,3,40
2602,28,6,4,40
2603,28,6,5,40
2604,28,6,6,40
2605,28,6,7,15
2606,28,6,8,9
2607,28,6,9,6
2608,28,6,10,5
2609,28,6,11,4
2610,28,7,3,40
2611,28,7,4,40
2612,28,7,5,40
2613,28,7,6,40
2614,28,7,7,40
2615,28,7,8,15
2616,28,7,9,9
2617,28,7,10,6
2618,28,7,11,5
2619,28,8,3,40
2620,28,8,4,40
2621,28,8,5,40
2622,28,8,6,40
2623,28,8,7,40
2624,28,8,8,40
2625,28,8,9,15
2626,28,8,10,9
2627,28,8,11,6
2628,28,9,3,40
2629,28,9,4,40
2630,28,9,5,40
2631,28,9,6,40
2632,28,9,7,40
2633,28,9,8,40
2634,28,9,9,40
2635,28,9,10,15
2636,28,9,11,9
2637,28,10,3,40
2638,28,10,4,40
2639,28,10,5,40
2640,28,10,6,40
2641,28,10,7,40
2642,28,10,8,40
2643,28,10,9,40
2644,28,10,10,40
2645,28,10,11,15
2646,28,11,3,40
2647,28,11,4,40
2648,28,11,5,40
2649,28,11,6,40
2650,28,11,7,40
2651,28,11,8,40
2652,28,11,9,40
2653,28,11,10,40
2654,28,11,11,40
2655,28,12,3,40
2656,28,12,4,40
2657,28,12,5,40
2658,28,12,6,40
2659,28,12,7,40
2660,28,12,8,40
2661,28,12,9,40
2662,28,12,10,40
2663,28,12,11,40
2664,28,13,3,40
2665,28,13,4,40
2666,28,13,5,40
2667,28,13,6,40
2668,28,13,7,40
2669,28,13,8,40
2670,28,13,9,40
2671,28,13,10,40
2672,28,13,11,40
2673,28,14,3,40
2674,28,14,4,40
2675,28,14,5,40
2676,28,14,6,40
2677,28,14,7,40
2678,28,14,8,40
2679,28,14,9,40
2680,28,14,10,40
2681,28,14,11,40
2682,28,15,3,40
2683,28,15,4,40
2684,28,15,5,40
2685,28,15,6,40
2686,28,15,7,40
2687,28,15,8,40
2688,28,15,9,40
2689,28,15,10,40
2690,28,15,11,40
2691,29,3,3,40
2692,29,3,4,16
2693,29,3,5,9
2694,29,3,6,6
2695,29,3,7,5
2696,29,3,8,4
2697,29,3,9,4
2698,29,3,10,3
2699,29,3,11,3
2700,29,4,3,40
2701,29,4,4,40
2702,29,4,5,16
2703,29,4,6,9
2704,29,4,7,6
2705,29,4,8,5
2706,29,4,9,4
2707,29,4,10,4
2708,29,4,11,3
2709,29,5,3,40
2710,29,5,4,40
2711,29,5,5,40
2712,29,5,6,16
2713,29,5,7,9
2714,29,5,8,6
2715,29,5,9,5
2716,29,5,10,4
2717,29,5,11,4
2718,29,6,3,40
2719,29,6,4,40
2720,29,6,5,40
2721,29,6,6,40
2722,29,6,7,16
2723,29,6,8,9
2724,29,6,9,6
2725,29,6,10,5
2726,29,6,11,4
2727,29,7,3,40
2728,29,7,4,40
2729,29,7,5,40
2730,29,7,6,40
2731,29,7,7,40
2732,29,7,8,16
2733,29,7,9,9
2734,29,7,10,6
2735,29,7,11,5
2736,29,8,3,40
2737,29,8,4,40
2738,29,8,5,40
2739,29,8,6,40
2740,29,8,7,40
2741,29,8,8,40
2742,29,8,9,16
2743,29,8,10,9
2744,29,8,11,6
2745,29,9,3,40
2746,29,9,4,40
2747,29,9,5,40
2748,29,9,6,40
2749,29,9,7,40
2750,29,9,8,40
2751,29,9,9,40
2752,29,9,10,16
2753,29,9,11,9
2754,29,10,3,40
2755,29,10,4,40
2756,29,10,5,40
2757,29,10,6,40
2758,29,10,7,40
2759,29,10,8,40
2760,29,10,9,40
2761,29,10,10,40
2762,29,10,11,16
2763,29,11,3,40
2764,29,11,4,40
2765,29,11,5,40
2766,29,11,6,40
2767,29,11,7,40
2768,29,11,8,40
2769,29,11,9,40
2770,29,11,10,40
2771,29,11,11,40
2772,29,12,3,40
2773,29,12,4,40
2774,29,12,5,40
2775,29,12,6,40
2776,29,12,7,40
2777,29,12,8,40
2778,29,12,9,40
2779,29,12,10,40
2780,29,12,11,40
2781,29,13,3,40
2782,29,13,4,40
2783,29,13,5,40
2784,29,13,6,40
2785,29,13,7,40
2786,29,13,8,40
2787,29,13,9,40
2788,29,13,10,40
2789,29,13,11,40
2790,29,14,3,40
2791,29,14,4,40
2792,29,14,5,40
2793,29,14,6,40
2794,29,14,7,40
2795,29,14,8,40
2796,29,14,9,40
2797,29,14,10,40
2798,29,14,11,40
2799,29,15,3,40
2800,29,15,4,40
2801,29,15,5,40
2802,29,15,6,40
2803,29,15,7,40
2804,29,15,8,40
2805,29,15,9,40
2806,29,15,10,40
2807,29,15,11,40
2808,30,3,3,40
2809,30,3,4,17
2810,30,3,5,9
2811,30,3,6,7
2812,30,3,7,5
2813,30,3,8,4
2814,30,3,9,4
2815,30,3,10,3
2816,30,3,11,3
2817,30,4,3,40
2818,30,4,4,40
2819,30,4,5,17
2820,30,4,6,9
2821,30,4,7,7
2822,30,4,8,5
2823,30,4,9,4
2824,30,4,10,4
2825,30,4,11,3
2826,30,5,3,40
2827,30,5,4,40
2828,30,5,5,40
2829,30,5,6,17
2830,30,5,7,9
2831,30,5,8,7
2832,30,5,9,5
2833,30,5,10,4
2834,30,5,11,4
2835,30,6,3,40
2836,30,6,4,40
2837,30,6,5,40
2838,30,6,6,40
2839,30,6,7,17
2840,30,6,8,9
2841,30,6,9,7
2842,30,6,10,5
2843,30,6,11,4
2844,30,7,3,40
2845,30,7,4,40
2846,30,7,5,40
2847,30,7,6,40
2848,30,7,7,40
2849,30,7,8,17
2850,30,7,9,9
2851,30,7,10,7
2852,30,7,11,5
2853,30,8,3,40
2854,30,8,4,40
2855,30,8,5,40
2856,30,8,6,40
2857,30,8,7,40
2858,30,8,8,40
2859,30,8,9,17
2860,30,8,10,9
2861,30,8,11,7
2862,30,9,3,40
2863,30,9,4,40
2864,30,9,5,40
2865,30,9,6,40
2866,30,9,7,40
2867,30,9,8,40
2868,30,9,9,40
2869,30,9,10,17
2870,30,9,11,9
2871,30,10,3,40
2872,30,10,4,40
2873,30,10,5,40
2874,30,10,6,40
2875,30,10,7,40
2876,30,10,8,40
2877,30,10,9,40
2878,30,10,10,40
2879,30,10,11,17
2880,30,11,3,40
2881,30,11,4,40
2882,30,11,5,40
2883,30,11,6,40
2884,30,11,7,40
2885,30,11,8,40
2886,30,11,9,40
2887,30,11,10,40
2888,30,11,11,40
2889,30,12,3,40
2890,30,12,4,40
2891,30,12,5,40
2892,30,12,6,40
2893,30,12,7,40
2894,30,12,8,40
2895,30,12,9,40
2896,30,12,10,40
2897,30,12,11,40
2898,30,13,3,40
2899,30,13,4,40
2900,30,13,5,40
2901,30,13,6,40
2902,30,13,7,40
2903,30,13,8,40
2904,30,13,9,40
2905,30,13,10,40
2906,30,13,11,40
2907,30,14,3,40
2908,30,14,4,40
2909,30,14,5,40
2910,30,14,6,40
2911,30,14,7,40
2912,30,14,8,40
2913,30,14,9,40
2914,30,14,10,40
2915,30,14,11,40
2916,30,15,3,40
2917,30,15,4,40
2918,30,15,5,40
2919,30,15,6,40
2920,30,15,7,40
2921,30,15,8,40
2922,30,15,9,40
2923,30,15,10,40
2924,30,15,11,40
2925,31,3,3,40
2926,31,3,4,17
2927,31,3,5,10
2928,31,3,6,7
2929,31,3,7,5
2930,31,3,8,4
2931,31,3,9,4
2932,31,3,10,3
2933,31,3,11,3
2934,31,4,3,40
2935,31,4,4,40
2936,31,4,5,17
2937,31,4,6,10
2938,31,4,7,7
2939,31,4,8,5
2940,31,4,9,4
2941,31,4,10,4
2942,31,4,11,3
2943,31,5,3,40
2944,31,5,4,40
2945,31,5,5,40
2946,31,5,6,17
2947,31,5,7,10
2948,31,5,8,7
2949,31,5,9,5
2950,31,5,10,4
2951,31,5,11,4
2952,31,6,3,40
2953,31,6,4,40
2954,31,6,5,40
2955,31,6,6,40
2956,31,6,7,17
2957,31,6,8,10
2958,31,6,9,7
2959,31,6,10,5
2960,31,6,11,4
2961,31,7,3,40
2962,31,7,4,40
2963,31,7,5,40
2964,31,7,6,40
2965,31,7,7,40
2966,31,7,8,17
2967,31,7,9,10
2968,31,7,10,7
2969,31,7,11,5
2970,31,8,3,40
2971,31,8,4,40
2972,31,8,5,40
2973,31,8,6,40
2974,31,8,7,40
2975,31,8,8,40
2976,31,8,9,17
2977,31,8,10,10
2978,31,8,11,7
2979,31,9,3,40
2980,31,9,4,40
2981,31,9,5,40
2982,31,9,6,40
2983,31,9,7,40
2984,31,9,8,40
2985,31,9,9,40
2986,31,9,10,17
2987,31,9,11,10
2988,31,10,3,40
2989,31,10,4,40
2990,31,10,5,40
2991,31,10,6,40
2992,31,10,7,40
2993,31,10,8,40
2994,31,10,9,40
2995,31,10,10,40
2996,31,10,11,17
2997,31,11,3,40
2998,31,11,4,40
2999,31,11,5,40
3000,31,11,6,40
3001,31,11,7,40
3002,31,11,8,40
3003,31,11,9,40
3004,31,11,10,40
3005,31,11,11,40
3006,31,12,3,40
3007,31,12,4,40
3008,31,12,5,40
3009,31,12,6,40
3010,31,12,7,40
3011,31,12,8,40
3012,31,12,9,40
3013,31,12,10,40
3014,31,12,11,40
3015,31,13,3,40
3016,31,13,4,40
3017,31,13,5,40
3018,31,13,6,40
3019,31,13,7,40
3020,31,13,8,40
3021,31,13,9,40
3022,31,13,10,40
3023,31,13,11,40
3024,31,14,3,40
3025,31,14,4,40
3026,31,14,5,40
3027,31,14,6,40
3028,31,14,7,40
3029,31,14,8,40
3030,31,14,9,40
3031,31,14,10,40
3032,31,14,11,40
3033,31,15,3,40
3034,31,15,4,40
3035,31,15,5,40
3036,31,15,6,40
3037,31,15,7,40
3038,31,15,8,40
3039,31,15,9,40
3040,31,15,10,40
3041,31,15,11,40
3042,32,3,3,40
3043,32,3,4,18
3044,32,3,5,10
3045,32,3,6,7
3046,32,3,7,6
3047,32,3,8,5
3048,32,3,9,4
3049,32,3,10,4
3050,32,3,11,3
3051,32,4,3,40
3052,32,4,4,40
3053,32,4,5,18
3054,32,4,6,10
3055,32,4,7,7
3056,32,4,8,6
3057,32,4,9,5
3058,32,4,10,4
3059,32,4,11,4
3060,32,5,3,40
3061,32,5,4,40
3062,32,5,5,40
3063,32,5,6,18
3064,32,5,7,10
3065,32,5,8,7
3066,32,5,9,6
3067,32,5,10,5
3068,32,5,11,4
3069,32,6,3,40
3070,32,6,4,40
3071,32,6,5,40
3072,32,6,6,40
3073,32,6,7,18
3074,32,6,8,10
3075,32,6,9,7
3076,32,6,10,6
3077,32,6,11,5
3078,32,7,3,40
3079,32,7,4,40
3080,32,7,5,40
3081,32,7,6,40
3082,32,7,7,40
3083,32,7,8,18
3084,32,7,9,10
3085,32,7,10,7
3086,32,7,11,6
3087,32,8,3,40
3088,32,8,4,40
3089,32,8,5,40
3090,32,8,6,40
3091,32,8,7,40
3092,32,8,8,40
3093,32,8,9,18
3094,32,8,10,10
3095,32,8,11,7
3096,32,9,3,40
3097,32,9,4,40
3098,32,9,5,40
3099,32,9,6,40
3100,32,9,7,40
3101,32,9,8,40
3102,32,9,9,40
3103,32,9,10,18
3104,32,9,11,10
3105,32,10,3,40
3106,32,10,4,40
3107,32,10,5,40
3108,32,10,6,40
3109,32,10,7,40
3110,32,10,8,40
3111,32,10,9,40
3112,32,10,10,40
3113,32,10,11,18
3114,32,11,3,40
3115,32,11,4,40
3116,32,11,5,40
3117,32,11,6,40
3118,32,11,7,40
3119,32,11,8,40
3120,32,11,9,40
3121,32,11,10,40
3122,32,11,11,40
3123,32,12,3,40
3124,32,12,4,40
3125,32,12,5,40
3126,32,12,6,40
3127,32,12,7,40
3128,32,12,8,40
3129,32,12,9,40
3130,32,12,10,40
3131,32,12,11,40
3132,32,13,3,40
3133,32,13,4,40
3134,32,13,5,40
3135,32,13,6,40
3136,32,13,7,40
3137,32,13,8,40
3138,32,13,9,40
3139,32,13,10,40
3140,32,13,11,40
3141,32,14,3,40
3142,32,14,4,40
3143,32,14,5,40
3144,32,14,6,40
3145,32,14,7,40
3146,32,14,8,40
3147,32,14,9,40
3148,32,14,10,40
3149,32,14,11,40
3150,32,15,3,40
3151,32,15,4,40
3152,32,15,5,40
3153,32,15,6,40
3154,32,15,7,40
3155,32,15,8,40
3156,32,15,9,40
3157,32,15,10,40
3158,32,15,11,40
3159,33,3,3,40
3160,33,3,4,18
3161,33,3,5,11
3162,33,3,6,7
3163,33,3,7,6
3164,33,3,8,5
3165,33,3,9,4
3166,33,3,10,4
3167,33,3,11,3
3168,33,4,3,40
3169,33,4,4,40
3170,33,4,5,18
3171,33,4,6,11
3172,33,4,7,7
3173,33,4,8,6
3174,33,4,9,5
3175,33,4,10,4
3176,33,4,11,4
3177,33,5,3,40
3178,33,5,4,40
3179,33,5,5,40
3180,33,5,6,18
3181,33,5,7,11
3182,33,5,8,7
3183,33,5,9,6
3184,33,5,10,5
3185,33,5,11,4
3186,33,6,3,40
3187,33,6,4,40
3188,33,6,5,40
3189,33,6,6,40
3190,33,6,7,18
3191,33,6,8,11
3192,33,6,9,7
3193,33,6,10,6
3194,33,6,11,5
3195,33,7,3,40
3196,33,7,4,40
3197,33,7,5,40
3198,33,7,6,40
3199,33,7,7,40
3200,33,7,8,18
3201,33,7,9,11
3202,33,7,10,7
3203,33,7,11,6
3204,33,8,3,40
3205,33,8,4,40
3206,33,8,5,40
3207,33,8,6,40
3208,33,8,7,40
3209,33,8,8,40
3210,33,8,9,18
3211,33,8,10,11
3212,33,8,11,7
3213,33,9,3,40
3214,33,9,4,40
3215,33,9,5,40
3216,33,9,6,40
3217,33,9,7,40
3218,33,9,8,40
3219,33,9,9,40
3220,33,9,10,19
3221,33,9,11,11
3222,33,10,3,40
3223,33,10,4,40
3224,33,10,5,40
3225,33,10,6,40
3226,33,10,7,40
3227,33,10,8,40
3228,33,10,9,40
3229,33,10,10,40
3230,33,10,11,19
3231,33,11,3,40
3232,33,11,4,40
3233,33,11,5,40
3234,33,11,6,40
3235,33,11,7,40
3236,33,11,8,40
3237,33,11,9,40
3238,33,11,10,40
3239,33,11,11,40
3240,33,12,3,40
3241,33,12,4,40
3242,33,12,5,40
3243,33,12,6,40
3244,33,12,7,40
3245,33,12,8,40
3246,33,12,9,40
3247,33,12,10,40
3248,33,12,11,40
3249,33,13,3,40
3250,33,13,4,40
3251,33,13,5,40
3252,33,13,6,40
3253,33,13,7,40
3254,33,13,8,40
3255,33,13,9,40
3256,33,13,10,40
3257,33,13,11,40
3258,33,14,3,40
3259,33,14,4,40
3260,33,14,5,40
3261,33,14,6,40
3262,33,14,7,40
3263,33,14,8,40
3264,33,14,9,40
3265,33,14,10,40
3266,33,14,11,40
3267,33,15,3,40
3268,33,15,4,40
3269,33,15,5,40
3270,33,15,6,40
3271,33,15,7,40
3272,33,15,8,40
3273,33,15,9,40
3274,33,15,10,40
3275,33,15,11,40
3276,34,3,3,40
3277,34,3,4,19
3278,34,3,5,11
3279,34,3,6,8
3280,34,3,7,6
3281,34,3,8,5
3282,34,3,9,4
3283,34,3,10,4
3284,34,3,11,3
3285,34,4,3,40
3286,34,4,4,40
3287,34,4,5,19
3288,34,4,6,11
3289,34,4,7,8
3290,34,4,8,6
3291,34,4,9,5
3292,34,4,10,4
3293,34,4,11,4
3294,34,5,3,40
3295,34,5,4,40
3296,34,5,5,40
3297,34,5,6,19
3298,34,5,7,11
3299,34,5,8,8
3300,34,5,9,6
3301,34,5,10,5
3302,34,5,11,4
3303,34,6,3,40
3304,34,6,4,40
3305,34,6,5,40
3306,34,6,6,40
3307,34,6,7,19
3308,34,6,8,11
3309,34,6,9,8
3310,34,6,10,6
3311,34,6,11,5
3312,34,7,3,40
3313,34,7,4,40
3314,34,7,5,40
3315,34,7,6,40
3316,34,7,7,40
3317,34,7,8,19
3318,34,7,9,11
3319,34,7,10,8
3320,34,7,11,6
3321,34,8,3,40
3322,34,8,4,40
3323,34,8,5,40
3324,34,8,6,40
3325,34,8,7,40
3326,34,8,8,40
3327,34,8,9,19
3328,34,8,10,11
3329,34,8,11,8
3330,34,9,3,40
3331,34,9,4,40
3332,34,9,5,40
3333,34,9,6,40
3334,34,9,7,40
3335,34,9,8,40
3336,34,9,9,40
3337,34,9,10,19
3338,34,9,11,11
3339,34,10,3,40
3340,34,10,4,40
3341,34,10,5,40
3342,34,10,6,40
3343,34,10,7,40
3344,34,10,8,40
3345,34,10,9,40
3346,34,10,10,40
3347,34,10,11,19
3348,34,11,3,40
3349,34,11,4,40
3350,34,11,5,40
3351,34,11,6,40
3352,34,11,7,40
3353,34,11,8,40
3354,34,11,9,40
3355,34,11,10,40
3356,34,11,11,40
3357,34,12,3,40
3358,34,12,4,40
3359,34,12,5,40
3360,34,12,6,40
3361,34,12,7,40
3362,34,12,8,40
3363,34,12,9,40
3364,34,12,10,40
3365,34,12,11,40
3366,34,13,3,40
3367,34,13,4,40
3368,34,13,5,40
3369,34,13,6,40
3370,34,13,7,40
3371,34,13,8,40
3372,34,13,9,40
3373,34,13,10,40
3374,34,13,11,40
3375,34,14,3,40
3376,34,14,4,40
3377,34,14,5,40
3378,34,14,6,40
3379,34,14,7,40
3380,34,14,8,40
3381,34,14,9,40
3382,34,14,10,40
3383,34,14,11,40
3384,34,15,3,40
3385,34,15,4,40
3386,34,15,5,40
3387,34,15,6,40
3388,34,15,7,40
3389,34,15,8,40
3390,34,15,9,40
3391,34,15,10,40
3392,34,15,11,40
3393,35,3,3,40
3394,35,3,4,20
3395,35,3,5,11
3396,35,3,6,8
3397,35,3,7,6
3398,35,3,8,5
3399,35,3,9,4
3400,35,3,10,4
3401,35,3,11,4
3402,35,4,3,40
3403,35,4,4,40
3404,35,4,5,20
3405,35,4,6,11
3406,35,4,7,8
3407,35,4,8,6
3408,35,4,9,5
3409,35,4,10,4
3410,35,4,11,4
3411,35,5,3,40
3412,35,5,4,40
3413,35,5,5,40
3414,35,5,6,20
3415,35,5,7,11
3416,35,5,8,8
3417,35,5,9,6
3418,35,5,10,5
3419,35,5,11,4
3420,35,6,3,40
3421,35,6,4,40
3422,35,6,5,40
3423,35,6,6,40
3424,35,6,7,20
3425,35,6,8,11
3426,35,6,9,8
3427,35,6,10,6
3428,35,6,11,5
3429,35,7,3,40
3430,35,7,4,40
3431,35,7,5,40
3432,35,7,6,40
3433,35,7,7,40
3434,35,7,8,20
3435,35,7,9,11
3436,35,7,10,8
3437,35,7,11,6
3438,35,8,3,40
3439,35,8,4,40
3440,35,8,5,40
3441,35,8,6,40
3442,35,8,7,40
3443,35,8,8,40
3444,35,8,9,20
3445,35,8,10,11
3446,35,8,11,8
3447,35,9,3,40
3448,35,9,4,40
3449,35,9,5,40
3450,35,9,6,40
3451,35,9,7,40
3452,35,9,8,40
3453,35,9,9,40
3454,35,9,10,20
3455,35,9,11,11
3456,35,10,3,40
3457,35,10,4,40
3458,35,10,5,40
3459,35,10,6,40
3460,35,10,7,40
3461,35,10,8,40
3462,35,10,9,40
3463,35,10,10,40
3464,35,10,11,20
3465,35,11,3,40
3466,35,11,4,40
3467,35,11,5,40
3468,35,11,6,40
3469,35,11,7,40
3470,35,11,8,40
3471,35,11,9,40
3472,35,11,10,40
3473,35,11,11,40
3474,35,12,3,40
3475,35,12,4,40
3476,35,12,5,40
3477,35,12,6,40
3478,35,12,7,40
3479,35,12,8,40
3480,35,12,9,40
3481,35,12,10,40
3482,35,12,11,40
3483,35,13,3,40
3484,35,13,4,40
3485,35,13,5,40
3486,35,13,6,40
3487,35,13,7,40
3488,35,13,8,40
3489,35,13,9,40
3490,35,13,10,40
3491,35,13,11,40
3492,35,14,3,40
3493,35,14,4,40
3494,35,14,5,40
3495,35,14,6,40
3496,35,14,7,40
3497,35,14,8,40
3498,35,14,9,40
3499,35,14,10,40
3500,35,14,11,40
3501,35,15,3,40
3502,35,15,4,40
3503,35,15,5,40
3504,35,15,6,40
3505,35,15,7,40
3506,35,15,8,40
3507,35,15,9,40
3508,35,15,10,40
3509,35,15,11,40
3510,36,3,3,40
3511,36,3,4,20
3512,36,3,5,12
3513,36,3,6,8
3514,36,3,7,7
3515,36,3,8,5
3516,36,3,9,5
3517,36,3,10,4
3518,36,3,11,4
3519,36,4,3,40
3520,36,4,4,40
3521,36,4,5,20
3522,36,4,6,12
3523,36,4,7,8
3524,36,4,8,7
3525,36,4,9,5
3526,36,4,10,5
3527,36,4,11,4
3528,36,5,3,40
3529,36,5,4,40
3530,36,5,5,40
3531,36,5,6,20
3532,36,5,7,12
3533,36,5,8,8
3534,36,5,9,7
3535,36,5,10,5
3536,36,5,11,5
3537,36,6,3,40
3538,36,6,4,40
3539,36,6,5,40
3540,36,6,6,40
3541,36,6,7,20
3542,36,6,8,12
3543,36,6,9,8
3544,36,6,10,7
3545,36,6,11,5
3546,36,7,3,40
3547,36,7,4,40
3548,36,7,5,40
3549,36,7,6,40
3550,36,7,7,40
3551,36,7,8,20
3552,36,7,9,12
3553,36,7,10,8
3554,36,7,11,7
3555,36,8,3,40
3556,36,8,4,40
3557,36,8,5,40
3558,36,8,6,40
3559,36,8,7,40
3560,36,8,8,40
3561,36,8,9,20
3562,36,8,10,12
3563,36,8,11,8
3564,36,9,3,40
3565,36,9,4,40
3566,36,9,5,40
3567,36,9,6,40
3568,36,9,7,40
3569,36,9,8,40
3570,36,9,9,40
3571,36,9,10,20
3572,36,9,11,12
3573,36,10,3,40
3574,36,10,4,40
3575,36,10,5,40
3576,36,10,6,40
3577,36,10,7,40
3578,36,10,8,40
3579,36,10,9,40
3580,36,10,10,40
3581,36,10,11,20
3582,36,11,3,40
3583,36,11,4,40
3584,36,11,5,40
3585,36,11,6,40
3586,36,11,7,40
3587,36,11,8,40
3588,36,11,9,40
3589,36,11,10,40
3590,36,11,11,40
3591,36,12,3,40
3592,36,12,4,40
3593,36,12,5,40
3594,36,12,6,40
3595,36,12,7,40
3596,36,12,8,40
3597,36,12,9,40
3598,36,12,10,40
3599,36,12,11,40
3600,36,13,3,40
3601,36,13,4,40
3602,36,13,5,40
3603,36,13,6,40
3604,36,13,7,40
3605,36,13,8,40
3606,36,13,9,40
3607,36,13,10,40
3608,36,13,11,40
3609,36,14,3,40
3610,36,14,4,40
3611,36,14,5,40
3612,36,14,6,40
3613,36,14,7,40
3614,36,14,8,40
3615,36,14,9,40
3616,36,14,10,40
3617,36,14,11,40
3618,36,15,3,40
3619,36,15,4,40
3620,36,15,5,40
3621,36,15,6,40
3622,36,15,7,40
3623,36,15,8,40
3624,36,15,9,40
3625,36,15,10,40
3626,36,15,11,40
3627,37,3,3,40
3628,37,3,4,21
3629,37,3,5,12
3630,37,3,6,9
3631,37,3,7,7
3632,37,3,8,6
3633,37,3,9,5
3634,37,3,10,4
3635,37,3,11,4
3636,37,4,3,40
3637,37,4,4,40
3638,37,4,5,21
3639,37,4,6,12
3640,37,4,7,9
3641,37,4,8,7
3642,37,4,9,6
3643,37,4,10,5
3644,37,4,11,4
3645,37,5,3,40
3646,37,5,4,40
3647,37,5,5,40
3648,37,5,6,21
3649,37,5,7,12
3650,37,5,8,9
3651,37,5,9,7
3652,37,5,10,6
3653,37,5,11,5
3654,37,6,3,40
3655,37,6,4,40
3656,37,6,5,40
3657,37,6,6,40
3658,37,6,7,21
3659,37,6,8,12
3660,37,6,9,9
3661,37,6,10,7
3662,37,6,11,6
3663,37,7,3,40
3664,37,7,4,40
3665,37,7,5,40
3666,37,7,6,40
3667,37,7,7,40
3668,37,7,8,21
3669,37,7,9,12
3670,37,7,10,9
3671,37,7,11,7
3672,37,8,3,40
3673,37,8,4,40
3674,37,8,5,40
3675,37,8,6,40
3676,37,8,7,40
3677,37,8,8,40
3678,37,8,9,21
3679,37,8,10,12
3680,37,8,11,9
3681,37,9,3,40
3682,37,9,4,40
3683,37,9,5,40
3684,37,9,6,40
3685,37,9,7,40
3686,37,9,8,40
3687,37,9,9,40
3688,37,9,10,21
3689,37,9,11,12
3690,37,10,3,40
3691,37,10,4,40
3692,37,10,5,40
3693,37,10,6,40
3694,37,10,7,40
3695,37,10,8,40
3696,37,10,9,40
3697,37,10,10,40
3698,37,10,11,21
3699,37,11,3,40
3700,37,11,4,40
3701,37,11,5,40
3702,37,11,6,40
3703,37,11,7,40
3704,37,11,8,40
3705,37,11,9,40
3706,37,11,10,40
3707,37,11,11,40
3708,37,12,3,40
3709,37,12,4,40
3710,37,12,5,40
3711,37,12,6,40
3712,37,12,7,40
3713,37,12,8,40
3714,37,12,9,40
3715,37,12,10,40
3716,37,12,11,40
3717,37,13,3,40
3718,37,13,4,40
3719,37,13,5,40
3720,37,13,6,40
3721,37,13,7,40
3722,37,13,8,40
3723,37,13,9,40
3724,37,13,10,40
3725,37,13,11,40
3726,37,14,3,40
3727,37,14,4,40
3728,37,14,5,40
3729,37,14,6,40
3730,37,14,7,40
3731,37,14,8,40
3732,37,14,9,40
3733,37,14,10,40
3734,37,14,11,40
3735,37,15,3,40
3736,37,15,4,40
3737,37,15,5,40
3738,37,15,6,40
3739,37,15,7,40
3740,37,15,8,40
3741,37,15,9,40
3742,37,15,10,40
3743,37,15,11,40
3744,38,3,3,40
3745,38,3,4,22
3746,38,3,5,12
3747,38,3,6,9
3748,38,3,7,7
3749,38,3,8,6
3750,38,3,9,5
3751,38,3,10,4
3752,38,3,11,4
3753,38,4,3,40
3754,38,4,4,40
3755,38,4,5,22
3756,38,4,6,12
3757,38,4,7,9
3758,38,4,8,7
3759,38,4,9,6
3760,38,4,10,5
3761,38,4,11,4
3762,38,5,3,40
3763,38,5,4,40
3764,38,5,5,40
3765,38,5,6,22
3766,38,5,7,12
3767,38,5,8,9
3768,38,5,9,7
3769,38,5,10,6
3770,38,5,11,5
3771,38,6,3,40
3772,38,6,4,40
3773,38,6,5,40
3774,38,6,6,40
3775,38,6,7,22
3776,38,6,8,12
3777,38,6,9,9
3778,38,6,10,7
3779,38,6,11,6
3780,38,7,3,40
3781,38,7,4,40
3782,38,7,5,40
3783,38,7,6,40
3784,38,7,7,40
3785,38,7,8,22
3786,38,7,9,12
3787,38,7,10,9
3788,38,7,11,7
3789,38,8,3,40
3790,38,8,4,40
3791,38,8,5,40
3792,38,8,6,40
3793,38,8,7,40
3794,38,8,8,40
3795,38,8,9,22
3796,38,8,10,12
3797,38,8,11,9
3798,38,9,3,40
3799,38,9,4,40
3800,38,9,5,40
3801,38,9,6,40
3802,38,9,7,40
3803,38,9,8,40
3804,38,9,9,40
3805,38,9,10,22
3806,38,9,11,12
3807,38,10,3,40
3808,38,10,4,40
3809,38,10,5,40
3810,38,10,6,40
3811,38,10,7,40
3812,38,10,8,40
3813,38,10,9,40
3814,38,10,10,40
3815,38,10,11,22
3816,38,11,3,40
3817,38,11,4,40
3818,38,11,5,40
3819,38,11,6,40
3820,38,11,7,40
3821,38,11,8,40
3822,38,11,9,40
3823,38,11,10,40
3824,38,11,11,40
3825,38,12,3,40
3826,38,12,4,40
3827,38,12,5,40
3828,38,12,6,40
3829,38,12,7,40
3830,38,12,8,40
3831,38,12,9,40
3832,38,12,10,40
3833,38,12,11,40
3834,38,13,3,40
3835,38,13,4,40
3836,38,13,5,40
3837,38,13,6,40
3838,38,13,7,40
3839,38,13,8,40
3840,38,13,9,40
3841,38,13,10,40
3842,38,13,11,40
3843,38,14,3,40
3844,38,14,4,40
3845,38,14,5,40
3846,38,14,6,40
3847,38,14,7,40
3848,38,14,8,40
3849,38,14,9,40
3850,38,14,10,40
3851,38,14,11,40
3852,38,15,3,40
3853,38,15,4,40
3854,38,15,5,40
3855,38,15,6,40
3856,38,15,7,40
3857,38,15,8,40
3858,38,15,9,40
3859,38,15,10,40
3860,38,15,11,40
3861,39,3,3,40
3862,39,3,4,22
3863,39,3,5,13
3864,39,3,6,9
3865,39,3,7,7
3866,39,3,8,6
3867,39,3,9,5
3868,39,3,10,4
3869,39,3,11,4
3870,39,4,3,40
3871,39,4,4,40
3872,39,4,5,22
3873,39,4,6,13
3874,39,4,7,9
3875,39,4,8,7
3876,39,4,9,6
3877,39,4,10,5
3878,39,4,11,4
3879,39,5,3,40
3880,39,5,4,40
3881,39,5,5,40
3882,39,5,6,22
3883,39,5,7,13
3884,39,5,8,9
3885,39,5,9,7
3886,39,5,10,6
3887,39,5,11,5
3888,39,6,3,40
3889,39,6,4,40
3890,39,6,5,40
3891,39,6,6,40
3892,39,6,7,22
3893,39,6,8,13
3894,39,6,9,9
3895,39,6,10,7
3896,39,6,11,6
3897,39,7,3,40
3898,39,7,4,40
3899,39,7,5,40
3900,39,7,6,40
3901,39,7,7,40
3902,39,7,8,22
3903,39,7,9,13
3904,39,7,10,9
3905,39,7,11,7
3906,39,8,3,40
3907,39,8,4,40
3908,39,8,5,40
3909,39,8,6,40
3910,39,8,7,40
3911,39,8,8,40
3912,39,8,9,22
3913,39,8,10,13
3914,39,8,11,9
3915,39,9,3,40
3916,39,9,4,40
3917,39,9,5,40
3918,39,9,6,40
3919,39,9,7,40
3920,39,9,8,40
3921,39,9,9,40
3922,39,9,10,22
3923,39,9,11,13
3924,39,10,3,40
3925,39,10,4,40
3926,39,10,5,40
3927,39,10,6,40
3928,39,10,7,40
3929,39,10,8,40
3930,39,10,9,40
3931,39,10,10,40
3932,39,10,11,22
3933,39,11,3,40
3934,39,11,4,40
3935,39,11,5,40
3936,39,11,6,40
3937,39,11,7,40
3938,39,11,8,40
3939,39,11,9,40
3940,39,11,10,40
3941,39,11,11,40
3942,39,12,3,40
3943,39,12,4,40
3944,39,12,5,40
3945,39,12,6,40
3946,39,12,7,40
3947,39,12,8,40
3948,39,12,9,40
3949,39,12,10,40
3950,39,12,11,40
3951,39,13,3,40
3952,39,13,4,40
3953,39,13,5,40
3954,39,13,6,40
3955,39,13,7,40
3956,39,13,8,40
3957,39,13,9,40
3958,39,13,10,40
3959,39,13,11,40
3960,39,14,3,40
3961,39,14,4,40
3962,39,14,5,40
3963,39,14,6,40
3964,39,14,7,40
3965,39,14,8,40
3966,39,14,9,40
3967,39,14,10,40
3968,39,14,11,40
3969,39,15,3,40
3970,39,15,4,40
3971,39,15,5,40
3972,39,15,6,40
3973,39,15,7,40
3974,39,15,8,40
3975,39,15,9,40
3976,39,15,10,40
3977,39,15,11,40
