Run0,Run1,Run2,Run3,Run4,Run5
181474.88,104486.88,178478.88,15839.88,157647.88,253791.88
2506.48,-14116.52,50892.48,-55078.52,-871.52,2118.48
-18879.17,-19699.17,-49000.17,-125943.17,-2833.17,22432.83
-62597.89,-21132.89,-6518.89,-59044.89,-65441.89,59412.11
-8199.83,-10690.83,-74832.83,-54779.83,-46414.83,56914.17
79888.02,-15659.98,-101975.98,-59812.98,-41441.98,32594.02
-74716.16,-163697.16,-215561.16,-171412.16,-187015.16,-66626.16
-51266.47,-32916.47,-102987.47,-118065.47,-110136.47,-12863.47
-125699.07,-62453.07,-173836.07,-121981.07,-86830.07,-71878.07
-234426.93,-290457.93,-166030.93,-148961.93,-284865.93,-200668.93
66716.84,5653.84,80079.84,106455.84,107699.84,27605.84
72211.34,111714.34,100753.34,105985.34,90488.34,74745.34
125278.58,199270.58,36631.58,178439.58,274583.58,132183.58
-15156.52,49852.48,-56118.52,-1911.52,1078.48,-6520.52
-20739.17,-50040.17,-126983.17,-3873.17,21392.83,-9449.17
-22172.89,-7558.89,-60084.89,-66481.89,58372.11,176221.11
-11860.83,-76002.83,-55949.83,-47584.83,55744.17,21066.17
-16829.98,-103145.98,-60982.98,-42611.98,31424.02,6794.02
-164867.16,-216731.16,-172582.16,-188185.16,-67796.16,-116729.16
-34086.47,-104157.47,-119235.47,-111306.47,-14033.47,-70574.47
-63493.07,-174876.07,-123021.07,-87870.07,-72918.07,-106987.07
-291497.93,-167070.93,-150001.93,-285905.93,-201708.93,-209516.93
4613.84,79039.84,105415.84,106659.84,26565.84,109990.84
110674.34,99713.34,104945.34,89448.34,73705.34,83011.34
199270.58,36631.58,178439.58,274583.58,132183.58,126914.58
49852.48,-56118.52,-1911.52,1078.48,-6520.52,51640.48
-50040.17,-126983.17,-3873.17,21392.83,-9449.17,6129.83
-7558.89,-60084.89,-66481.89,58372.11,176221.11,27730.11
-76002.83,-55949.83,-47584.83,55744.17,21066.17,39587.17
-103145.98,-60982.98,-42611.98,31424.02,6794.02,9801.02
-216731.16,-172582.16,-188185.16,-67796.16,-116729.16,-130042.16
-104157.47,-119235.47,-111306.47,-14033.47,-70574.47,-17752.47
-174876.07,-123021.07,-87870.07,-72918.07,-106987.07,-81232.07
-167070.93,-150001.93,-285905.93,-201708.93,-209516.93,-256318.93
79039.84,105415.84,106659.84,26565.84,109990.84,108179.84
99713.34,104945.34,89448.34,73705.34,83011.34,135824.34
36631.58,178439.58,274583.58,132183.58,126914.58,134864.58
-55560.19,-1353.19,1636.81,-5962.19,52198.81,50038.81
-126983.17,-3873.17,21392.83,-9449.17,6129.83,100724.83
-60084.89,-66481.89,58372.11,176221.11,27730.11,68308.11
-55949.83,-47584.83,55744.17,21066.17,39587.17,-43308.83
-60982.98,-42611.98,31424.02,6794.02,9801.02,-62194.98
-172582.16,-188185.16,-67796.16,-116729.16,-130042.16,-114539.16
-119235.47,-111306.47,-14033.47,-70574.47,-17752.47,-59498.47
-123021.07,-87870.07,-72918.07,-106987.07,-81232.07,-120845.07
-150001.93,-285905.93,-201708.93,-209516.93,-256318.93,-169567.93
105415.84,106659.84,26565.84,109990.84,108179.84,106231.84
104945.34,89448.34,73705.34,83011.34,135824.34,76100.34
178439.58,274583.58,132183.58,126914.58,134864.58,167270.58
-1911.52,1078.48,-6520.52,51640.48,49480.48,-60745.52
-3873.17,21392.83,-9449.17,6129.83,100724.83,54653.83
-66481.89,58372.11,176221.11,27730.11,68308.11,-104792.89
-47584.83,55744.17,21066.17,39587.17,-43308.83,-12827.83
-42611.98,31424.02,6794.02,9801.02,-62194.98,30340.02
-188185.16,-67796.16,-116729.16,-130042.16,-114539.16,-30221.16
-111306.47,-14033.47,-70574.47,-17752.47,-59498.47,-19214.47
-87870.07,-72918.07,-106987.07,-81232.07,-120845.07,-110956.07
-285905.93,-201708.93,-209516.93,-256318.93,-169567.93,-187339.93
106659.84,26565.84,109990.84,108179.84,106231.84,161762.84
89448.34,73705.34,83011.34,135824.34,76100.34,227915.34
274583.58,132183.58,126914.58,134864.58,167270.58,44511.58
1078.48,-6520.52,51640.48,49480.48,-60745.52,-31031.52
21392.83,-9449.17,6129.83,100724.83,54653.83,-33573.17
58372.11,176221.11,27730.11,68308.11,-104792.89,20672.11
55744.17,21066.17,39587.17,-43308.83,-12827.83,-55352.83
31424.02,6794.02,9801.02,-62194.98,30340.02,-60800.98
-67796.16,-116729.16,-130042.16,-114539.16,-30221.16,-114283.16
-14033.47,-70574.47,-17752.47,-59498.47,-19214.47,-83394.47
-72918.07,-106987.07,-81232.07,-120845.07,-110956.07,-140411.07
-201708.93,-209516.93,-256318.93,-169567.93,-187339.93,-168709.93
26565.84,109990.84,108179.84,106231.84,161762.84,57798.84
73705.34,83011.34,135824.34,76100.34,227915.34,80996.34
132183.58,126914.58,134864.58,167270.58,44511.58,200035.58
-6520.52,51640.48,49480.48,-60745.52,-31031.52,20490.48
-9449.17,6129.83,100724.83,54653.83,-33573.17,10428.83
176221.11,27730.11,68308.11,-104792.89,20672.11,23238.11
21066.17,39587.17,-43308.83,-12827.83,-55352.83,-15515.83
6794.02,9801.02,-62194.98,30340.02,-60800.98,11825.02
-116729.16,-130042.16,-114539.16,-30221.16,-114283.16,-112906.16
-70574.47,-17752.47,-59498.47,-19214.47,-83394.47,-70548.47
-106987.07,-81232.07,-120845.07,-110956.07,-140411.07,-139707.07
-209516.93,-256318.93,-169567.93,-187339.93,-168709.93,-299324.93
109990.84,108179.84,106231.84,161762.84,57798.84,81752.84
83011.34,135824.34,76100.34,227915.34,80996.34,95504.34
126914.58,134864.58,167270.58,44511.58,200035.58,138558.58
52198.81,50038.81,-60187.19,-30473.19,21048.81,-51310.19
6129.83,100724.83,54653.83,-33573.17,10428.83,71931.83
27730.11,68308.11,-104792.89,20672.11,23238.11,-1925.89
39587.17,-43308.83,-12827.83,-55352.83,-15515.83,9010.17
9801.02,-62194.98,30340.02,-60800.98,11825.02,109109.02
-130042.16,-114539.16,-30221.16,-114283.16,-112906.16,-81173.16
-17752.47,-59498.47,-19214.47,-83394.47,-70548.47,-79724.47
-81232.07,-120845.07,-110956.07,-140411.07,-139707.07,-130615.07
-256318.93,-169567.93,-187339.93,-168709.93,-299324.93,-211661.93
108179.84,106231.84,161762.84,57798.84,81752.84,16247.84
135824.34,76100.34,227915.34,80996.34,95504.34,67517.34
134864.58,167270.58,44511.58,200035.58,138558.58,122663.58
49480.48,-60745.52,-31031.52,20490.48,-51868.52,-1532.52
100724.83,54653.83,-33573.17,10428.83,71931.83,105497.83
68308.11,-104792.89,20672.11,23238.11,-1925.89,79314.11
-43308.83,-12827.83,-55352.83,-15515.83,9010.17,-39041.83
-62194.98,30340.02,-60800.98,11825.02,109109.02,-82796.98
-114539.16,-30221.16,-114283.16,-112906.16,-81173.16,-238118.16
-59498.47,-19214.47,-83394.47,-70548.47,-79724.47,-58670.47
-120845.07,-110956.07,-140411.07,-139707.07,-130615.07,-194167.07
-169567.93,-187339.93,-168709.93,-299324.93,-211661.93,-348944.93
106231.84,161762.84,57798.84,81752.84,16247.84,37190.84
76100.34,227915.34,80996.34,95504.34,67517.34,79893.34
167270.58,44511.58,200035.58,138558.58,122663.58,126713.58
-60745.52,-31031.52,20490.48,-51868.52,-1532.52,-126529.52
54653.83,-33573.17,10428.83,71931.83,105497.83,-27902.17
-104792.89,20672.11,23238.11,-1925.89,79314.11,-52485.89
-12827.83,-55352.83,-15515.83,9010.17,-39041.83,126727.17
30340.02,-60800.98,11825.02,109109.02,-82796.98,30709.02
-30221.16,-114283.16,-112906.16,-81173.16,-238118.16,-135392.16
-19214.47,-83394.47,-70548.47,-79724.47,-58670.47,-126488.47
-110956.07,-140411.07,-139707.07,-130615.07,-194167.07,-198345.07
-187339.93,-168709.93,-299324.93,-211661.93,-348944.93,-196183.93
161762.84,57798.84,81752.84,16247.84,37190.84,219407.84
227915.34,80996.34,95504.34,67517.34,79893.34,230436.34
44511.58,200035.58,138558.58,122663.58,126713.58,100052.58
-31031.52,20490.48,-51868.52,-1532.52,-126529.52,-67469.52
-33573.17,10428.83,71931.83,105497.83,-27902.17,8973.83
20672.11,23238.11,-1925.89,79314.11,-52485.89,-13541.89
-55352.83,-15515.83,9010.17,-39041.83,126727.17,-19445.83
-60800.98,11825.02,109109.02,-82796.98,30709.02,-8211.98
-114283.16,-112906.16,-81173.16,-238118.16,-135392.16,-66399.16
-83394.47,-70548.47,-79724.47,-58670.47,-126488.47,-9860.47
-140411.07,-139707.07,-130615.07,-194167.07,-198345.07,-116903.07
-168709.93,-299324.93,-211661.93,-348944.93,-196183.93,-188374.93
57798.84,81752.84,16247.84,37190.84,219407.84,45782.84
80996.34,95504.34,67517.34,79893.34,230436.34,50608.34
200035.58,138558.58,122663.58,126713.58,100052.58,154091.58
21048.81,-51310.19,-974.19,-125971.19,-66911.19,-39823.19
10428.83,71931.83,105497.83,-27902.17,8973.83,113551.83
23238.11,-1925.89,79314.11,-52485.89,-13541.89,66813.11
-15515.83,9010.17,-39041.83,126727.17,-19445.83,-15803.83
11825.02,109109.02,-82796.98,30709.02,-8211.98,-15007.98
-112906.16,-81173.16,-238118.16,-135392.16,-66399.16,-180276.16
-70548.47,-79724.47,-58670.47,-126488.47,-9860.47,-144268.47
-139707.07,-130615.07,-194167.07,-198345.07,-116903.07,-196637.07
-299324.93,-211661.93,-348944.93,-196183.93,-188374.93,-294303.93
81752.84,16247.84,37190.84,219407.84,45782.84,78237.84
95504.34,67517.34,79893.34,230436.34,50608.34,70790.34
138558.58,122663.58,126713.58,100052.58,154091.58,147650.58
-51868.52,-1532.52,-126529.52,-67469.52,-40381.52,-40257.52
71931.83,105497.83,-27902.17,8973.83,113551.83,-63648.17
-1925.89,79314.11,-52485.89,-13541.89,66813.11,-46219.89
9010.17,-39041.83,126727.17,-19445.83,-15803.83,17059.17
109109.02,-82796.98,30709.02,-8211.98,-15007.98,53509.02
-81173.16,-238118.16,-135392.16,-66399.16,-180276.16,-40221.16
-79724.47,-58670.47,-126488.47,-9860.47,-144268.47,-17358.47
-130615.07,-194167.07,-198345.07,-116903.07,-196637.07,-75157.07
-211661.93,-348944.93,-196183.93,-188374.93,-294303.93,-200733.93
16247.84,37190.84,219407.84,45782.84,78237.84,135229.84
67517.34,79893.34,230436.34,50608.34,70790.34,102770.34
122663.58,126713.58,100052.58,154091.58,147650.58,157427.58
-1532.52,-126529.52,-67469.52,-40381.52,-40257.52,-37265.52
105497.83,-27902.17,8973.83,113551.83,-63648.17,-1594.17
79314.11,-52485.89,-13541.89,66813.11,-46219.89,-32342.89
-39041.83,126727.17,-19445.83,-15803.83,17059.17,-50902.83
-82796.98,30709.02,-8211.98,-15007.98,53509.02,-31168.98
-238118.16,-135392.16,-66399.16,-180276.16,-40221.16,-76625.16
-58670.47,-126488.47,-9860.47,-144268.47,-17358.47,-102988.47
-194167.07,-198345.07,-116903.07,-196637.07,-75157.07,-141595.07
-348944.93,-196183.93,-188374.93,-294303.93,-200733.93,-227785.93
37190.84,219407.84,45782.84,78237.84,135229.84,88714.84
79893.34,230436.34,50608.34,70790.34,102770.34,40043.34
126713.58,100052.58,154091.58,147650.58,157427.58,185405.58
-126529.52,-67469.52,-40381.52,-40257.52,-37265.52,-42426.52
-27902.17,8973.83,113551.83,-63648.17,-1594.17,60584.83
-52485.89,-13541.89,66813.11,-46219.89,-32342.89,-29435.89
126727.17,-19445.83,-15803.83,17059.17,-50902.83,-5790.83
30709.02,-8211.98,-15007.98,53509.02,-31168.98,-92922.98
-135392.16,-66399.16,-180276.16,-40221.16,-76625.16,-196720.16
-126488.47,-9860.47,-144268.47,-17358.47,-102988.47,-139952.47
-198345.07,-116903.07,-196637.07,-75157.07,-141595.07,-127563.07
-196183.93,-188374.93,-294303.93,-200733.93,-227785.93,-290356.93
219407.84,45782.84,78237.84,135229.84,88714.84,59399.84
230436.34,50608.34,70790.34,102770.34,40043.34,118169.34
100052.58,154091.58,147650.58,157427.58,185405.58,118939.58
-66911.19,-39823.19,-39699.19,-36707.19,-41868.19,-39450.19
8973.83,113551.83,-63648.17,-1594.17,60584.83,10920.83
-13541.89,66813.11,-46219.89,-32342.89,-29435.89,-41246.89
-19445.83,-15803.83,17059.17,-50902.83,-5790.83,-8075.83
-8211.98,-15007.98,53509.02,-31168.98,-92922.98,8036.02
-66399.16,-180276.16,-40221.16,-76625.16,-196720.16,-91347.16
-9860.47,-144268.47,-17358.47,-102988.47,-139952.47,8015.53
-116903.07,-196637.07,-75157.07,-141595.07,-127563.07,-79500.07
-188374.93,-294303.93,-200733.93,-227785.93,-290356.93,-176107.93
45782.84,78237.84,135229.84,88714.84,59399.84,108571.84
50608.34,70790.34,102770.34,40043.34,118169.34,120019.34
154091.58,147650.58,157427.58,185405.58,118939.58,-2087.42
-40381.52,-40257.52,-37265.52,-42426.52,-40008.52,-181374.52
113551.83,-63648.17,-1594.17,60584.83,10920.83,-68857.17
66813.11,-46219.89,-32342.89,-29435.89,-41246.89,30226.11
-15803.83,17059.17,-50902.83,-5790.83,-8075.83,33068.17
-15007.98,53509.02,-31168.98,-92922.98,8036.02,-11395.98
-180276.16,-40221.16,-76625.16,-196720.16,-91347.16,-150202.16
-144268.47,-17358.47,-102988.47,-139952.47,8015.53,-47535.47
-196637.07,-75157.07,-141595.07,-127563.07,-79500.07,10710.93
-294303.93,-200733.93,-227785.93,-290356.93,-176107.93,-148716.93
78237.84,135229.84,88714.84,59399.84,108571.84,49616.84
70790.34,102770.34,40043.34,118169.34,120019.34,72885.34
147650.58,157427.58,185405.58,118939.58,-2087.42,191137.58
-40257.52,-37265.52,-42426.52,-40008.52,-181374.52,33093.48
-63648.17,-1594.17,60584.83,10920.83,-68857.17,115170.83
-46219.89,-32342.89,-29435.89,-41246.89,30226.11,97442.11
17059.17,-50902.83,-5790.83,-8075.83,33068.17,44747.17
53509.02,-31168.98,-92922.98,8036.02,-11395.98,-34190.98
-40221.16,-76625.16,-196720.16,-91347.16,-150202.16,-109211.16
-17358.47,-102988.47,-139952.47,8015.53,-47535.47,-30927.47
-75157.07,-141595.07,-127563.07,-79500.07,10710.93,-71806.07
-200733.93,-227785.93,-290356.93,-176107.93,-148716.93,-240014.93
135229.84,88714.84,59399.84,108571.84,49616.84,99669.84
102770.34,40043.34,118169.34,120019.34,72885.34,75842.34
157427.58,185405.58,118939.58,-2087.42,191137.58,126237.58
-37265.52,-42426.52,-40008.52,-181374.52,33093.48,64512.48
-1594.17,60584.83,10920.83,-68857.17,115170.83,55171.83
-32342.89,-29435.89,-41246.89,30226.11,97442.11,158682.11
-50902.83,-5790.83,-8075.83,33068.17,44747.17,6924.17
-31168.98,-92922.98,8036.02,-11395.98,-34190.98,64529.02
-76625.16,-196720.16,-91347.16,-150202.16,-109211.16,-31039.16
-102988.47,-139952.47,8015.53,-47535.47,-30927.47,-82059.47
-141595.07,-127563.07,-79500.07,10710.93,-71806.07,-90624.07
-227785.93,-290356.93,-176107.93,-148716.93,-240014.93,-326404.93
88714.84,59399.84,108571.84,49616.84,99669.84,66136.84
40043.34,118169.34,120019.34,72885.34,75842.34,110680.34
185405.58,118939.58,-2087.42,191137.58,126237.58,245239.58
-41868.19,-39450.19,-180816.19,33651.81,65070.81,27633.81
60584.83,10920.83,-68857.17,115170.83,55171.83,140216.83
-29435.89,-41246.89,30226.11,97442.11,158682.11,107407.11
-5790.83,-8075.83,33068.17,44747.17,6924.17,65028.17
-92922.98,8036.02,-11395.98,-34190.98,64529.02,-1192.98
-196720.16,-91347.16,-150202.16,-109211.16,-31039.16,-183981.16
-139952.47,8015.53,-47535.47,-30927.47,-82059.47,-121047.47
-127563.07,-79500.07,10710.93,-71806.07,-90624.07,-183880.07
-290356.93,-176107.93,-148716.93,-240014.93,-326404.93,-310842.93
59399.84,108571.84,49616.84,99669.84,66136.84,76075.84
118169.34,120019.34,72885.34,75842.34,110680.34,111264.34
118939.58,-2087.42,191137.58,126237.58,245239.58,62504.58
-40008.52,-181374.52,33093.48,64512.48,27075.48,40118.48
10920.83,-68857.17,115170.83,55171.83,140216.83,102514.83
-41246.89,30226.11,97442.11,158682.11,107407.11,-28243.89
-8075.83,33068.17,44747.17,6924.17,65028.17,-25220.83
8036.02,-11395.98,-34190.98,64529.02,-1192.98,-10339.98
-91347.16,-150202.16,-109211.16,-31039.16,-183981.16,-160140.16
8015.53,-47535.47,-30927.47,-82059.47,-121047.47,-103175.47
-79500.07,10710.93,-71806.07,-90624.07,-183880.07,-154278.07
-176107.93,-148716.93,-240014.93,-326404.93,-310842.93,-282847.93
108571.84,49616.84,99669.84,66136.84,76075.84,73205.84
120019.34,72885.34,75842.34,110680.34,111264.34,80832.34
-2087.42,191137.58,126237.58,245239.58,62504.58,130522.58
-181374.52,33093.48,64512.48,27075.48,40118.48,-264193.52
-68857.17,115170.83,55171.83,140216.83,102514.83,64381.83
30226.11,97442.11,158682.11,107407.11,-28243.89,152247.11
33068.17,44747.17,6924.17,65028.17,-25220.83,20077.17
-11395.98,-34190.98,64529.02,-1192.98,-10339.98,-89956.98
-150202.16,-109211.16,-31039.16,-183981.16,-160140.16,-195933.16
-47535.47,-30927.47,-82059.47,-121047.47,-103175.47,-117557.47
10710.93,-71806.07,-90624.07,-183880.07,-154278.07,-127934.07
-148716.93,-240014.93,-326404.93,-310842.93,-282847.93,-335961.93
49616.84,99669.84,66136.84,76075.84,73205.84,39778.84
72885.34,75842.34,110680.34,111264.34,80832.34,107564.34
191137.58,126237.58,245239.58,62504.58,130522.58,97681.58
33093.48,64512.48,27075.48,40118.48,-264193.52,22964.48
115170.83,55171.83,140216.83,102514.83,64381.83,61819.83
97442.11,158682.11,107407.11,-28243.89,152247.11,23875.11
44747.17,6924.17,65028.17,-25220.83,20077.17,24208.17
-34190.98,64529.02,-1192.98,-10339.98,-89956.98,12928.02
-109211.16,-31039.16,-183981.16,-160140.16,-195933.16,-156729.16
-30927.47,-82059.47,-121047.47,-103175.47,-117557.47,-116432.47
-71806.07,-90624.07,-183880.07,-154278.07,-127934.07,-153380.07
-240014.93,-326404.93,-310842.93,-282847.93,-335961.93,-157691.93
99669.84,66136.84,76075.84,73205.84,39778.84,111958.84
75842.34,110680.34,111264.34,80832.34,107564.34,87203.34
126237.58,245239.58,62504.58,130522.58,97681.58,145297.58
65070.81,27633.81,40676.81,-263635.19,23522.81,-13262.19
55171.83,140216.83,102514.83,64381.83,61819.83,-66589.17
158682.11,107407.11,-28243.89,152247.11,23875.11,-29087.89
6924.17,65028.17,-25220.83,20077.17,24208.17,39955.17
64529.02,-1192.98,-10339.98,-89956.98,12928.02,20552.02
-31039.16,-183981.16,-160140.16,-195933.16,-156729.16,-6903.16
-82059.47,-121047.47,-103175.47,-117557.47,-116432.47,-57897.47
-90624.07,-183880.07,-154278.07,-127934.07,-153380.07,-116006.07
-326404.93,-310842.93,-282847.93,-335961.93,-157691.93,-273525.93
66136.84,76075.84,73205.84,39778.84,111958.84,75802.84
110680.34,111264.34,80832.34,107564.34,87203.34,63352.34
245239.58,62504.58,130522.58,97681.58,145297.58,107684.58
27075.48,40118.48,-264193.52,22964.48,-13820.52,-53262.52
140216.83,102514.83,64381.83,61819.83,-66589.17,30559.83
107407.11,-28243.89,152247.11,23875.11,-29087.89,48013.11
65028.17,-25220.83,20077.17,24208.17,39955.17,55769.17
-1192.98,-10339.98,-89956.98,12928.02,20552.02,7918.02
-183981.16,-160140.16,-195933.16,-156729.16,-6903.16,-81779.16
-121047.47,-103175.47,-117557.47,-116432.47,-57897.47,195.53
-183880.07,-154278.07,-127934.07,-153380.07,-116006.07,-23101.07
-310842.93,-282847.93,-335961.93,-157691.93,-273525.93,-119588.93
76075.84,73205.84,39778.84,111958.84,75802.84,100754.84
111264.34,80832.34,107564.34,87203.34,63352.34,94367.34
62504.58,130522.58,97681.58,145297.58,107684.58,123400.58
40118.48,-264193.52,22964.48,-13820.52,-53262.52,36776.48
102514.83,64381.83,61819.83,-66589.17,30559.83,110070.83
-28243.89,152247.11,23875.11,-29087.89,48013.11,81329.11
-25220.83,20077.17,24208.17,39955.17,55769.17,7568.17
-10339.98,-89956.98,12928.02,20552.02,7918.02,33378.02
-160140.16,-195933.16,-156729.16,-6903.16,-81779.16,-34390.16
-103175.47,-117557.47,-116432.47,-57897.47,195.53,-14451.47
-154278.07,-127934.07,-153380.07,-116006.07,-23101.07,-14427.07
-282847.93,-335961.93,-157691.93,-273525.93,-119588.93,-141118.93
73205.84,39778.84,111958.84,75802.84,100754.84,90660.84
80832.34,107564.34,87203.34,63352.34,94367.34,121698.34
130522.58,97681.58,145297.58,107684.58,123400.58,113670.58
-264193.52,22964.48,-13820.52,-53262.52,36776.48,-115735.52
64381.83,61819.83,-66589.17,30559.83,110070.83,46164.83
152247.11,23875.11,-29087.89,48013.11,81329.11,64718.11
20077.17,24208.17,39955.17,55769.17,7568.17,3370.17
-89956.98,12928.02,20552.02,7918.02,33378.02,18838.02
-195933.16,-156729.16,-6903.16,-81779.16,-34390.16,-62659.16
-117557.47,-116432.47,-57897.47,195.53,-14451.47,-2583.47
-127934.07,-153380.07,-116006.07,-23101.07,-14427.07,-45607.07
-335961.93,-157691.93,-273525.93,-119588.93,-141118.93,-150929.93
39778.84,111958.84,75802.84,100754.84,90660.84,88536.84
107564.34,87203.34,63352.34,94367.34,121698.34,126662.34
97681.58,145297.58,107684.58,123400.58,113670.58,131361.58
23522.81,-13262.19,-52704.19,37334.81,-115177.19,29062.81
61819.83,-66589.17,30559.83,110070.83,46164.83,-4572.17
23875.11,-29087.89,48013.11,81329.11,64718.11,60163.11
24208.17,39955.17,55769.17,7568.17,3370.17,7314.17
12928.02,20552.02,7918.02,33378.02,18838.02,24236.02
-156729.16,-6903.16,-81779.16,-34390.16,-62659.16,-24940.16
-116432.47,-57897.47,195.53,-14451.47,-2583.47,-30762.47
-153380.07,-116006.07,-23101.07,-14427.07,-45607.07,-43429.07
-157691.93,-273525.93,-119588.93,-141118.93,-150929.93,-133155.93
111958.84,75802.84,100754.84,90660.84,88536.84,86312.84
87203.34,63352.34,94367.34,121698.34,126662.34,89718.34
145297.58,107684.58,123400.58,113670.58,131361.58,261865.58
-13820.52,-53262.52,36776.48,-115735.52,28504.48,49512.48
-66589.17,30559.83,110070.83,46164.83,-4572.17,-26441.17
-29087.89,48013.11,81329.11,64718.11,60163.11,56472.11
39955.17,55769.17,7568.17,3370.17,7314.17,5417.17
20552.02,7918.02,33378.02,18838.02,24236.02,-462.98
-6903.16,-81779.16,-34390.16,-62659.16,-24940.16,-62147.16
-57897.47,195.53,-14451.47,-2583.47,-30762.47,-8455.47
-116006.07,-23101.07,-14427.07,-45607.07,-43429.07,-462196.07
-273525.93,-119588.93,-141118.93,-150929.93,-133155.93,-169920.93
75802.84,100754.84,90660.84,88536.84,86312.84,90357.84
63352.34,94367.34,121698.34,126662.34,89718.34,101315.34
107684.58,123400.58,113670.58,131361.58,261865.58,121702.58
-53262.52,36776.48,-115735.52,28504.48,49512.48,-15311.52
30559.83,110070.83,46164.83,-4572.17,-26441.17,102626.83
48013.11,81329.11,64718.11,60163.11,56472.11,29354.11
55769.17,7568.17,3370.17,7314.17,5417.17,-18955.83
7918.02,33378.02,18838.02,24236.02,-462.98,9603.02
-81779.16,-34390.16,-62659.16,-24940.16,-62147.16,-55320.16
195.53,-14451.47,-2583.47,-30762.47,-8455.47,-7733.47
-23101.07,-14427.07,-45607.07,-43429.07,-462196.07,-50064.07
-119588.93,-141118.93,-150929.93,-133155.93,-169920.93,-108759.93
100754.84,90660.84,88536.84,86312.84,90357.84,102370.84
94367.34,121698.34,126662.34,89718.34,101315.34,74610.34
123400.58,113670.58,131361.58,261865.58,121702.58,19700.58
36776.48,-115735.52,28504.48,49512.48,-15311.52,-47276.52
110070.83,46164.83,-4572.17,-26441.17,102626.83,-179160.17
81329.11,64718.11,60163.11,56472.11,29354.11,-66636.89
7568.17,3370.17,7314.17,5417.17,-18955.83,264778.17
33378.02,18838.02,24236.02,-462.98,9603.02,-101862.98
-34390.16,-62659.16,-24940.16,-62147.16,-55320.16,-175450.16
-14451.47,-2583.47,-30762.47,-8455.47,-7733.47,94068.53
-14427.07,-45607.07,-43429.07,-462196.07,-50064.07,3438.93
-141118.93,-150929.93,-133155.93,-169920.93,-108759.93,-82235.93
90660.84,88536.84,86312.84,90357.84,102370.84,187441.84
121698.34,126662.34,89718.34,101315.34,74610.34,136789.34
113670.58,131361.58,261865.58,121702.58,19700.58,211403.58
-115177.19,29062.81,50070.81,-14753.19,-46718.19,-156177.19
46164.83,-4572.17,-26441.17,102626.83,-179160.17,41425.83
64718.11,60163.11,56472.11,29354.11,-66636.89,147666.11
3370.17,7314.17,5417.17,-18955.83,264778.17,55549.17
18838.02,24236.02,-462.98,9603.02,-101862.98,10619.02
-62659.16,-24940.16,-62147.16,-55320.16,-175450.16,-214532.16
-2583.47,-30762.47,-8455.47,-7733.47,94068.53,-84896.47
-45607.07,-43429.07,-462196.07,-50064.07,3438.93,-26176.07
-150929.93,-133155.93,-169920.93,-108759.93,-82235.93,-134950.93
88536.84,86312.84,90357.84,102370.84,187441.84,120556.84
126662.34,89718.34,101315.34,74610.34,136789.34,139296.34
131361.58,261865.58,121702.58,19700.58,211403.58,89533.58
28504.48,49512.48,-15311.52,-47276.52,-156735.52,10615.48
-4572.17,-26441.17,102626.83,-179160.17,41425.83,75376.83
60163.11,56472.11,29354.11,-66636.89,147666.11,80812.11
7314.17,5417.17,-18955.83,264778.17,55549.17,70620.17
24236.02,-462.98,9603.02,-101862.98,10619.02,29316.02
-24940.16,-62147.16,-55320.16,-175450.16,-214532.16,-59554.16
-30762.47,-8455.47,-7733.47,94068.53,-84896.47,-18152.47
-43429.07,-462196.07,-50064.07,3438.93,-26176.07,-4368.07
-133155.93,-169920.93,-108759.93,-82235.93,-134950.93,-131664.93
86312.84,90357.84,102370.84,187441.84,120556.84,109125.84
89718.34,101315.34,74610.34,136789.34,139296.34,141554.34
261865.58,121702.58,19700.58,211403.58,89533.58,161917.58
49512.48,-15311.52,-47276.52,-156735.52,10615.48,5957.48
-26441.17,102626.83,-179160.17,41425.83,75376.83,-3857.17
56472.11,29354.11,-66636.89,147666.11,80812.11,29130.11
5417.17,-18955.83,264778.17,55549.17,70620.17,38035.17
-462.98,9603.02,-101862.98,10619.02,29316.02,-10046.98
-62147.16,-55320.16,-175450.16,-214532.16,-59554.16,-35111.16
-8455.47,-7733.47,94068.53,-84896.47,-18152.47,29753.53
-462196.07,-50064.07,3438.93,-26176.07,-4368.07,-35175.07
-169920.93,-108759.93,-82235.93,-134950.93,-131664.93,-125320.93
90357.84,102370.84,187441.84,120556.84,109125.84,99056.84
101315.34,74610.34,136789.34,139296.34,141554.34,115711.34
121702.58,19700.58,211403.58,89533.58,161917.58,151216.58
-15311.52,-47276.52,-156735.52,10615.48,5957.48,23388.48
102626.83,-179160.17,41425.83,75376.83,-3857.17,2020.83
29354.11,-66636.89,147666.11,80812.11,29130.11,34775.11
-18955.83,264778.17,55549.17,70620.17,38035.17,47180.17
9603.02,-101862.98,10619.02,29316.02,-10046.98,-5271.98
-55320.16,-175450.16,-214532.16,-59554.16,-35111.16,-96753.16
-7733.47,94068.53,-84896.47,-18152.47,29753.53,-43222.47
-50064.07,3438.93,-26176.07,-4368.07,-35175.07,-31112.07
-108759.93,-82235.93,-134950.93,-131664.93,-125320.93,-55723.93
102370.84,187441.84,120556.84,109125.84,99056.84,91811.84
74610.34,136789.34,139296.34,141554.34,115711.34,66393.34
19700.58,211403.58,89533.58,161917.58,151216.58,161866.58
-46718.19,-156177.19,11173.81,6515.81,23946.81,15571.81
-179160.17,41425.83,75376.83,-3857.17,2020.83,2033.83
-66636.89,147666.11,80812.11,29130.11,34775.11,45998.11
264778.17,55549.17,70620.17,38035.17,47180.17,12158.17
-101862.98,10619.02,29316.02,-10046.98,-5271.98,-13659.98
-175450.16,-214532.16,-59554.16,-35111.16,-96753.16,-75259.16
94068.53,-84896.47,-18152.47,29753.53,-43222.47,-64349.47
3438.93,-26176.07,-4368.07,-35175.07,-31112.07,-22481.07
-82235.93,-134950.93,-131664.93,-125320.93,-55723.93,-142294.93
187441.84,120556.84,109125.84,99056.84,91811.84,53819.84
136789.34,139296.34,141554.34,115711.34,66393.34,97403.34
211403.58,89533.58,161917.58,151216.58,161866.58,121147.58
-156735.52,10615.48,5957.48,23388.48,15013.48,1146.48
41425.83,75376.83,-3857.17,2020.83,2033.83,-37009.17
147666.11,80812.11,29130.11,34775.11,45998.11,67629.11
55549.17,70620.17,38035.17,47180.17,12158.17,-24556.83
10619.02,29316.02,-10046.98,-5271.98,-13659.98,-33935.98
-214532.16,-59554.16,-35111.16,-96753.16,-75259.16,-49639.16
-84896.47,-18152.47,29753.53,-43222.47,-64349.47,-102736.47
-26176.07,-4368.07,-35175.07,-31112.07,-22481.07,-32437.07
-134950.93,-131664.93,-125320.93,-55723.93,-142294.93,-143240.93
120556.84,109125.84,99056.84,91811.84,53819.84,63985.84
139296.34,141554.34,115711.34,66393.34,97403.34,76487.34
89533.58,161917.58,151216.58,161866.58,121147.58,131021.58
10615.48,5957.48,23388.48,15013.48,1146.48,-37589.52
75376.83,-3857.17,2020.83,2033.83,-37009.17,11727.83
80812.11,29130.11,34775.11,45998.11,67629.11,62259.11
70620.17,38035.17,47180.17,12158.17,-24556.83,-58608.83
29316.02,-10046.98,-5271.98,-13659.98,-33935.98,3008.02
-59554.16,-35111.16,-96753.16,-75259.16,-49639.16,-84669.16
-18152.47,29753.53,-43222.47,-64349.47,-102736.47,-81698.47
-4368.07,-35175.07,-31112.07,-22481.07,-32437.07,-71296.07
-131664.93,-125320.93,-55723.93,-142294.93,-143240.93,-226795.93
109125.84,99056.84,91811.84,53819.84,63985.84,125880.84
141554.34,115711.34,66393.34,97403.34,76487.34,81156.34
161917.58,151216.58,161866.58,121147.58,131021.58,74768.58
5957.48,23388.48,15013.48,1146.48,-37589.52,-29279.52
-3857.17,2020.83,2033.83,-37009.17,11727.83,-2261.17
29130.11,34775.11,45998.11,67629.11,62259.11,-24470.89
38035.17,47180.17,12158.17,-24556.83,-58608.83,-55242.83
-10046.98,-5271.98,-13659.98,-33935.98,3008.02,-39231.98
-35111.16,-96753.16,-75259.16,-49639.16,-84669.16,-93639.16
29753.53,-43222.47,-64349.47,-102736.47,-81698.47,-21183.47
-35175.07,-31112.07,-22481.07,-32437.07,-71296.07,-19189.07
-125320.93,-55723.93,-142294.93,-143240.93,-226795.93,-187420.93
99056.84,91811.84,53819.84,63985.84,125880.84,69608.84
115711.34,66393.34,97403.34,76487.34,81156.34,66686.34
151216.58,161866.58,121147.58,131021.58,74768.58,111574.58
23946.81,15571.81,1704.81,-37031.19,-28721.19,13002.81
2020.83,2033.83,-37009.17,11727.83,-2261.17,23811.83
34775.11,45998.11,67629.11,62259.11,-24470.89,24958.11
47180.17,12158.17,-24556.83,-58608.83,-55242.83,-53207.83
-5271.98,-13659.98,-33935.98,3008.02,-39231.98,-80039.98
-96753.16,-75259.16,-49639.16,-84669.16,-93639.16,-166715.16
-43222.47,-64349.47,-102736.47,-81698.47,-21183.47,-36247.47
-31112.07,-22481.07,-32437.07,-71296.07,-19189.07,-114014.07
-55723.93,-142294.93,-143240.93,-226795.93,-187420.93,-203380.93
91811.84,53819.84,63985.84,125880.84,69608.84,86820.84
66393.34,97403.34,76487.34,81156.34,66686.34,118958.34
