Date,TotalUpper0,TotalLower0,TotalLowerMexico0,TotalUpper1,TotalLower1,TotalLowerMexico1,TotalUpper2,TotalLower2,TotalLowerMexico2,TotalUpper3,TotalLower3,TotalLowerMexico3,TotalUpper4,TotalLower4,TotalLowerMexico4,TotalUpper5,TotalLower5,TotalLowerMexico5
Jan-20,101206,512661,647661,98281,518892,653892,103571,518965,653965,97839,514072,649072,97456,512051,647051,97631,516620,651620
Feb-20,101136,659367,809367,98210,660751,810751,103501,666217,816217,97769,661182,811182,97387,659099,809099,97561,663214,813214
Mar-20,114012,749396,914396,111010,745463,910463,116257,756662,921662,110378,751597,916597,110051,749547,914547,110195,753149,918149
Apr-20,254854,789764,984764,248612,782150,977150,257512,797274,992274,252111,792064,987064,248699,789915,984915,252895,793617,988617
May-20,897734,750162,855162,876325,741003,846003,900334,758074,863074,898106,754611,859611,883467,752014,857014,903374,754943,859943
Jun-20,1422025,791904,896904,1393560,778840,883840,1423087,799820,904820,1426595,796236,901236,1402433,793756,898756,1436517,796569,901569
Jul-20,898479,810223,930223,878474,795484,915484,903978,818378,938378,902305,814795,934795,886725,812086,932086,907619,815127,935127
Aug-20,517261,797118,902118,504070,781910,886910,522708,805149,910149,518131,801686,906686,508710,798979,903979,520425,802018,907018
Sep-20,256393,701065,791065,248045,690833,780833,259189,708765,798765,254327,705650,795650,250687,702983,792983,255091,706021,796021
Oct-20,142337,661124,766124,138438,660321,765321,144523,668575,773575,139018,663396,768396,138020,660864,765864,139217,665428,770428
Nov-20,97269,554619,659619,94857,557330,662330,99541,561414,666414,93729,556149,661149,93586,554011,659011,93498,558697,663697
Dec-20,97540,514282,634282,94690,517183,637183,99893,520851,640851,94147,516607,636607,93870,514232,634232,93942,518750,638750
Jan-21,101206,512661,647661,99231,519159,654159,105343,520363,655363,98890,514919,649919,98389,512644,647644,98672,517683,652683
Feb-21,101136,659367,809367,99160,660965,810965,105273,667634,817634,98820,662012,812012,98321,659629,809629,98601,664246,814246
Mar-21,114012,749396,914396,111945,745456,910456,118015,757917,922917,111390,752240,917240,110949,749848,914848,111208,753983,918983
Apr-21,254854,789764,984764,249690,782360,977360,259433,798797,993797,253391,792975,987975,249309,790436,985436,254390,794718,989718
May-21,897734,750162,855162,878796,741090,846090,903720,759572,864572,901602,755466,860466,884588,752408,857408,908021,755981,860981
Jun-21,1422025,791904,896904,1397500,779051,884051,1427560,801442,906442,1432407,797216,902216,1404431,794274,899274,1444421,797730,902730
Jul-21,898479,810223,930223,881696,795664,915664,907564,820021,940021,906190,815795,935795,888287,812575,932575,912633,816310,936310
Aug-21,517261,797118,902118,506263,782167,887167,525617,806842,911842,520684,802736,907736,509860,799542,904542,523484,803251,908251
Sep-21,256393,701065,791065,249437,691114,781114,261166,710422,800422,255781,706696,796696,251564,703574,793574,256732,707253,797253
Oct-21,142337,661124,766124,139497,660644,765644,146264,670229,775229,140091,664463,769463,138895,661512,766512,140374,666696,771696
Nov-21,97269,554619,659619,95781,557784,662784,101300,563105,668105,94754,557286,662286,94523,554799,659799,94512,560050,665050
Dec-21,97540,514282,634282,95640,517550,637550,101647,522409,642409,95178,517610,637610,94805,514929,634929,94965,519965,639965
Jan-22,101206,512661,647661,100181,520234,655234,107114,522592,657592,99942,516573,651573,99322,514111,649111,99712,519623,654623
Feb-22,101136,659367,809367,100111,662285,812285,107044,670176,820176,99872,663945,813945,99254,661328,811328,99642,666451,816451
Mar-22,114012,749396,914396,112880,746999,911999,119773,760740,925740,112401,754429,919429,111846,751760,916760,112221,756435,921435
Apr-22,254854,789764,984764,250768,783963,978963,261355,801729,996729,254671,795273,990273,249920,792409,987409,255884,797278,992278
May-22,897734,750162,855162,881267,742861,847861,907107,762767,867767,905098,757996,862996,885709,754542,859542,912669,758764,863764
Jun-22,1422025,791904,896904,1401440,780797,885797,1432034,804614,909614,1438219,799722,904722,1406430,796382,901382,1452325,800490,905490
Jul-22,898479,810223,930223,884919,797520,917520,911151,823351,943351,910075,818459,938459,889849,814792,934792,917646,819227,939227
Aug-22,517261,797118,902118,508456,783954,888954,528527,810078,915078,523238,805307,910307,511011,801690,906690,526542,806075,911075
Sep-22,256393,701065,791065,250828,692778,782778,263144,713476,803476,257235,709117,799117,252441,705604,795604,258373,709931,799931
Oct-22,142337,661124,766124,140557,662202,767202,148004,673131,778131,141164,666755,771755,139770,663449,768449,141530,669261,774261
Nov-22,97269,554619,659619,96706,559031,664031,103060,565603,670603,95779,559211,664211,95459,556439,661439,95526,562260,667260
Dec-22,97540,514282,634282,96590,518718,638718,103400,524786,644786,96209,519411,639411,95740,516487,636487,95988,522049,642049
Jan-23,101206,512661,647661,101131,521334,656334,108886,525119,660119,100993,518256,653256,100255,515638,650638,100753,521628,656628
Feb-23,101136,659367,809367,101061,663625,813625,108815,673012,823012,100923,665901,815901,100187,663080,813080,100683,668715,818715
Mar-23,114012,749396,914396,113815,748560,913560,121531,763855,928855,113413,756639,921639,112744,753722,918722,113234,758942,923942
Apr-23,254854,789764,984764,251846,785574,980574,263276,804944,999944,255951,797582,992582,250530,794422,989422,257379,799885,994885
May-23,897734,750162,855162,883739,744632,849632,910493,766239,871239,908594,760530,865530,886829,756708,861708,917317,761587,866587
Jun-23,1422025,791904,896904,1405380,782542,887542,1436508,808060,913060,1444032,802231,907231,1408428,798522,903522,1460229,803287,908287
Jul-23,898479,810223,930223,888141,799369,919369,914737,826950,946950,913960,821121,941121,891411,817034,937034,922660,822177,942177
Aug-23,517261,797118,902118,510649,785737,890737,531436,813586,918586,525791,807877,912877,512162,803867,908867,529601,808934,913934
Sep-23,256393,701065,791065,252220,694442,784442,265121,716806,806806,258689,711543,801543,253318,707668,797668,260015,712648,802648
Oct-23,142337,661124,766124,141617,663760,768760,149745,676310,781310,142237,669054,774054,140645,665420,770420,142687,671867,776867
Nov-23,97269,554619,659619,97630,560286,665286,104820,568386,673386,96803,561148,666148,96396,558122,663122,96540,564518,669518
Dec-23,97540,514282,634282,97540,519902,639902,105154,527455,647455,97240,521232,641232,96675,518096,638096,97011,524189,644189
Jan-24,101206,512661,647661,102081,522250,657250,110657,527558,662558,102045,519618,654618,101188,517118,652118,101794,523612,658612
Feb-24,101136,659367,809367,102011,664726,814726,110587,675701,825701,101975,667481,817481,101121,664731,814731,101724,670904,820904
Mar-24,114012,749396,914396,114750,749802,914802,123289,766738,931738,114425,758391,923391,113642,755502,920502,114247,761293,926293
Apr-24,254854,789764,984764,252924,786882,981882,265198,807942,1002942,257231,799449,994449,251140,796267,991267,258873,802350,997350
May-24,897734,750162,855162,886210,746042,851042,913879,769423,874423,912090,762561,867561,887950,758645,863645,921965,764207,869207
Jun-24,1422025,791904,896904,1409320,783952,888952,1440982,811244,916244,1449844,804261,909261,1410427,800458,905458,1468134,805906,910906
Jul-24,898479,810223,930223,891364,800847,920847,918324,830251,950251,917846,823267,943267,892973,819036,939036,927673,824913,944913
Aug-24,517261,797118,902118,512842,787179,892179,534346,816825,921825,528345,809963,914963,513313,805833,910833,532660,811610,916610
Sep-24,256393,701065,791065,253612,695795,785795,267098,719899,809899,260143,713514,803514,254195,709551,799551,261656,715212,805212
Oct-24,142337,661124,766124,142677,665033,770033,151486,679290,784290,143310,670924,775924,141520,667237,772237,143844,674346,779346
Nov-24,97269,554619,659619,98554,561340,666340,106579,571060,676060,97828,562744,667744,97333,559736,664736,97554,566736,671736
Dec-24,97540,514282,634282,98490,520894,640894,106908,530021,650021,98271,522720,642720,97610,519648,639648,98035,526297,646297
Jan-25,101206,512661,647661,103031,522870,657870,112428,529707,664707,103096,521028,656028,102121,518170,653170,102835,525165,660165
Feb-25,101136,659367,809367,102961,665526,815526,112358,678097,828097,103026,669106,819106,102054,665950,815950,102764,672657,822657
Mar-25,114012,749396,914396,115685,750738,915738,125047,769325,934325,115437,760187,925187,114540,756848,921848,115259,763206,928206
Apr-25,254854,789764,984764,254001,787876,982876,267119,810639,1005639,258511,801355,996355,251750,797673,992673,260368,804373,999373
May-25,897734,750162,855162,888681,747129,852129,917265,772297,877297,915586,764625,869625,889071,760136,865136,926613,766379,871379
Jun-25,1422025,791904,896904,1413260,785037,890037,1445456,814118,919118,1455657,806324,911324,1412425,801948,906948,1476038,808078,913078
Jul-25,898479,810223,930223,894586,801993,921993,921911,833237,953237,921731,825444,945444,894535,820587,940587,932686,827197,947197
Aug-25,517261,797118,902118,515035,788293,893293,537255,819753,924753,530899,812081,917081,514464,807352,912352,535719,813835,918835
Sep-25,256393,701065,791065,255003,696825,786825,269075,722682,812682,261597,715520,805520,255072,710990,800990,263297,717329,807329
Oct-25,142337,661124,766124,143737,665983,770983,153226,681965,786965,144383,672829,777829,142395,668610,773610,145001,676379,781379
Nov-25,97269,554619,659619,99478,562080,667080,108339,573435,678435,98853,564379,669379,98269,560912,665912,98568,568513,673513
Dec-25,97540,514282,634282,99440,521579,641579,108662,532292,652292,99302,524253,644253,98546,520766,640766,99058,527969,647969
Jan-26,101206,512661,647661,103981,523276,658276,114162,531445,666445,104110,522157,657157,103054,518625,653625,103837,526145,661145
Feb-26,101136,659367,809367,103911,666108,816108,114092,680074,830074,104040,670443,820443,102988,666566,816566,103767,673832,823832
Mar-26,114012,749396,914396,116620,751452,916452,126767,771487,936487,116411,761687,926687,115437,757583,922583,116234,764533,929533
Apr-26,254854,789764,984764,255079,788639,983639,269003,812898,1007898,259754,802952,997952,252360,798455,993455,261825,805797,1000797
May-26,897734,750162,855162,891153,747974,852974,920609,774720,879720,919040,766367,871367,890192,760989,865989,931218,767938,872938
Jun-26,1422025,791904,896904,1417200,785882,890882,1449887,816540,921540,1461427,808065,913065,1414423,802800,907800,1483899,809635,914635
Jul-26,898479,810223,930223,897808,802890,922890,925455,835759,955759,925573,827284,947284,896097,821487,941487,937657,828854,948854
Aug-26,517261,797118,902118,517228,789162,894162,540122,822223,927223,533410,813869,918869,515615,808225,913225,538735,815440,920440
Sep-26,256393,701065,791065,256395,697615,787615,271014,725013,815013,263014,717203,807203,255949,711791,801791,264900,718833,808833
Oct-26,142337,661124,766124,144797,666693,771693,154929,684190,789190,145418,674413,779413,143270,669347,774347,146120,677800,782800
Nov-26,97269,554619,659619,100402,562588,667588,110061,575372,680372,99840,565706,670706,99206,561464,666464,99544,569691,674691
Dec-26,97540,514282,634282,100390,522043,642043,110378,534138,654138,100295,525491,645491,99481,521275,641275,100043,529056,649056
Jan-27,101206,512661,647661,104931,525366,660366,115896,533351,668351,105123,523276,658276,103988,519165,654165,104840,527075,662075
Feb-27,101136,659367,809367,104861,668369,818369,115826,682216,832216,105053,671764,821764,103921,667264,817264,104770,674951,824951
Mar-27,114012,749396,914396,117555,753840,918840,128487,773808,938808,117385,763164,928164,116335,758397,923397,117209,765800,930800
Apr-27,254854,789764,984764,256157,791067,986067,270887,815306,1010306,260996,804516,999516,252970,799311,994311,263281,807151,1002151
May-27,897734,750162,855162,893624,750478,855478,923953,777283,882283,922493,768057,873057,891312,761910,866910,935824,769416,874416
Jun-27,1422025,791904,896904,1421140,788384,893384,1454318,819103,924103,1467196,809756,914756,1416422,803720,908720,1491761,811112,916112
Jul-27,898479,810223,930223,901031,805435,925435,928999,838411,958411,929416,829064,949064,897659,822450,942450,942628,830421,950421
Aug-27,517261,797118,902118,519421,791683,896683,542989,824828,929828,535921,815603,920603,516766,809165,914165,541752,816961,921961
Sep-27,256393,701065,791065,257787,700060,790060,272953,727485,817485,264430,718835,808835,256826,712661,802661,266503,720256,810256
Oct-27,142337,661124,766124,145857,669059,774059,156632,686555,791555,146453,675957,780957,144145,670152,775152,147239,679142,784142
Nov-27,97269,554619,659619,101326,564762,669762,111783,577459,682459,100827,567006,672006,100142,562092,667092,100520,570800,675800
Dec-27,97540,514282,634282,101340,524181,644181,112094,536143,656143,101288,526708,646708,100416,521862,641862,101029,530082,650082
Jan-28,101206,512661,647661,105881,528598,663598,117629,535228,670228,106137,524377,659377,104921,519686,654686,105843,528047,663047
Feb-28,101136,659367,809367,105811,671771,821771,117559,684321,834321,106067,673058,823058,104855,667938,817938,105773,676105,826105
Mar-28,114012,749396,914396,118490,757370,922370,130207,776086,941086,118359,764607,929607,117233,759184,924184,118184,767095,932095
Apr-28,254854,789764,984764,257235,794636,989636,272770,817660,1012660,262238,806035,1001035,253581,800132,995132,264738,808521,1003521
May-28,897734,750162,855162,896095,754122,859122,927297,779778,884778,925947,769688,874688,892433,762788,867788,940429,770897,875897
Jun-28,1422025,791904,896904,1425080,792027,897027,1458749,821598,926598,1472966,811385,916385,1418420,804597,909597,1499623,812593,917593
Jul-28,898479,810223,930223,904253,809120,929120,932543,840984,960984,933258,830772,950772,899222,823363,943363,947599,831979,951979
Aug-28,517261,797118,902118,521614,795346,900346,545856,827360,932360,538432,817269,922269,517916,810058,915058,544768,818478,923478
Sep-28,256393,701065,791065,259178,703645,793645,274893,729890,819890,265846,720408,810408,257703,713487,803487,268107,721683,811683
Oct-28,142337,661124,766124,146917,672565,777565,158335,688853,793853,147488,677444,782444,145020,670916,775916,148359,680489,785489
Nov-28,97269,554619,659619,102250,568077,673077,113505,579491,684491,101814,568262,673262,101079,562684,667684,101496,571927,676927
Dec-28,97540,514282,634282,102290,527461,647461,113810,538106,658106,102281,527893,647893,101351,522423,642423,102014,531138,651138
Jan-29,101206,512661,647661,106831,529172,664172,119363,537076,672076,107151,525456,660456,105854,522532,657532,106846,530203,665203
Feb-29,101136,659367,809367,106761,672511,822511,119293,686391,836391,107080,674324,824324,105788,670934,820934,106776,678437,828437
Mar-29,114012,749396,914396,119425,758232,923232,131928,778324,943324,119333,766016,931016,118131,762289,927289,119160,769562,934562
Apr-29,254854,789764,984764,258312,795528,990528,274654,819961,1014961,263481,807506,1002506,254191,803264,998264,266195,811051,1006051
May-29,897734,750162,855162,898567,755077,860077,930641,782208,887208,929400,771259,876259,893554,765972,870972,945035,773526,878526
Jun-29,1422025,791904,896904,1429020,792981,897981,1463181,824027,929027,1478736,812956,917956,1420418,807780,912780,1507484,815221,920221
Jul-29,898479,810223,930223,907476,810108,930108,936087,843479,963479,937101,832408,952408,900784,826574,946574,952570,834673,954673
Aug-29,517261,797118,902118,523807,796315,901315,548724,829819,934819,540943,818870,923870,519067,813254,918254,547784,821137,926137
Sep-29,256393,701065,791065,260570,704544,794544,276832,732229,822229,267263,721920,811920,258580,716617,806617,269710,724256,814256
Oct-29,142337,661124,766124,147977,673386,778386,160037,691086,796086,148523,678873,783873,145895,673984,778984,149478,682984,787984
Nov-29,97269,554619,659619,103174,568716,673716,115227,581471,686471,102800,569471,674471,102016,565588,670588,102472,574213,679213
Dec-29,97540,514282,634282,103241,528073,648073,115526,540029,660029,103274,529043,649043,102286,525302,645302,102999,533365,653365
Jan-30,101206,512661,647661,107781,529635,664635,121097,539652,674652,108164,526451,661451,106787,523589,658589,107849,531704,666704
Feb-30,101136,659367,809367,107711,673105,823105,121027,689158,839158,108094,675476,825476,106722,672109,822109,107779,680083,830083
Mar-30,114012,749396,914396,120360,758898,923898,133648,781212,946212,120307,767264,932264,119028,763526,928526,120135,771296,936296
Apr-30,254854,789764,984764,259390,796230,991230,276538,822926,1017926,264723,808830,1003830,254801,804541,999541,267652,812861,1007861
May-30,897734,750162,855162,901038,755802,860802,933984,785271,890271,932854,772650,877650,894675,767266,872266,949640,775402,880402
Jun-30,1422025,791904,896904,1432960,793720,898720,1467612,827105,932105,1484506,814361,919361,1422417,809088,914088,1515346,817111,922111
Jul-30,898479,810223,930223,910698,810855,930855,939631,846606,966606,940944,833862,953862,902346,827894,947894,957541,836612,956612
Aug-30,517261,797118,902118,526000,797064,902064,551591,832926,937926,543454,820305,925305,520218,814573,919573,550801,823057,928057
Sep-30,256393,701065,791065,261962,705242,795242,278771,735230,825230,268679,723283,813283,259457,717889,807889,271313,726107,816107
Oct-30,142337,661124,766124,149037,674021,779021,161740,693997,798997,149558,680168,785168,146770,675210,780210,150597,684773,789773
Nov-30,97269,554619,659619,104098,569224,674224,116948,584176,689176,103787,570594,675594,102952,566698,671698,103448,575841,680841
Dec-30,97540,514282,634282,104191,528565,648565,117242,542677,662677,104267,530108,650108,103221,526388,646388,103985,534936,654936
Jan-31,101206,512661,647661,108746,524987,659987,122877,542903,677903,109236,526911,661911,107727,528661,663661,108910,537183,672183
Feb-31,101136,659367,809367,108676,668618,818618,122806,692625,842625,109166,676115,826115,107662,677326,827326,108840,685730,835730
Mar-31,114012,749396,914396,121310,754528,919528,135414,784838,949838,121339,768038,933038,119933,768846,933846,121168,777070,942070
Apr-31,254854,789764,984764,260501,791879,986879,278539,826601,1021601,266094,809654,1004654,255436,809879,1004879,269238,818684,1013684
May-31,897734,750162,855162,903459,751497,856497,937336,789062,894062,936329,773557,878557,895736,772648,877648,954267,781312,886312
Jun-31,1422025,791904,896904,1436568,789414,894414,1471759,830896,935896,1490005,815267,920267,1424074,814469,919469,1522937,823020,928020
Jul-31,898479,810223,930223,913466,806572,926572,942718,850449,970449,944342,834820,954820,903444,833294,953294,962068,842573,962573
Aug-31,517261,797118,902118,527859,792768,897768,554136,836741,941741,545656,821235,926235,521026,819963,924963,553508,828991,933991
Sep-31,256393,701065,791065,263286,700888,790888,280619,738929,828929,270016,724132,814132,260259,723214,813214,272837,731958,821958
Oct-31,142337,661124,766124,150099,669590,774590,163466,697592,802592,150628,680935,785935,147640,680475,785475,151751,690547,795547
Nov-31,97269,554619,659619,105027,564621,669621,118716,587531,692531,104832,571157,676157,103886,571809,676809,104482,581422,686422
Dec-31,97540,514282,634282,105155,523945,643945,119005,545989,665989,105318,530625,650625,104163,531483,651483,105028,540472,660472
Jan-32,101206,512661,647661,109711,525261,660261,124656,546117,681117,110307,528775,663775,108667,530218,665218,109971,539144,674144
Feb-32,101136,659367,809367,109640,669051,819051,124586,696052,846052,110237,678158,828158,108602,679026,829026,109901,687857,837857
Mar-32,114012,749396,914396,122259,755077,920077,137180,788423,953423,122371,770215,935215,120837,770649,935649,122201,779323,944323
Apr-32,254854,789764,984764,261612,792448,987448,280540,830233,1025233,267466,811877,1006877,256071,811698,1006698,270824,820982,1015982
May-32,897734,750162,855162,905880,752111,857111,940688,792802,897802,939803,775856,880856,896797,774499,879499,958893,783685,888685
Jun-32,1422025,791904,896904,1440175,790027,895027,1475907,834635,939635,1495505,817566,922566,1425731,816319,921319,1530528,825392,930392
Jul-32,898479,810223,930223,916234,807207,927207,945805,854237,974237,947741,837168,957168,904543,835162,955162,966595,844994,964994
Aug-32,517261,797118,902118,529717,793390,898390,556681,840502,945502,547859,823557,928557,521833,821820,926820,556216,831385,936385
Sep-32,256393,701065,791065,264611,701451,791451,282467,742581,832581,271353,726378,816378,261061,725018,815018,274361,734280,824280
Oct-32,142337,661124,766124,151162,670076,775076,165192,701141,806141,151698,683099,788099,148510,682220,787220,152905,692796,797796
Nov-32,97269,554619,659619,105956,564937,669937,120485,590843,695843,105877,573119,678119,104819,573402,678402,105516,583480,688480
Dec-32,97540,514282,634282,106120,524246,644246,120767,549260,669260,106370,532545,652545,105105,533061,653061,106071,542486,662486
Jan-33,101206,512661,647661,110675,525527,660527,126436,549306,684306,111379,530613,665613,109607,531755,666755,111032,541079,676079
Feb-33,101136,659367,809367,110605,669478,819478,126366,699453,849453,111309,680173,830173,109542,680707,830707,110962,689957,839957
Mar-33,114012,749396,914396,123209,755619,920619,138947,791981,956981,123403,772362,937362,121742,772432,937432,123234,781546,946546
Apr-33,254854,789764,984764,262722,793008,988008,282541,833836,1028836,268838,814068,1009068,256706,813498,1008498,272410,823249,1018249
May-33,897734,750162,855162,908301,752716,857716,944040,796508,901508,943278,778120,883120,897858,776331,881331,963520,786022,891022
Jun-33,1422025,791904,896904,1443783,790630,895630,1480054,838341,943341,1501004,819829,924829,1427388,818149,923149,1538119,827728,932728
Jul-33,898479,810223,930223,919003,807832,927832,948892,857990,977990,951140,839478,959478,905642,837011,957011,971122,847376,967376
Aug-33,517261,797118,902118,531576,794002,899002,559226,844229,949229,550061,825841,930841,522640,823658,928658,558924,833743,938743
Sep-33,256393,701065,791065,265935,702005,792005,284316,746201,836201,272690,728589,818589,261863,726803,816803,275885,736567,826567
Oct-33,142337,661124,766124,152225,670554,775554,166918,704658,809658,152768,685230,790230,149380,683947,788947,154060,695011,800011
Nov-33,97269,554619,659619,106885,565245,670245,122253,594126,699126,106922,575050,680050,105753,574976,679976,106550,585507,690507
Dec-33,97540,514282,634282,107085,524539,644539,122529,552504,672504,107421,534435,654435,106047,534620,654620,107115,544472,664472
Jan-34,101206,512661,647661,111640,525789,660789,128216,552558,687558,112451,532441,667441,110547,533284,668284,112093,543067,678067
Feb-34,101136,659367,809367,111570,669899,819899,128146,702915,852915,112381,682176,832176,110483,682376,832376,112023,692107,842107
Mar-34,114012,749396,914396,124159,756155,921155,140713,795599,960599,124435,774495,939495,122647,774201,939201,124267,783816,948816
Apr-34,254854,789764,984764,263833,793562,988562,284542,837495,1032495,270209,816243,1011243,257341,815279,1010279,273996,825561,1020561
May-34,897734,750162,855162,910722,753312,858312,947391,800269,905269,946753,780366,885366,898920,778139,883139,968147,788396,893396
Jun-34,1422025,791904,896904,1447391,791226,896226,1484202,842101,947101,1506504,822073,927073,1429045,819957,924957,1545711,830101,935101
Jul-34,898479,810223,930223,921771,808448,928448,951979,861794,981794,954538,841767,961767,906741,838832,958832,975649,849794,969794
Aug-34,517261,797118,902118,533435,794607,899607,561771,848009,953009,552263,828106,933106,523448,825471,930471,561631,836137,941137
Sep-34,256393,701065,791065,267260,702552,792552,286164,749875,839875,274026,730780,820780,262664,728564,818564,277409,738892,828892
Oct-34,142337,661124,766124,153288,671025,776025,168645,708229,813229,153839,687342,792342,150250,685651,790651,155214,697270,802270
Nov-34,97269,554619,659619,107814,565546,670546,124021,597467,702467,107967,576966,681966,106686,576533,681533,107585,587582,692582
Dec-34,97540,514282,634282,108050,524826,644826,124292,555808,675808,108472,536313,656313,106989,536165,656165,108158,546508,666508
Jan-35,101206,512661,647661,112605,526002,661002,129996,555755,690755,113522,534091,669091,111487,534648,669648,113154,545276,680276
Feb-35,101136,659367,809367,112535,670258,820258,129926,706309,856309,113452,683987,833987,111423,683869,833869,113084,694464,844464
Mar-35,114012,749396,914396,125109,756618,921618,142480,799133,964133,125467,776422,941422,123551,775782,940782,125300,786279,951279
Apr-35,254854,789764,984764,264943,794019,989019,286543,841042,1036042,271581,818183,1013183,257976,816850,1011850,275582,828037,1023037
May-35,897734,750162,855162,913143,753790,858790,950743,803889,908889,950228,782346,887346,899981,779713,884713,972773,790906,895906
Jun-35,1422025,791904,896904,1450998,791702,896702,1488350,845720,950720,1512003,824053,929053,1430702,821530,926530,1553302,832610,937610
Jul-35,898479,810223,930223,924539,808922,928922,955066,865429,985429,957937,843762,963762,907839,840397,960397,980176,852319,972319
Aug-35,517261,797118,902118,535293,795080,900080,564316,851634,956634,554466,830092,935092,524255,827038,932038,564339,838652,943652
Sep-35,256393,701065,791065,268585,702979,792979,288012,753408,843408,275363,732708,822708,263466,730091,820091,278933,741352,831352
Oct-35,142337,661124,766124,154350,671377,776377,170371,711661,816661,154909,689191,794191,151119,687122,792122,156368,699664,804664
Nov-35,97269,554619,659619,108743,565753,670753,125789,600696,705696,109012,578647,683647,107619,577879,682879,108619,589822,694822
Dec-35,97540,514282,634282,109015,525041,645041,126054,559029,679029,109523,537984,657984,107930,537523,657523,109202,548736,668736
Jan-36,101206,512661,647661,113248,526300,661300,131699,558800,693800,114399,535889,670889,112097,535997,670997,113899,547571,682571
Feb-36,101136,659367,809367,113178,670699,820699,131628,709552,859552,114329,685966,835966,112033,685354,835354,113829,696924,846924
Mar-36,114012,749396,914396,125744,757173,922173,144189,802534,967534,126329,778546,943546,124141,777373,942373,126034,788873,953873
Apr-36,254854,789764,984764,265759,794649,989649,288909,844552,1039552,273019,820415,1015415,258532,818515,1013515,276948,830738,1025738
May-36,897734,750162,855162,915135,754520,859520,957198,807566,912566,954862,784714,889714,901124,781466,886466,977122,793737,898737
Jun-36,1422025,791904,896904,1454022,792430,897430,1497992,849396,954396,1519379,826420,931420,1432583,823281,928281,1560330,835439,940439
Jul-36,898479,810223,930223,926868,809729,929729,960533,869217,989217,962022,846241,966241,909140,842224,962224,984262,855260,975260
Aug-36,517261,797118,902118,536767,795846,900846,567685,855364,960364,556770,832513,937513,525111,828827,933827,566624,841535,946535
Sep-36,256393,701065,791065,269577,703673,793673,290137,757013,847013,276618,735032,825032,264137,731809,821809,280097,744142,834142
Oct-36,142337,661124,766124,155111,672012,777012,172223,715182,820182,155894,691447,796447,151747,688796,793796,157241,702401,807401
Nov-36,97269,554619,659619,109358,566205,671205,127480,603964,708964,109870,580667,685667,108219,579379,684379,109344,592337,697337
Dec-36,97540,514282,634282,109664,525422,645422,127749,562193,682193,110393,539898,659898,108543,538950,658950,109942,551144,671144
Jan-37,101206,512661,647661,113892,526554,661554,133401,562495,697495,115276,537368,672368,112707,537280,672280,114644,549778,684778
Feb-37,101136,659367,809367,113822,671085,821085,133331,713432,863432,115205,687612,837612,112644,686761,836761,114573,699284,849284
Mar-37,114012,749396,914396,126380,757663,922663,145898,806560,971560,127191,780325,945325,124731,778875,943875,126769,791354,956354
Apr-37,254854,789764,984764,266574,795192,990192,291274,848662,1043662,274456,822278,1017278,259089,820068,1015068,278315,833303,1028303
May-37,897734,750162,855162,917128,755141,860141,963654,811818,916818,959496,786688,891688,902268,783084,888084,981470,796406,901406
Jun-37,1422025,791904,896904,1457046,793050,898050,1507635,853648,958648,1526754,828392,933392,1434463,824898,929898,1567358,838107,943107
Jul-37,898479,810223,930223,929198,810406,930406,966001,873556,993556,966107,848300,968300,910441,843895,963895,988348,858015,978015
Aug-37,517261,797118,902118,538242,796493,901493,571054,859657,964657,559074,834526,939526,525967,830469,935469,568909,844245,949245
Sep-37,256393,701065,791065,270570,704259,794259,292263,761193,851193,277872,736961,826961,264807,733392,823392,281261,746770,836770
Oct-37,142337,661124,766124,155872,672538,777538,174074,719278,824278,156880,693309,798309,152375,690336,795336,158115,704976,809976
Nov-37,97269,554619,659619,109974,566571,671571,129171,607832,712832,110728,582318,687318,108818,580768,685768,110069,594716,699716
Dec-37,97540,514282,634282,110313,525737,645737,129445,565982,685982,111262,541468,661468,109155,540288,660288,110683,553441,673441
Jan-38,101206,512661,647661,114535,526807,661807,135103,566119,701119,116152,538478,673478,113318,538546,673546,115388,551949,686949
Feb-38,101136,659367,809367,114465,671471,821471,135033,717242,867242,116082,688891,838891,113255,688150,838150,115318,701607,851607
Mar-38,114012,749396,914396,127016,758152,923152,147607,810516,975516,128053,781736,946736,125321,780361,945361,127503,793799,958799
Apr-38,254854,789764,984764,267390,795736,990736,293640,852703,1047703,275894,823774,1018774,259645,821605,1016605,279681,835833,1030833
May-38,897734,750162,855162,919121,755765,860765,970109,816003,921003,964130,788294,893294,903411,784687,889687,985819,799041,904041
Jun-38,1422025,791904,896904,1460069,793672,898672,1517278,857832,962832,1534130,829998,934998,1436344,826500,931500,1574387,840740,945740
Jul-38,898479,810223,930223,931528,811087,931087,971468,877828,997828,970192,849994,969994,911742,845553,965553,992433,860736,980736
Aug-38,517261,797118,902118,539716,797143,902143,574423,863883,968883,561378,836174,941174,526822,832098,937098,571194,846920,951920
Sep-38,256393,701065,791065,271562,704847,794847,294389,765306,855306,279126,738525,828525,265478,734961,824961,282425,749365,839365
Oct-38,142337,661124,766124,156632,673067,778067,175926,723307,828307,157866,694805,799805,153003,691862,796862,158988,707518,812518
Nov-38,97269,554619,659619,110589,566938,671938,130863,611632,716632,111587,583603,688603,109417,582141,687141,110794,597061,702061
Dec-38,97540,514282,634282,110962,526053,646053,131141,569702,689702,112132,542671,662671,109767,541609,661609,111423,555702,675702
Jan-39,101206,512661,647661,115178,527061,662061,136806,569678,704678,117029,539693,674693,113928,539795,674795,116133,554084,689084
Feb-39,101136,659367,809367,115108,671857,821857,136736,720987,870987,116959,690273,840273,113865,689524,839524,116063,703895,853895
Mar-39,114012,749396,914396,127652,758643,923643,149316,814407,979407,128916,783252,948252,125911,781831,946831,128238,796209,961209
Apr-39,254854,789764,984764,268205,796283,991283,296005,856681,1051681,277332,825377,1020377,260201,823130,1018130,281048,838329,1033329
May-39,897734,750162,855162,921114,756393,861393,976564,820125,925125,968764,790008,895008,904554,786279,891279,990167,801642,906642
Jun-39,1422025,791904,896904,1463093,794299,899299,1526921,861953,966953,1541506,831710,936710,1438225,828090,933090,1581415,843339,948339
Jul-39,898479,810223,930223,933857,811773,931773,976936,882039,1002039,974277,851796,971796,913043,847199,967199,996519,863425,983425
Aug-39,517261,797118,902118,541190,797797,902797,577792,868047,973047,563683,837930,942930,527678,833715,938715,573479,849563,954563
Sep-39,256393,701065,791065,272554,705440,795440,296515,769356,859356,280380,740195,830195,266148,736517,826517,283589,751926,841926
Oct-39,142337,661124,766124,157393,673601,778601,177778,727274,832274,158851,696410,801410,153630,693377,798377,159861,710027,815027
Nov-39,97269,554619,659619,111205,567309,672309,132554,615369,720369,112445,584995,689995,110017,583503,688503,111519,599372,704372
Dec-39,97540,514282,634282,111611,526370,646370,132836,573357,693357,113002,543978,663978,110379,542917,662917,112164,557927,677927
Jan-40,101206,512661,647661,115821,527581,662581,138508,573443,708443,117905,541154,676154,114538,541294,676294,116878,556448,691448
Feb-40,101136,659367,809367,115751,673575,823575,138438,726002,876002,117835,692967,842967,114476,692212,842212,116807,707477,857477
Mar-40,114012,749396,914396,128288,761530,926530,151026,820633,985633,129778,787144,952144,126500,785680,950680,128972,800977,965977
Apr-40,254854,789764,984764,269020,799759,994759,298371,863527,1058527,278770,829888,1024888,260757,827565,1022565,282414,843716,1038716
May-40,897734,750162,855162,923107,760482,865482,983020,827649,932649,973399,795164,900164,905698,791314,896314,994516,807668,912668
Jun-40,1422025,791904,896904,1466116,798653,903653,1536564,869741,974741,1548881,837131,942131,1440106,833389,938389,1588443,849629,954629
Jul-40,898479,810223,930223,936187,817252,937252,982404,890983,1010983,978362,858372,978372,914344,853622,973622,1000604,870871,990871
Aug-40,517261,797118,902118,542664,801915,906915,581161,875612,980612,565987,843128,948128,528533,838777,943777,575765,855631,960631
Sep-40,256393,701065,791065,273547,708430,798430,298641,775743,865743,281635,744244,834244,266819,740454,830454,284753,756847,846847
Oct-40,142337,661124,766124,158154,674937,779937,179630,731983,836983,159837,698798,803798,154258,695676,800676,160734,713303,818303
Nov-40,97269,554619,659619,111820,568480,673480,134245,619847,724847,113303,587168,692168,110616,585647,690647,112244,602448,707448
Dec-40,97540,514282,634282,112260,526956,646956,134532,577219,697219,113872,545534,665534,110991,544474,664474,112905,560384,680384
Jan-41,101206,512661,647661,116119,528329,663329,139939,577323,712323,118461,542771,677771,114838,543035,678035,117302,558950,693950
Feb-41,101136,659367,809367,116049,676526,826526,139869,732140,882140,118391,696824,846824,114776,696149,846149,117232,712202,862202
Mar-41,114012,749396,914396,128579,766654,931654,152463,828988,993988,130320,793204,958204,126780,791783,956783,129386,807895,972895
Apr-41,254854,789764,984764,269429,805978,1000978,300306,873006,1068006,279729,837072,1032072,261073,834760,1029760,283728,851758,1046758
May-41,897734,750162,855162,924499,767816,872816,988803,838308,943308,977306,803496,908496,906891,799613,904613,999288,816851,921851
Jun-41,1422025,791904,896904,1468486,806502,911502,1545500,880917,985917,1555496,845979,950979,1442188,842204,947204,1596202,859329,964329
Jul-41,898479,810223,930223,937780,827233,947233,987434,904320,1024320,981956,869382,989382,915677,864566,984566,1005007,882732,1002732
Aug-41,517261,797118,902118,543496,809276,914276,584197,886315,991315,567903,851503,956503,529230,847103,952103,578045,864858,969858
Sep-41,256393,701065,791065,274048,713659,803659,300531,784262,874262,282605,750463,840463,267276,746648,836648,285632,763922,853922
Oct-41,142337,661124,766124,158536,677007,782007,181216,737316,842316,160508,701849,806849,154595,698727,803727,161293,717223,822223
Nov-41,97269,554619,659619,112097,570386,675386,135664,624947,729947,113841,590004,695004,110888,588541,693541,112649,606167,711167
Dec-41,97540,514282,634282,112563,527769,647769,135955,581200,701200,114421,547248,667248,111293,546276,666276,113325,562980,682980
Jan-42,101206,512661,647661,116418,528697,663697,141369,580634,715634,119017,543856,678856,115138,544293,679293,117726,560900,695900
Feb-42,101136,659367,809367,116348,677027,827027,141299,735638,885638,118947,698079,848079,115076,697533,847533,117656,714308,864308
Mar-42,114012,749396,914396,128869,767261,932261,153900,832634,997634,130862,794594,959594,127059,793265,958265,129800,810124,975124
Apr-42,254854,789764,984764,269838,806645,1001645,302241,876743,1071743,280688,838553,1033553,261390,836301,1031301,285041,854078,1049078
May-42,897734,750162,855162,925892,768563,873563,994587,842193,947193,981214,805092,910092,908084,801224,906224,1004060,819279,924279
Jun-42,1422025,791904,896904,1470856,807248,912248,1554436,884801,989801,1562111,847573,952573,1444269,843814,948814,1603960,861755,966755
Jul-42,898479,810223,930223,939373,828043,948043,992464,908299,1028299,985549,871071,991071,917010,866237,986237,1009410,885253,1005253
Aug-42,517261,797118,902118,544328,810052,915052,587233,890244,995244,569820,853143,958143,529928,848742,953742,580326,867330,972330
Sep-42,256393,701065,791065,274549,714370,804370,302421,788075,878075,283574,752016,842016,267733,748225,838225,286512,766310,856310
Oct-42,142337,661124,766124,158918,677667,782667,182802,741048,846048,161179,703338,808338,154931,700263,805263,161852,719562,824562
Nov-42,97269,554619,659619,112373,570879,675879,137084,628445,733445,114379,591275,696275,111159,589920,694920,113053,608303,713303
Dec-42,97540,514282,634282,112867,528204,648204,137379,584611,704611,114970,548431,668431,111594,547596,667596,113745,565026,685026
Jan-43,101206,512661,647661,116716,529395,664395,142800,584040,719040,119574,545094,680094,115438,545525,680525,118150,563187,698187
Feb-43,101136,659367,809367,116646,677859,827859,142730,739233,889233,119503,699487,849487,115376,698892,848892,118080,716750,866750
Mar-43,114012,749396,914396,129160,768199,933199,155338,836378,1001378,131403,796138,961138,127339,794724,959724,130214,812692,977692
Apr-43,254854,789764,984764,270246,807644,1002644,304175,880580,1075580,281646,840189,1035189,261706,837820,1032820,286355,856737,1051737
May-43,897734,750162,855162,927284,769645,874645,1000370,846179,951179,985122,806845,911845,909277,802815,907815,1008833,822049,927049
Jun-43,1422025,791904,896904,1473225,808328,913328,1563373,888786,993786,1568725,849324,954324,1446351,845403,950403,1611718,864523,969523
Jul-43,898479,810223,930223,940966,829189,949189,997494,912380,1032380,989142,872918,992918,918343,867890,987890,1013814,888117,1008117
Aug-43,517261,797118,902118,545160,811164,916164,590269,894275,999275,571736,854941,959941,530625,850362,955362,582607,870145,975145
Sep-43,256393,701065,791065,275050,715416,805416,304311,791989,881989,284544,753725,843725,268190,749780,839780,287392,769039,859039
Oct-43,142337,661124,766124,159300,678661,783661,184387,744882,849882,161850,704985,809985,155267,701780,806780,162411,722243,827243
Nov-43,97269,554619,659619,112650,571706,676706,138503,632043,737043,114916,592703,697703,111431,591276,696276,113458,610780,715780
Dec-43,97540,514282,634282,113171,528970,648970,138803,588119,708119,115519,549768,669768,111896,548892,668892,114165,567410,687410
Jan-44,101206,512661,647661,117014,530638,665638,144230,587472,722472,120130,546356,681356,115738,546737,681737,118574,565620,700620
Feb-44,101136,659367,809367,116944,679238,829238,144160,742854,892854,120060,700921,850921,115676,700232,850232,118504,719340,869340
Mar-44,114012,749396,914396,129451,769683,934683,156775,840149,1005149,131945,797709,962709,127618,796163,961163,130628,815406,980406
Apr-44,254854,789764,984764,270655,809193,1004193,306110,884446,1079446,282605,841854,1036854,262022,839321,1034321,287668,859546,1054546
May-44,897734,750162,855162,928677,771278,876278,1006154,850196,955196,989030,808628,913628,910470,804390,909390,1013605,824970,929970
Jun-44,1422025,791904,896904,1475595,809959,914959,1572309,892801,997801,1575340,851106,956106,1448433,846976,951976,1619476,867442,972442
Jul-44,898479,810223,930223,942559,830888,950888,1002525,916493,1036493,992736,874798,994798,919676,869529,989529,1018217,891134,1011134
Aug-44,517261,797118,902118,545992,812828,917828,593305,898338,1003338,573652,856770,961770,531322,851967,956967,584888,873112,978112
Sep-44,256393,701065,791065,275551,717013,807013,306201,795934,885934,285514,755465,845465,268647,751320,841320,288271,771920,861920
Oct-44,142337,661124,766124,159682,680205,785205,185973,748746,853746,162521,706662,811662,155604,703281,808281,162970,725075,830075
Nov-44,97269,554619,659619,112926,573082,678082,139922,635669,740669,115454,594160,699160,111703,592616,697616,113863,613406,718406
Dec-44,97540,514282,634282,113475,530283,650283,140226,591655,711655,116069,551132,671132,112198,550169,670169,114585,569942,689942
Jan-45,101206,512661,647661,117312,531830,666830,145661,590855,725855,120686,547610,682610,116038,547927,682927,118999,568005,703005
Feb-45,101136,659367,809367,117242,680565,830565,145591,746428,896428,120616,702347,852347,115977,701551,851551,118929,721881,871881
Mar-45,114012,749396,914396,129742,771118,936118,158212,843873,1008873,132487,799272,964272,127898,797583,962583,131042,818074,983074
Apr-45,254854,789764,984764,271064,810693,1005693,308045,888267,1083267,283564,843514,1038514,262338,840805,1035805,288982,862310,1057310
May-45,897734,750162,855162,930069,772865,877865,1011938,854170,959170,992938,810407,915407,911663,805949,910949,1018378,827847,932847
Jun-45,1422025,791904,896904,1477965,811544,916544,1581245,896774,1001774,1581954,852884,957884,1450515,848533,953533,1627235,870318,975318
Jul-45,898479,810223,930223,944152,832543,952543,1007555,920567,1040567,996329,876676,996676,921010,871153,991153,1022620,894110,1014110
Aug-45,517261,797118,902118,546825,814446,919446,596341,902359,1007359,575569,858596,963596,532020,853557,958557,587168,876036,981036
Sep-45,256393,701065,791065,276052,718563,808563,308091,799836,889836,286484,757201,847201,269104,752845,842845,289151,774756,864756
Oct-45,142337,661124,766124,160064,681704,786704,187559,752569,857569,163193,708336,813336,155940,704766,809766,163528,727863,832863
Nov-45,97269,554619,659619,113203,574409,679409,141342,639252,744252,115992,595611,700611,111975,593938,698938,114267,615987,720987
Dec-45,97540,514282,634282,113779,531547,651547,141650,595145,715145,116618,552489,672489,112500,551427,671427,115005,572427,692427
Jan-46,101206,512661,647661,117610,532501,667501,147091,594194,729194,121242,548855,683855,116338,549096,684096,119423,570340,705340
Feb-46,101136,659367,809367,117540,681373,831373,147021,749958,899958,121172,703766,853766,116277,702850,852850,119353,724375,874375
Mar-46,114012,749396,914396,130032,772035,937035,159650,847555,1012555,133029,800829,965829,128177,798983,963983,131456,820695,985695
Apr-46,254854,789764,984764,271472,811677,1006677,309980,892048,1087048,284523,845170,1040170,262654,842271,1037271,290295,865029,1060029
May-46,897734,750162,855162,931462,773936,878936,1017721,858104,963104,996846,812184,917184,912856,807492,912492,1023150,830682,935682
Jun-46,1422025,791904,896904,1480335,812614,917614,1590182,900708,1005708,1588569,854659,959659,1452596,850075,955075,1634993,873151,978151
Jul-46,898479,810223,930223,945745,833683,953683,1012585,924602,1044602,999922,878554,998554,922343,872764,992764,1027023,897045,1017045
Aug-46,517261,797118,902118,547657,815549,920549,599377,906341,1011341,577485,860421,965421,532717,855132,960132,589449,878918,983918
Sep-46,256393,701065,791065,276553,719598,809598,309981,803699,893699,287454,758935,848935,269561,754353,844353,290031,777551,867551
Oct-46,142337,661124,766124,160446,682687,787687,189145,756352,861352,163864,710008,815008,156276,706235,811235,164087,730610,835610
Nov-46,97269,554619,659619,113479,575220,680220,142761,642793,747793,116530,597058,702058,112247,595242,700242,114672,618524,723524
Dec-46,97540,514282,634282,114082,532291,652291,143074,598592,718592,117167,553840,673840,112801,552665,672665,115426,574866,694866
Jan-47,101206,512661,647661,117908,533168,668168,148522,597484,732484,121798,550834,685834,116638,550241,685241,119847,572625,707625
Feb-47,101136,659367,809367,117838,682178,832178,148452,753440,903440,121728,705919,855919,116577,704126,854126,119777,726819,876819
Mar-47,114012,749396,914396,130323,772948,937948,161087,851189,1016189,133571,803121,968121,128457,800361,965361,131870,823266,988266
Apr-47,254854,789764,984764,271881,812660,1007660,311915,895783,1090783,285482,847562,1042562,262970,843718,1038718,291609,867701,1062701
May-47,897734,750162,855162,932855,775007,880007,1023505,861996,966996,1000754,814701,919701,914049,809017,914017,1027922,833471,938471
Jun-47,1422025,791904,896904,1482704,813684,918684,1599118,904598,1009598,1595183,857175,962175,1454678,851598,956598,1642751,875938,980938
Jul-47,898479,810223,930223,947339,834826,954826,1017616,928597,1048597,1003515,881173,1001173,923676,874359,994359,1031426,899937,1019937
Aug-47,517261,797118,902118,548489,816654,921654,602413,910282,1015282,579402,862986,967986,533414,856690,961690,591730,881756,986756
Sep-47,256393,701065,791065,277054,720633,810633,311871,807519,897519,288424,761407,851407,270018,755844,845844,290910,780299,870299
Oct-47,142337,661124,766124,160827,683672,788672,190731,760093,865093,164535,712419,817419,156613,707688,812688,164646,733312,838312
Nov-47,97269,554619,659619,113756,576030,681030,144180,646290,751290,117067,599243,704243,112519,596527,701527,115077,621014,726014
Dec-47,97540,514282,634282,114386,533033,653033,144497,601992,721992,117716,555926,675926,113103,553882,673882,115846,577256,697256
Jan-48,101206,512661,647661,118206,536336,671336,149952,603234,738234,122354,555300,690300,116938,553866,688866,120271,577363,712363
Feb-48,101136,659367,809367,118136,686485,836485,149882,760384,910384,122284,711560,861560,116877,708883,858883,120201,732717,882717
Mar-48,114012,749396,914396,130614,778865,943865,162524,859787,1024787,134113,810402,975402,128736,806721,971721,132284,830793,995793
Apr-48,254854,789764,984764,272290,818148,1013148,313850,903984,1098984,286441,854446,1049446,263286,849648,1044648,292922,874830,1069830
May-48,897734,750162,855162,934247,781586,886586,1029288,871354,976354,1004661,822711,927711,915242,816028,921028,1032695,841719,946719
Jun-48,1422025,791904,896904,1485074,819761,924761,1608054,913456,1018456,1601798,864683,969683,1456760,858108,963108,1650509,883684,988684
Jul-48,898479,810223,930223,948932,841479,961479,1022646,938061,1058061,1007109,889289,1009289,925009,881442,1001442,1035829,908290,1028290
Aug-48,517261,797118,902118,549321,822768,927768,605449,919190,1024190,581318,870547,975547,534111,863235,968235,594011,889555,994555
Sep-48,256393,701065,791065,277555,726177,816177,313761,815806,905806,289394,768373,858373,270475,761820,851820,291790,787508,877508
Oct-48,142337,661124,766124,161209,688663,793663,192317,767800,872800,165206,718824,823824,156949,713126,818126,165205,739973,844973
Nov-48,97269,554619,659619,114032,579345,684345,145600,652252,757252,117605,603920,708920,112790,600296,705296,115481,625962,730962
Dec-48,97540,514282,634282,114690,536279,656279,145921,607855,727855,118266,560501,680501,113405,557580,677580,116266,582101,702101
Jan-49,101206,512661,647661,118504,537003,672003,151383,606336,741336,122910,557235,692235,117238,554970,689970,120695,579556,714556
Feb-49,101136,659367,809367,118434,687291,837291,151313,763680,913680,122840,713672,863672,117177,710120,860120,120625,735070,885070
Mar-49,114012,749396,914396,130904,779783,944783,163961,863237,1028237,134654,812655,977655,129016,808063,973063,132699,833277,998277
Apr-49,254854,789764,984764,272698,819139,1014139,315785,907540,1102540,287399,856805,1051805,263602,851061,1046061,294236,877419,1072419
May-49,897734,750162,855162,935640,782670,887670,1035072,875071,980071,1008569,825197,930197,916435,817524,922524,1037467,844429,949429
Jun-49,1422025,791904,896904,1487444,820844,925844,1616991,917171,1022171,1608412,867168,972168,1458841,859602,964602,1658267,886392,991392
Jul-49,898479,810223,930223,950525,842638,962638,1027676,941885,1061885,1010702,891882,1011882,926342,883012,1003012,1040233,911107,1031107
Aug-49,517261,797118,902118,550153,823887,928887,608485,922958,1027958,583235,873084,978084,534809,864767,969767,596292,892316,997316
Sep-49,256393,701065,791065,278056,727225,817225,315651,819451,909451,290364,770815,860815,270932,763282,853282,292670,790177,880177
Oct-49,142337,661124,766124,161591,689660,794660,193903,771367,876367,165877,721206,826206,157285,714550,819550,165764,742597,847597
Nov-49,97269,554619,659619,114309,580163,685163,147019,655570,760570,118143,606070,711070,113062,601548,706548,115886,628369,733369
Dec-49,97540,514282,634282,114994,537025,657025,147345,611072,731072,118815,562548,682548,113707,558760,678760,116686,584403,704403
Jan-50,101206,512661,647661,118803,537658,672658,152813,609786,744786,123466,559128,694128,117538,556049,691049,121120,581690,716690
Feb-50,101136,659367,809367,118732,688084,838084,152743,767323,917323,123396,715740,865740,117477,711330,861330,121050,737365,887365
Mar-50,114012,749396,914396,131195,780685,945685,165399,867034,1032034,135196,814863,979863,129295,809376,974376,133113,835699,1000699
Apr-50,254854,789764,984764,273107,820116,1015116,317720,911445,1106445,288358,859120,1054120,263918,852449,1047449,295549,879949,1074949
May-50,897734,750162,855162,937032,783736,888736,1040856,879132,984132,1012477,827636,932636,917628,818989,923989,1042239,847075,952075
Jun-50,1422025,791904,896904,1489813,821908,926908,1625927,921230,1026230,1615027,869605,974605,1460923,861066,966066,1666026,889036,994036
Jul-50,898479,810223,930223,952118,843781,963781,1032707,946056,1066056,1014295,894431,1014431,927675,884553,1004553,1044636,913862,1033862
Aug-50,517261,797118,902118,550985,824989,929989,611521,927071,1032071,585151,875575,980575,535506,866268,971268,598572,895014,1000014
Sep-50,256393,701065,791065,278556,728254,818254,317541,823440,913440,291334,773210,863210,271389,764712,854712,293549,792783,882783
Oct-50,142337,661124,766124,161973,690648,795648,195489,775286,880286,166548,723549,828549,157622,715952,820952,166322,745166,850166
Nov-50,97269,554619,659619,114585,580973,685973,148438,659242,764242,118681,608183,713183,113334,602779,707779,116291,630722,735722
Dec-50,97540,514282,634282,115298,537759,657759,148768,614637,734637,119364,564552,684552,114008,559914,679914,117106,586646,706646
Jan-51,101206,512661,647661,119036,538308,673308,154244,613114,748114,124040,560927,695927,117813,557111,692111,121562,583717,718717
Feb-51,101136,659367,809367,118966,688873,838873,154174,770846,920846,123970,717715,867715,117753,712524,862524,121492,739552,889552
Mar-51,114012,749396,914396,131421,781585,946585,166836,870711,1035711,135756,816979,981979,129550,810674,975674,133544,838017,1003017
Apr-51,254854,789764,984764,273346,821094,1016094,320167,915233,1110233,289847,861347,1056347,264104,853824,1048824,296541,882376,1077376
May-51,897734,750162,855162,937750,784804,889804,1047930,883078,988078,1017696,829988,934988,918191,820444,925444,1046022,849621,954621
Jun-51,1422025,791904,896904,1491267,822974,927974,1636427,925175,1030175,1623225,871956,976956,1462134,862519,967519,1672386,891581,996581
Jul-51,898479,810223,930223,953040,844929,964929,1038456,950115,1070115,1018628,896895,1016895,928382,886087,1006087,1048159,916520,1036520
Aug-51,517261,797118,902118,551438,826094,931094,614844,931071,1036071,587375,877981,982981,535869,867761,972761,600394,897614,1002614
Sep-51,256393,701065,791065,278841,729286,819286,319374,827314,917314,292265,775518,865518,271669,766133,856133,294390,795290,885290
Oct-51,142337,661124,766124,162261,691638,796638,197065,779092,884092,167228,725807,830807,157904,717344,822344,166889,747636,852636
Nov-51,97269,554619,659619,114822,581783,686783,149858,662796,767796,119236,610207,715207,113606,603998,708998,116713,632973,737973
Dec-51,97540,514282,634282,115537,538490,658490,150192,618082,738082,119931,566466,686466,114285,561053,681053,117544,588785,708785
Jan-52,101206,512661,647661,119269,538959,673959,155674,616388,751388,124614,562702,697702,118088,558153,693153,122004,585699,720699
Feb-52,101136,659367,809367,119199,689665,839665,155604,774316,924316,124544,719668,869668,118028,713700,863700,121934,741697,891697
Mar-52,114012,749396,914396,131647,782489,947489,168273,874338,1039338,136315,819074,984074,129804,811956,976956,133976,840293,1005293
Apr-52,254854,789764,984764,273584,822077,1017077,322614,918972,1113972,291336,863554,1058554,264290,855185,1050185,297532,884764,1079764
May-52,897734,750162,855162,938468,785880,890880,1055004,886978,991978,1022914,832324,937324,918755,821887,926887,1049805,852130,957130
Jun-52,1422025,791904,896904,1492721,824048,929048,1646927,929075,1034075,1631424,874290,979290,1463345,863961,968961,1678746,894088,999088
Jul-52,898479,810223,930223,953963,846087,966087,1044205,954131,1074131,1022960,899346,1019346,929090,887611,1007611,1051682,919144,1039144
Aug-52,517261,797118,902118,551891,827209,932209,618168,935027,1040027,589599,880372,985372,536232,869242,974242,602215,900179,1005179
Sep-52,256393,701065,791065,279125,730326,820326,321208,831143,921143,293197,777810,867810,271949,767541,857541,295232,797759,887759
Oct-52,142337,661124,766124,162548,692636,797636,198641,782851,887851,167907,728048,833048,158185,718724,823724,167457,750069,855069
Nov-52,97269,554619,659619,115058,582598,687598,151277,666302,771302,119792,612212,717212,113878,605202,710202,117135,635185,740185
Dec-52,97540,514282,634282,115775,539224,659224,151616,621476,741476,120498,568357,688357,114562,562175,682175,117982,590881,710881
Jan-53,101206,512661,647661,119502,539612,674612,157105,619608,754608,125188,564218,699218,118363,559176,694176,122446,587626,722626
Feb-53,101136,659367,809367,119432,690460,840460,157035,777733,927733,125118,721363,871363,118303,714858,864858,122376,743787,893787
Mar-53,114012,749396,914396,131872,783397,948397,169711,877912,1042912,136875,820913,985913,130059,813220,978220,134408,842516,1007516
Apr-53,254854,789764,984764,273823,823067,1018067,325061,922662,1117662,292825,865509,1060509,264477,856531,1051531,298524,887103,1082103
May-53,897734,750162,855162,939186,786964,891964,1062079,890832,995832,1028133,834409,939409,919318,823318,928318,1053588,854592,959592
Jun-53,1422025,791904,896904,1494175,825131,930131,1657427,932927,1037927,1639622,876373,981373,1464556,865389,970389,1685106,896548,1001548
Jul-53,898479,810223,930223,954885,847255,967255,1049954,958103,1078103,1027292,901549,1021549,929797,889125,1009125,1055206,921724,1041724
Aug-53,517261,797118,902118,552344,828333,933333,621491,938937,1043937,591823,882514,987514,536595,870713,975713,604037,902697,1007697
Sep-53,256393,701065,791065,279409,731375,821375,323042,834925,924925,294128,779852,869852,272230,768937,858937,296073,800181,890181
Oct-53,142337,661124,766124,162835,693642,798642,200218,786564,891564,168586,730039,835039,158467,720092,825092,168024,752455,857455
Nov-53,97269,554619,659619,115295,583420,688420,152696,669758,774758,120347,613964,718964,114150,606392,711392,117558,637347,742347
Dec-53,97540,514282,634282,116014,539963,659963,153039,624819,744819,121066,569993,689993,114838,563280,683280,118420,592926,712926
Jan-54,101206,512661,647661,119735,540293,675293,158535,622776,757776,125762,566223,701223,118638,560179,695179,122888,589522,724522
Feb-54,101136,659367,809367,119665,691283,841283,158465,781100,931100,125692,723549,873549,118578,715997,865997,122818,745849,895849
Mar-54,114012,749396,914396,132098,784335,949335,171148,881438,1046438,137435,823244,988244,130313,814467,979467,134840,844711,1009711
Apr-54,254854,789764,984764,274062,824090,1019090,327508,926307,1121307,294314,867958,1062958,264663,857862,1052862,299515,889416,1084416
May-54,897734,750162,855162,939903,788084,893084,1069153,894643,999643,1033352,836992,941992,919881,824736,929736,1057370,857032,962032
Jun-54,1422025,791904,896904,1495629,826250,931250,1667928,936737,1041737,1647821,878955,983955,1465767,866807,971807,1691466,898986,1003986
Jul-54,898479,810223,930223,955808,848462,968462,1055704,962035,1082035,1031624,904253,1024253,930505,890629,1010629,1058729,924284,1044284
Aug-54,517261,797118,902118,552797,829494,934494,624815,942806,1047806,594047,885155,990155,536958,872172,977172,605858,905195,1010195
Sep-54,256393,701065,791065,279693,732459,822459,324876,838665,928665,295060,782391,872391,272510,770322,860322,296914,802582,892582
Oct-54,142337,661124,766124,163122,694684,799684,201794,790234,895234,169266,732527,837527,158749,721448,826448,168591,754819,859819
Nov-54,97269,554619,659619,115531,584274,689274,154116,673169,778169,120903,616211,721211,114421,607567,712567,117980,639484,744484
Dec-54,97540,514282,634282,116253,540732,660732,154463,628113,748113,121633,572121,692121,115115,564368,684368,118858,594942,714942
Jan-55,101206,512661,647661,119968,541042,676042,159966,625914,760914,126336,568194,703194,118913,560244,695244,123330,590655,725655
Feb-55,101136,659367,809367,119898,692177,842177,159896,784438,934438,126266,725701,875701,118853,716200,866200,123260,747148,897148
Mar-55,114012,749396,914396,132324,785345,950345,172585,884936,1049936,137994,825544,990544,130567,814779,979779,135272,846146,1011146
Apr-55,254854,789764,984764,274301,825186,1020186,329956,929927,1124927,295802,870379,1065379,264849,858261,1053261,300507,890972,1085972
May-55,897734,750162,855162,940621,789281,894281,1076227,898432,1003432,1038570,839549,944549,920444,825224,930224,1061153,858715,963715
Jun-55,1422025,791904,896904,1497083,827445,932445,1678428,940526,1045526,1656019,881510,986510,1466978,867292,972292,1697826,900668,1005668
Jul-55,898479,810223,930223,956730,849748,969748,1061453,965948,1085948,1035956,906933,1026933,931212,891205,1011205,1062252,926091,1046091
Aug-55,517261,797118,902118,553250,830733,935733,628138,946655,1051655,596271,887771,992771,537322,872702,977702,607680,906937,1011937
Sep-55,256393,701065,791065,279977,733620,823620,326709,842383,932383,295991,784904,874904,272790,770776,860776,297755,804226,894226
Oct-55,142337,661124,766124,163410,695802,800802,203370,793882,898882,169945,734990,839990,159030,721873,826873,169158,756428,861428
Nov-55,97269,554619,659619,115767,585202,690202,155535,676556,781556,121459,618430,723430,114693,607809,712809,118403,640863,745863
Dec-55,97540,514282,634282,116492,541572,661572,155887,631379,751379,122200,574217,694217,115392,564521,684521,119296,596197,716197
Jan-56,101206,512661,647661,120201,541777,676777,161396,629037,764037,126910,570143,705143,119188,560306,695306,123772,591787,726787
Feb-56,101136,659367,809367,120131,693058,843058,161326,787763,937763,126840,727833,877833,119129,716401,866401,123702,748449,898449
Mar-56,114012,749396,914396,132550,786343,951343,174023,888424,1053424,138554,827824,992824,130822,815091,980091,135704,847583,1012583
Apr-56,254854,789764,984764,274540,826274,1021274,332403,933539,1128539,297291,872783,1067783,265035,858662,1053662,301498,892533,1087533
May-56,897734,750162,855162,941339,790471,895471,1083302,902217,1007217,1043789,842093,947093,921007,825716,930716,1064936,860409,965409
Jun-56,1422025,791904,896904,1498537,828633,933633,1688928,944309,1049309,1664218,884053,989053,1468189,867783,972783,1704187,902359,1007359
Jul-56,898479,810223,930223,957652,851029,971029,1067202,969860,1089860,1040289,909604,1029604,931920,891788,1011788,1065776,927910,1047910
Aug-56,517261,797118,902118,553703,831966,936966,631462,950500,1055500,598495,890376,995376,537685,873238,978238,609502,908692,1013692
Sep-56,256393,701065,791065,280261,734774,824774,328543,846097,936097,296922,787404,877404,273070,771235,861235,298596,805881,895881
Oct-56,142337,661124,766124,163697,696913,801913,204947,797526,902526,170625,737439,842439,159312,722304,827304,169725,758046,863046
Nov-56,97269,554619,659619,116004,586120,691120,156954,679934,784934,122014,620631,725631,114965,608054,713054,118825,642248,747248
Dec-56,97540,514282,634282,116731,542400,662400,157310,634634,754634,122767,576294,696294,115669,564673,684673,119734,597456,717456
Jan-57,101206,512661,647661,120434,542508,677508,162827,632107,767107,127484,572038,707038,119463,560375,695375,124214,592907,727907
Feb-57,101136,659367,809367,120364,693934,843934,162757,791035,941035,127414,729912,879912,119404,716609,866609,124144,749737,899737
Mar-57,114012,749396,914396,132775,787336,952336,175460,891858,1056858,139114,830051,995051,131076,815409,980409,136135,849008,1014008
Apr-57,254854,789764,984764,274778,827356,1022356,334850,937098,1132098,298780,875135,1070135,265221,859069,1054069,302490,894082,1089082
May-57,897734,750162,855162,942057,791656,896656,1090376,905948,1010948,1049008,844584,949584,921571,826215,931215,1068719,862089,967089
Jun-57,1422025,791904,896904,1499991,829816,934816,1699428,948039,1053039,1672416,886543,991543,1469400,868280,973280,1710547,904038,1009038
Jul-57,898479,810223,930223,958575,852306,972306,1072951,973718,1093718,1044621,912221,1032221,932627,892379,1012379,1069299,929716,1049716
Aug-57,517261,797118,902118,554156,833195,938195,634785,954292,1059292,600719,892928,997928,538048,873781,978781,611323,910433,1015433
Sep-57,256393,701065,791065,280545,735923,825923,330377,849756,939756,297854,789851,879851,273351,771701,861701,299438,807522,897522
Oct-57,142337,661124,766124,163984,698019,803019,206523,801115,906115,171304,739836,844836,159594,722741,827741,170292,759651,864651
Nov-57,97269,554619,659619,116240,587035,692035,158374,683258,788258,122570,622780,727780,115237,608305,713305,119248,643620,748620
Dec-57,97540,514282,634282,116969,543224,663224,158734,637836,757836,123334,578317,698317,115945,564832,684832,120172,598702,718702
Jan-58,101206,512661,647661,120667,543233,678233,164257,635134,770134,128058,573891,708891,119738,560451,695451,124656,594020,729020
Feb-58,101136,659367,809367,120597,694805,844805,164187,794264,944264,127988,731948,881948,119679,716824,866824,124586,751018,901018
Mar-58,114012,749396,914396,133001,788324,953324,176897,895249,1060249,139673,832235,997235,131331,815735,980735,136567,850426,1015426
Apr-58,254854,789764,984764,275017,828433,1023433,337297,940613,1135613,300269,877443,1072443,265407,859484,1054484,303481,895624,1090624
May-58,897734,750162,855162,942774,792836,897836,1097450,909636,1014636,1054226,847032,952032,922134,826721,931721,1072502,863762,968762
Jun-58,1422025,791904,896904,1501445,830994,935994,1709928,951726,1056726,1680615,888989,993989,1470611,868785,973785,1716907,905709,1010709
Jul-58,898479,810223,930223,959497,853577,973577,1078701,977532,1097532,1048953,914796,1034796,933335,892976,1012976,1072822,931516,1051516
Aug-58,517261,797118,902118,554609,834418,939418,638109,958041,1063041,602943,895437,1000437,538411,874331,979331,613145,912167,1017167
Sep-58,256393,701065,791065,280830,737067,827067,332210,853373,943373,298785,792255,882255,273631,772173,862173,300279,809157,899157
Oct-58,142337,661124,766124,164272,699120,804120,208099,804662,909662,171983,742189,847189,159875,723185,828185,170859,761249,866249
Nov-58,97269,554619,659619,116477,587943,692943,159793,686540,791540,123125,624886,729886,115509,608563,713563,119670,644986,749986
Dec-58,97540,514282,634282,117208,544042,664042,160158,640994,760994,123901,580298,700298,116222,564998,684998,120610,599941,719941
Jan-59,101206,512661,647661,120901,543951,678951,165688,638124,773124,128632,575703,710703,120013,560532,695532,125098,595125,730125
Feb-59,101136,659367,809367,120830,695669,845669,165618,797455,947455,128561,733943,883943,119954,717044,867044,125028,752290,902290
Mar-59,114012,749396,914396,133227,789305,954305,178334,898601,1063601,140233,834379,999379,131585,816065,981065,136999,851836,1016836
Apr-59,254854,789764,984764,275256,829504,1024504,339744,944091,1139091,301758,879711,1074711,265594,859904,1054904,304473,897158,1092158
May-59,897734,750162,855162,943492,794009,899009,1104525,913284,1018284,1059445,849440,954440,922697,827233,932233,1076284,865427,970427
Jun-59,1422025,791904,896904,1502899,832167,937167,1720429,955372,1060372,1688813,891395,996395,1471822,869295,974295,1723267,907372,1012372
Jul-59,898479,810223,930223,960420,854842,974842,1084450,981307,1101307,1053285,917330,1037330,934042,893578,1013578,1076346,933307,1053307
Aug-59,517261,797118,902118,555062,835635,940635,641432,961749,1066749,605167,897905,1002905,538774,874886,979886,614966,913893,1018893
Sep-59,256393,701065,791065,281114,738204,828204,334044,856949,946949,299717,794619,884619,273911,772651,862651,301120,810783,900783
Oct-59,142337,661124,766124,164559,700215,805215,209676,808171,913171,172663,744502,849502,160157,723635,828635,171426,762839,867839
Nov-59,97269,554619,659619,116713,588845,693845,161212,689785,794785,123681,626952,731952,115780,608826,713826,120093,646343,751343
Dec-59,97540,514282,634282,117447,544854,664854,161581,644116,764116,124468,582239,702239,116499,565170,685170,121048,601171,721171
Jan-60,101206,512661,647661,121134,544661,679661,167118,641077,776077,129205,577473,712473,120288,560649,695649,125540,596255,731255
Feb-60,101136,659367,809367,121064,696525,846525,167048,800609,950609,129135,735898,885898,120229,717299,867299,125470,753590,903590
Mar-60,114012,749396,914396,133452,790277,955277,179772,901915,1066915,140793,836481,1001481,131840,816431,981431,137431,853272,1018272
Apr-60,254854,789764,984764,275495,830566,1025566,342191,947530,1142530,303247,881938,1076938,265780,860360,1055360,305464,898718,1093718
May-60,897734,750162,855162,944210,795173,900173,1111599,916889,1021889,1064664,851805,956805,923260,827780,932780,1080067,867117,972117
Jun-60,1422025,791904,896904,1504353,833329,938329,1730929,958977,1063977,1697012,893759,998759,1473033,869840,974840,1729627,909061,1014061
Jul-60,898479,810223,930223,961342,856098,976098,1090199,985040,1105040,1057618,919821,1039821,934750,894217,1014217,1079869,935123,1055123
Aug-60,517261,797118,902118,555515,836843,941843,644756,965416,1070416,607391,900331,1005331,539137,875477,980477,616788,915644,1020644
Sep-60,256393,701065,791065,281398,739333,829333,335878,860484,950484,300648,796940,886940,274191,773165,863165,301961,812435,902435
Oct-60,142337,661124,766124,164846,701300,806300,211252,811642,916642,173342,746773,851773,160439,724120,829120,171993,764455,869455
Nov-60,97269,554619,659619,116950,589738,694738,162632,692992,797992,124236,628975,733975,116052,609125,714125,120515,647726,752726
Dec-60,97540,514282,634282,117686,545657,665657,163005,647198,767198,125035,584137,704137,116776,565377,685377,121486,602428,722428
