Outflow,Twelevation
0,3130.509149
50,3130.959832
100,3131.146511
150,3131.289755
200,3131.410515
250,3131.516906
300,3131.613092
350,3131.701544
400,3131.783873
450,3131.861197
500,3131.934333
550,3132.003895
600,3132.07036
650,3132.134109
700,3132.19545
750,3132.254636
800,3132.31188
850,3132.367362
900,3132.421234
950,3132.47363
1000,3132.524664
1050,3132.574437
1100,3132.623039
1150,3132.670548
1200,3132.717035
1250,3132.762563
1300,3132.80719
1350,3132.850966
1400,3132.893938
1450,3132.93615
1500,3132.977641
1550,3133.018445
1600,3133.058596
1650,3133.098125
1700,3133.137059
1750,3133.175425
1800,3133.213246
1850,3133.250546
1900,3133.287345
1950,3133.323662
2000,3133.359518
2050,3133.394927
2100,3133.429908
2150,3133.464474
2200,3133.498641
2250,3133.532421
2300,3133.565829
2350,3133.598875
2400,3133.631571
2450,3133.663929
2500,3133.695958
2550,3133.727668
2600,3133.759069
2650,3133.79017
2700,3133.820978
2750,3133.851502
2800,3133.881751
2850,3133.91173
2900,3133.941447
2950,3133.97091
3000,3134.000123
3050,3134.029095
3100,3134.057829
3150,3134.086333
3200,3134.114612
3250,3134.14267
3300,3134.170514
3350,3134.198147
3400,3134.225575
3450,3134.252802
3500,3134.279832
3550,3134.30667
3600,3134.33332
3650,3134.359785
3700,3134.386069
3750,3134.412177
3800,3134.438111
3850,3134.463875
3900,3134.489472
3950,3134.514906
4000,3134.540179
4050,3134.565295
4100,3134.590256
4150,3134.615065
4200,3134.639726
4250,3134.66424
4300,3134.68861
4350,3134.712839
4400,3134.736929
4450,3134.760882
4500,3134.784702
4550,3134.808389
4600,3134.831947
4650,3134.855377
4700,3134.878681
4750,3134.901862
4800,3134.924921
4850,3134.94786
4900,3134.970682
4950,3134.993387
5000,3135.015977
5050,3135.038456
5100,3135.060823
5150,3135.08308
5200,3135.10523
5250,3135.127274
5300,3135.149213
5350,3135.171049
5400,3135.192783
5450,3135.214416
5500,3135.235951
5550,3135.257387
5600,3135.278728
5650,3135.299973
5700,3135.321125
5750,3135.342184
5800,3135.363152
5850,3135.384029
5900,3135.404818
5950,3135.425518
6000,3135.446132
6050,3135.46666
6100,3135.487104
6150,3135.507464
6200,3135.527741
6250,3135.547936
6300,3135.568051
6350,3135.588087
6400,3135.608043
6450,3135.627922
6500,3135.647724
6550,3135.66745
6600,3135.687101
6650,3135.706677
6700,3135.72618
6750,3135.74561
6800,3135.764969
6850,3135.784256
6900,3135.803474
6950,3135.822621
7000,3135.8417
7050,3135.860711
7100,3135.879655
7150,3135.898532
7200,3135.917343
7250,3135.936089
7300,3135.954771
7350,3135.973388
7400,3135.991942
7450,3136.010434
7500,3136.028864
7550,3136.047233
7600,3136.06554
7650,3136.083788
7700,3136.101976
7750,3136.120105
7800,3136.138176
7850,3136.156189
7900,3136.174145
7950,3136.192043
8000,3136.209886
8050,3136.227673
8100,3136.245405
8150,3136.263082
8200,3136.280706
8250,3136.298275
8300,3136.315791
8350,3136.333255
8400,3136.350666
8450,3136.368026
8500,3136.385334
8550,3136.402592
8600,3136.419799
8650,3136.436956
8700,3136.454064
8750,3136.471123
8800,3136.488133
8850,3136.505094
8900,3136.522008
8950,3136.538875
9000,3136.555694
9050,3136.572467
9100,3136.589193
9150,3136.605874
9200,3136.622509
9250,3136.639098
9300,3136.655644
9350,3136.672144
9400,3136.688601
9450,3136.705014
9500,3136.721383
9550,3136.73771
9600,3136.753994
9650,3136.770235
9700,3136.786435
9750,3136.802592
9800,3136.818709
9850,3136.834784
9900,3136.850819
9950,3136.866813
10000,3136.882767
10050,3136.898681
10100,3136.914556
10150,3136.930391
10200,3136.946188
10250,3136.961945
10300,3136.977665
10350,3136.993346
10400,3137.008989
10450,3137.024595
10500,3137.040164
10550,3137.055696
10600,3137.07119
10650,3137.086649
10700,3137.102071
10750,3137.117457
10800,3137.132807
10850,3137.148122
10900,3137.163402
10950,3137.178646
11000,3137.193856
11050,3137.209031
11100,3137.224172
11150,3137.239279
11200,3137.254352
11250,3137.269392
11300,3137.284398
11350,3137.299371
11400,3137.314311
11450,3137.329218
11500,3137.344093
11550,3137.358935
11600,3137.373746
11650,3137.388524
11700,3137.403271
11750,3137.417986
11800,3137.43267
11850,3137.447323
11900,3137.461945
11950,3137.476537
12000,3137.491098
12050,3137.505628
12100,3137.520129
12150,3137.534599
12200,3137.54904
12250,3137.563451
12300,3137.577833
12350,3137.592186
12400,3137.60651
12450,3137.620804
12500,3137.635071
12550,3137.649308
12600,3137.663517
12650,3137.677699
12700,3137.691852
12750,3137.705977
12800,3137.720075
12850,3137.734145
12900,3137.748187
12950,3137.762203
13000,3137.776192
13050,3137.790153
13100,3137.804088
13150,3137.817997
13200,3137.831879
13250,3137.845734
13300,3137.859564
13350,3137.873367
13400,3137.887145
13450,3137.900897
13500,3137.914624
13550,3137.928325
13600,3137.942001
13650,3137.955652
13700,3137.969278
13750,3137.982879
13800,3137.996455
13850,3138.010007
13900,3138.023534
13950,3138.037037
14000,3138.050515
14050,3138.06397
14100,3138.077401
14150,3138.090808
14200,3138.104191
14250,3138.117551
14300,3138.130888
14350,3138.144201
14400,3138.157491
14450,3138.170757
14500,3138.184001
14550,3138.197222
14600,3138.210421
14650,3138.223597
14700,3138.23675
14750,3138.249881
14800,3138.26299
14850,3138.276077
14900,3138.289141
14950,3138.302184
15000,3138.315205
15050,3138.328204
15100,3138.341182
15150,3138.354138
15200,3138.367073
15250,3138.379987
15300,3138.392879
15350,3138.40575
15400,3138.418601
15450,3138.431431
15500,3138.444239
15550,3138.457028
15600,3138.469795
15650,3138.482543
15700,3138.495269
15750,3138.507976
15800,3138.520663
15850,3138.533329
15900,3138.545975
15950,3138.558602
16000,3138.571209
16050,3138.583796
16100,3138.596364
16150,3138.608912
16200,3138.62144
16250,3138.63395
16300,3138.64644
16350,3138.658911
16400,3138.671363
16450,3138.683795
16500,3138.69621
16550,3138.708605
16600,3138.720981
16650,3138.733339
16700,3138.745679
16750,3138.758
16800,3138.770302
16850,3138.782586
16900,3138.794852
16950,3138.8071
17000,3138.81933
17050,3138.831542
17100,3138.843736
17150,3138.855912
17200,3138.868071
17250,3138.880211
17300,3138.892335
17350,3138.90444
17400,3138.916529
17450,3138.928599
17500,3138.940653
17550,3138.952689
17600,3138.964709
17650,3138.976711
17700,3138.988696
17750,3139.000665
17800,3139.012616
17850,3139.024551
17900,3139.036469
17950,3139.04837
18000,3139.060255
18050,3139.072123
18100,3139.083975
18150,3139.095811
18200,3139.10763
18250,3139.119433
18300,3139.13122
18350,3139.14299
18400,3139.154745
18450,3139.166484
18500,3139.178207
18550,3139.189914
18600,3139.201605
18650,3139.213281
18700,3139.224941
18750,3139.236585
18800,3139.248214
18850,3139.259827
18900,3139.271425
18950,3139.283008
19000,3139.294575
19050,3139.306127
19100,3139.317664
19150,3139.329186
19200,3139.340693
19250,3139.352185
19300,3139.363662
19350,3139.375124
19400,3139.386572
19450,3139.398004
19500,3139.409422
19550,3139.420825
19600,3139.432214
19650,3139.443588
19700,3139.454948
19750,3139.466293
19800,3139.477624
19850,3139.488941
19900,3139.500244
19950,3139.511532
20000,3139.522806
20050,3139.534066
20100,3139.545312
20150,3139.556544
20200,3139.567762
20250,3139.578966
20300,3139.590157
20350,3139.601333
20400,3139.612496
20450,3139.623646
20500,3139.634781
20550,3139.645903
20600,3139.657012
20650,3139.668107
20700,3139.679188
20750,3139.690257
20800,3139.701312
20850,3139.712353
20900,3139.723382
20950,3139.734397
21000,3139.745399
21050,3139.756388
21100,3139.767364
21150,3139.778327
21200,3139.789277
21250,3139.800214
21300,3139.811138
21350,3139.82205
21400,3139.832948
21450,3139.843834
21500,3139.854707
21550,3139.865568
21600,3139.876416
21650,3139.887252
21700,3139.898075
21750,3139.908885
21800,3139.919683
21850,3139.930469
21900,3139.941242
21950,3139.952003
22000,3139.962752
22050,3139.973489
22100,3139.984213
22150,3139.994926
22200,3140.005626
22250,3140.016314
22300,3140.02699
22350,3140.037655
22400,3140.048307
22450,3140.058947
22500,3140.069576
22550,3140.080193
22600,3140.090798
22650,3140.101391
22700,3140.111973
22750,3140.122543
22800,3140.133101
22850,3140.143648
22900,3140.154183
22950,3140.164707
23000,3140.175219
23050,3140.18572
23100,3140.19621
23150,3140.206688
23200,3140.217155
23250,3140.22761
23300,3140.238055
23350,3140.248488
23400,3140.25891
23450,3140.269321
23500,3140.27972
23550,3140.290109
23600,3140.300487
23650,3140.310853
23700,3140.321209
23750,3140.331554
23800,3140.341888
23850,3140.352211
23900,3140.362523
23950,3140.372825
24000,3140.383116
24050,3140.393396
24100,3140.403665
24150,3140.413924
24200,3140.424172
24250,3140.434409
24300,3140.444636
24350,3140.454853
24400,3140.465059
24450,3140.475254
24500,3140.485439
24550,3140.495614
24600,3140.505778
24650,3140.515932
24700,3140.526076
24750,3140.536209
24800,3140.546333
24850,3140.556446
24900,3140.566549
24950,3140.576641
25000,3140.586724
25050,3140.596796
25100,3140.606859
25150,3140.616911
25200,3140.626954
25250,3140.636986
25300,3140.647009
25350,3140.657022
25400,3140.667025
25450,3140.677018
25500,3140.687001
25550,3140.696974
25600,3140.706938
25650,3140.716892
25700,3140.726836
25750,3140.73677
25800,3140.746695
25850,3140.756611
25900,3140.766516
25950,3140.776413
26000,3140.786299
26050,3140.796176
26100,3140.806044
26150,3140.815902
26200,3140.825751
26250,3140.83559
26300,3140.84542
26350,3140.855241
26400,3140.865052
26450,3140.874855
26500,3140.884647
26550,3140.894431
26600,3140.904205
26650,3140.913971
26700,3140.923727
26750,3140.933474
26800,3140.943211
26850,3140.95294
26900,3140.96266
26950,3140.97237
27000,3140.982072
27050,3140.991765
27100,3141.001448
27150,3141.011123
27200,3141.020789
27250,3141.030446
27300,3141.040094
27350,3141.049734
27400,3141.059364
27450,3141.068986
27500,3141.078599
27550,3141.088203
27600,3141.097798
27650,3141.107385
27700,3141.116963
27750,3141.126533
27800,3141.136094
27850,3141.145646
27900,3141.15519
27950,3141.164725
28000,3141.174252
28050,3141.18377
28100,3141.19328
28150,3141.202781
28200,3141.212274
28250,3141.221758
28300,3141.231234
28350,3141.240702
28400,3141.250161
28450,3141.259612
28500,3141.269055
28550,3141.278489
28600,3141.287915
28650,3141.297333
28700,3141.306743
28750,3141.316144
28800,3141.325537
28850,3141.334923
28900,3141.3443
28950,3141.353669
29000,3141.363029
29050,3141.372382
29100,3141.381727
29150,3141.391064
29200,3141.400392
29250,3141.409713
29300,3141.419026
29350,3141.42833
29400,3141.437627
29450,3141.446916
29500,3141.456197
29550,3141.465471
29600,3141.474736
29650,3141.483994
29700,3141.493243
29750,3141.502485
29800,3141.51172
29850,3141.520946
29900,3141.530165
29950,3141.539376
30000,3141.548579
30050,3141.557775
30100,3141.566963
30150,3141.576143
30200,3141.585316
30250,3141.594481
30300,3141.603639
30350,3141.612789
30400,3141.621932
30450,3141.631067
30500,3141.640194
30550,3141.649314
30600,3141.658427
30650,3141.667532
30700,3141.67663
30750,3141.68572
30800,3141.694803
30850,3141.703879
30900,3141.712947
30950,3141.722008
31000,3141.731061
31050,3141.740108
31100,3141.749147
31150,3141.758179
31200,3141.767203
31250,3141.77622
31300,3141.78523
31350,3141.794233
31400,3141.803229
31450,3141.812217
31500,3141.821199
31550,3141.830173
31600,3141.83914
31650,3141.8481
31700,3141.857053
31750,3141.865999
31800,3141.874938
31850,3141.88387
31900,3141.892795
31950,3141.901713
32000,3141.910623
32050,3141.919527
32100,3141.928424
32150,3141.937314
32200,3141.946198
32250,3141.955074
32300,3141.963943
32350,3141.972806
32400,3141.981661
32450,3141.99051
32500,3141.999352
32550,3142.008187
32600,3142.017016
32650,3142.025838
32700,3142.034653
32750,3142.043461
32800,3142.052262
32850,3142.061057
32900,3142.069845
32950,3142.078626
33000,3142.087401
33050,3142.096169
33100,3142.104931
33150,3142.113685
33200,3142.122434
33250,3142.131175
33300,3142.13991
33350,3142.148639
33400,3142.157361
33450,3142.166076
33500,3142.174785
33550,3142.183488
33600,3142.192184
33650,3142.200873
33700,3142.209556
33750,3142.218233
33800,3142.226903
33850,3142.235567
33900,3142.244224
33950,3142.252875
34000,3142.26152
34050,3142.270158
34100,3142.27879
34150,3142.287416
34200,3142.296035
34250,3142.304648
34300,3142.313255
34350,3142.321855
34400,3142.330449
34450,3142.339037
34500,3142.347619
34550,3142.356195
34600,3142.364764
34650,3142.373327
34700,3142.381884
34750,3142.390435
34800,3142.398979
34850,3142.407518
34900,3142.41605
34950,3142.424576
35000,3142.433096
35050,3142.441611
35100,3142.450119
35150,3142.45862
35200,3142.467116
35250,3142.475606
35300,3142.48409
35350,3142.492568
35400,3142.50104
35450,3142.509506
35500,3142.517965
35550,3142.526419
35600,3142.534867
35650,3142.543309
35700,3142.551746
35750,3142.560176
35800,3142.5686
35850,3142.577019
35900,3142.585431
35950,3142.593838
36000,3142.602239
36050,3142.610634
36100,3142.619023
36150,3142.627407
36200,3142.635784
36250,3142.644156
36300,3142.652522
36350,3142.660883
36400,3142.669237
36450,3142.677586
36500,3142.685929
36550,3142.694267
36600,3142.702598
36650,3142.710924
36700,3142.719245
36750,3142.727559
36800,3142.735868
36850,3142.744172
36900,3142.752469
36950,3142.760762
37000,3142.769048
37050,3142.777329
37100,3142.785604
37150,3142.793874
37200,3142.802138
37250,3142.810397
37300,3142.81865
37350,3142.826898
37400,3142.83514
37450,3142.843376
37500,3142.851607
37550,3142.859833
37600,3142.868053
37650,3142.876267
37700,3142.884477
37750,3142.89268
37800,3142.900879
37850,3142.909072
37900,3142.917259
37950,3142.925441
38000,3142.933618
38050,3142.941789
38100,3142.949955
38150,3142.958116
38200,3142.966271
38250,3142.974421
38300,3142.982565
38350,3142.990705
38400,3142.998839
38450,3143.006967
38500,3143.015091
38550,3143.023209
38600,3143.031322
38650,3143.039429
38700,3143.047531
38750,3143.055629
38800,3143.06372
38850,3143.071807
38900,3143.079889
38950,3143.087965
39000,3143.096036
39050,3143.104102
39100,3143.112163
39150,3143.120218
39200,3143.128269
39250,3143.136314
39300,3143.144354
39350,3143.15239
39400,3143.16042
39450,3143.168444
39500,3143.176464
39550,3143.184479
39600,3143.192489
39650,3143.200493
39700,3143.208493
39750,3143.216487
39800,3143.224477
39850,3143.232461
39900,3143.240441
39950,3143.248416
40000,3143.256385
40050,3143.26435
40100,3143.272309
40150,3143.280264
40200,3143.288213
40250,3143.296158
40300,3143.304098
40350,3143.312033
40400,3143.319963
40450,3143.327888
40500,3143.335808
40550,3143.343723
40600,3143.351633
40650,3143.359539
40700,3143.36744
40750,3143.375335
40800,3143.383226
40850,3143.391112
40900,3143.398994
40950,3143.40687
41000,3143.414742
41050,3143.422609
41100,3143.430471
41150,3143.438328
41200,3143.446181
41250,3143.454028
41300,3143.461871
41350,3143.46971
41400,3143.477543
41450,3143.485372
41500,3143.493196
41550,3143.501015
41600,3143.50883
41650,3143.51664
41700,3143.524445
41750,3143.532246
41800,3143.540042
41850,3143.547833
41900,3143.55562
41950,3143.563402
42000,3143.571179
42050,3143.578952
42100,3143.58672
42150,3143.594483
42200,3143.602242
42250,3143.609996
42300,3143.617746
42350,3143.625491
42400,3143.633232
42450,3143.640968
42500,3143.648699
42550,3143.656426
42600,3143.664148
42650,3143.671866
42700,3143.679579
42750,3143.687288
42800,3143.694992
42850,3143.702692
42900,3143.710388
42950,3143.718078
43000,3143.725765
43050,3143.733446
43100,3143.741124
43150,3143.748797
43200,3143.756465
43250,3143.764129
43300,3143.771789
43350,3143.779444
43400,3143.787095
43450,3143.794741
43500,3143.802383
43550,3143.810021
43600,3143.817654
43650,3143.825283
43700,3143.832907
43750,3143.840528
43800,3143.848143
43850,3143.855755
43900,3143.863362
43950,3143.870965
44000,3143.878563
44050,3143.886157
44100,3143.893747
44150,3143.901332
44200,3143.908914
44250,3143.91649
44300,3143.924063
44350,3143.931631
44400,3143.939195
44450,3143.946755
44500,3143.954311
44550,3143.961862
44600,3143.969409
44650,3143.976952
44700,3143.984491
44750,3143.992025
44800,3143.999556
44850,3144.007082
44900,3144.014603
44950,3144.022121
45000,3144.029635
45050,3144.037144
45100,3144.044649
45150,3144.05215
45200,3144.059647
45250,3144.067139
45300,3144.074628
45350,3144.082112
45400,3144.089593
45450,3144.097069
45500,3144.104541
45550,3144.112009
45600,3144.119473
45650,3144.126932
45700,3144.134388
45750,3144.14184
45800,3144.149287
45850,3144.156731
45900,3144.16417
45950,3144.171605
46000,3144.179037
46050,3144.186464
46100,3144.193887
46150,3144.201306
46200,3144.208722
46250,3144.216133
46300,3144.22354
46350,3144.230943
46400,3144.238342
46450,3144.245738
46500,3144.253129
46550,3144.260516
46600,3144.267899
46650,3144.275279
46700,3144.282654
46750,3144.290025
46800,3144.297393
46850,3144.304756
46900,3144.312116
46950,3144.319472
47000,3144.326824
47050,3144.334171
47100,3144.341515
47150,3144.348855
47200,3144.356192
47250,3144.363524
47300,3144.370852
47350,3144.378177
47400,3144.385498
47450,3144.392814
47500,3144.400127
47550,3144.407437
47600,3144.414742
47650,3144.422043
47700,3144.429341
47750,3144.436635
47800,3144.443925
47850,3144.451211
47900,3144.458493
47950,3144.465772
48000,3144.473046
48050,3144.480317
48100,3144.487585
48150,3144.494848
48200,3144.502108
48250,3144.509364
48300,3144.516616
48350,3144.523864
48400,3144.531109
48450,3144.53835
48500,3144.545587
48550,3144.55282
48600,3144.56005
48650,3144.567276
48700,3144.574498
48750,3144.581717
48800,3144.588931
48850,3144.596143
48900,3144.60335
48950,3144.610554
49000,3144.617754
49050,3144.62495
49100,3144.632143
49150,3144.639332
49200,3144.646518
49250,3144.653699
49300,3144.660878
49350,3144.668052
49400,3144.675223
49450,3144.68239
49500,3144.689554
49550,3144.696714
49600,3144.70387
49650,3144.711023
49700,3144.718172
49750,3144.725318
49800,3144.73246
49850,3144.739598
49900,3144.746733
49950,3144.753864
50000,3144.760992
50050,3144.768116
50100,3144.775237
50150,3144.782354
50200,3144.789467
50250,3144.796577
50300,3144.803684
50350,3144.810787
50400,3144.817886
50450,3144.824982
50500,3144.832074
50550,3144.839163
50600,3144.846248
50650,3144.85333
50700,3144.860408
50750,3144.867483
50800,3144.874554
50850,3144.881622
50900,3144.888687
50950,3144.895748
51000,3144.902805
51050,3144.909859
51100,3144.91691
51150,3144.923957
51200,3144.931
51250,3144.93804
51300,3144.945077
51350,3144.952111
51400,3144.95914
51450,3144.966167
51500,3144.97319
51550,3144.98021
51600,3144.987226
51650,3144.994239
51700,3145.001248
51750,3145.008254
51800,3145.015257
51850,3145.022256
51900,3145.029252
51950,3145.036245
52000,3145.043234
52050,3145.05022
52100,3145.057203
52150,3145.064182
52200,3145.071158
52250,3145.07813
52300,3145.085099
52350,3145.092065
52400,3145.099027
52450,3145.105987
52500,3145.112942
52550,3145.119895
52600,3145.126844
52650,3145.13379
52700,3145.140733
52750,3145.147672
52800,3145.154608
52850,3145.161541
52900,3145.16847
52950,3145.175397
53000,3145.18232
53050,3145.189239
53100,3145.196156
53150,3145.203069
53200,3145.209979
53250,3145.216885
53300,3145.223789
53350,3145.230689
53400,3145.237586
53450,3145.24448
53500,3145.25137
53550,3145.258257
53600,3145.265142
53650,3145.272022
53700,3145.2789
53750,3145.285774
53800,3145.292646
53850,3145.299514
53900,3145.306379
53950,3145.31324
54000,3145.320099
54050,3145.326954
54100,3145.333806
54150,3145.340655
54200,3145.347501
54250,3145.354344
54300,3145.361183
54350,3145.36802
54400,3145.374853
54450,3145.381683
54500,3145.38851
54550,3145.395334
54600,3145.402155
54650,3145.408972
54700,3145.415787
54750,3145.422598
54800,3145.429406
54850,3145.436211
54900,3145.443013
54950,3145.449812
55000,3145.456608
55050,3145.463401
55100,3145.470191
55150,3145.476977
55200,3145.483761
55250,3145.490541
55300,3145.497319
55350,3145.504093
55400,3145.510864
55450,3145.517632
55500,3145.524397
55550,3145.53116
55600,3145.537919
55650,3145.544675
55700,3145.551428
55750,3145.558178
55800,3145.564925
55850,3145.571668
55900,3145.578409
55950,3145.585147
56000,3145.591882
56050,3145.598614
56100,3145.605343
56150,3145.612069
56200,3145.618792
56250,3145.625511
56300,3145.632228
56350,3145.638942
56400,3145.645653
56450,3145.652361
56500,3145.659066
56550,3145.665768
56600,3145.672467
56650,3145.679163
56700,3145.685856
56750,3145.692547
56800,3145.699234
56850,3145.705918
56900,3145.7126
56950,3145.719278
57000,3145.725953
57050,3145.732626
57100,3145.739296
57150,3145.745962
57200,3145.752626
57250,3145.759287
57300,3145.765945
57350,3145.7726
57400,3145.779252
57450,3145.785902
57500,3145.792548
57550,3145.799192
57600,3145.805832
57650,3145.81247
57700,3145.819105
57750,3145.825737
57800,3145.832366
57850,3145.838992
57900,3145.845616
57950,3145.852236
58000,3145.858854
58050,3145.865469
58100,3145.872081
58150,3145.87869
58200,3145.885296
58250,3145.8919
58300,3145.8985
58350,3145.905098
58400,3145.911693
58450,3145.918285
58500,3145.924874
58550,3145.931461
58600,3145.938045
58650,3145.944625
58700,3145.951204
58750,3145.957779
58800,3145.964351
58850,3145.970921
58900,3145.977488
58950,3145.984052
59000,3145.990613
59050,3145.997172
59100,3146.003728
59150,3146.010281
59200,3146.016831
59250,3146.023378
59300,3146.029923
59350,3146.036465
59400,3146.043004
59450,3146.049541
59500,3146.056074
59550,3146.062605
59600,3146.069134
59650,3146.075659
59700,3146.082182
59750,3146.088702
59800,3146.095219
59850,3146.101734
59900,3146.108245
59950,3146.114755
60000,3146.121261
60050,3146.127765
60100,3146.134266
60150,3146.140764
60200,3146.147259
60250,3146.153752
60300,3146.160243
60350,3146.16673
60400,3146.173215
60450,3146.179697
60500,3146.186176
60550,3146.192653
60600,3146.199127
60650,3146.205599
60700,3146.212068
60750,3146.218534
60800,3146.224997
60850,3146.231458
60900,3146.237916
60950,3146.244371
61000,3146.250824
61050,3146.257274
61100,3146.263722
61150,3146.270167
61200,3146.276609
61250,3146.283049
61300,3146.289486
61350,3146.29592
61400,3146.302352
61450,3146.308781
61500,3146.315208
61550,3146.321632
61600,3146.328053
61650,3146.334472
61700,3146.340888
61750,3146.347301
61800,3146.353712
61850,3146.36012
61900,3146.366526
61950,3146.372929
62000,3146.37933
62050,3146.385728
62100,3146.392123
62150,3146.398516
62200,3146.404906
62250,3146.411294
62300,3146.417679
62350,3146.424062
62400,3146.430442
62450,3146.436819
62500,3146.443194
62550,3146.449566
62600,3146.455936
62650,3146.462303
62700,3146.468668
62750,3146.47503
62800,3146.48139
62850,3146.487747
62900,3146.494102
62950,3146.500454
63000,3146.506803
63050,3146.51315
63100,3146.519495
63150,3146.525837
63200,3146.532176
63250,3146.538513
63300,3146.544848
63350,3146.55118
63400,3146.557509
63450,3146.563836
63500,3146.570161
63550,3146.576483
63600,3146.582802
63650,3146.589119
63700,3146.595434
63750,3146.601746
63800,3146.608055
63850,3146.614362
63900,3146.620667
63950,3146.626969
64000,3146.633269
64050,3146.639566
64100,3146.645861
64150,3146.652153
64200,3146.658443
64250,3146.664731
64300,3146.671016
64350,3146.677298
64400,3146.683578
64450,3146.689856
64500,3146.696131
64550,3146.702404
64600,3146.708674
64650,3146.714942
64700,3146.721208
64750,3146.727471
64800,3146.733732
64850,3146.73999
64900,3146.746246
64950,3146.752499
65000,3146.75875
65050,3146.764999
65100,3146.771245
65150,3146.777489
65200,3146.783731
65250,3146.78997
65300,3146.796206
65350,3146.802441
65400,3146.808672
65450,3146.814902
65500,3146.821129
65550,3146.827354
65600,3146.833576
65650,3146.839796
65700,3146.846014
65750,3146.852229
65800,3146.858442
65850,3146.864653
65900,3146.870861
65950,3146.877067
66000,3146.88327
66050,3146.889471
66100,3146.89567
66150,3146.901867
66200,3146.908061
66250,3146.914252
66300,3146.920442
66350,3146.926629
66400,3146.932814
66450,3146.938996
66500,3146.945176
66550,3146.951354
66600,3146.95753
66650,3146.963703
66700,3146.969874
66750,3146.976042
66800,3146.982208
66850,3146.988372
66900,3146.994534
66950,3147.000693
67000,3147.00685
67050,3147.013005
67100,3147.019157
67150,3147.025307
67200,3147.031455
67250,3147.037601
67300,3147.043744
67350,3147.049885
67400,3147.056024
67450,3147.06216
67500,3147.068294
67550,3147.074426
67600,3147.080556
67650,3147.086683
67700,3147.092808
67750,3147.098931
67800,3147.105052
67850,3147.11117
67900,3147.117286
67950,3147.1234
68000,3147.129511
68050,3147.135621
68100,3147.141728
68150,3147.147833
68200,3147.153935
68250,3147.160035
68300,3147.166134
68350,3147.172229
68400,3147.178323
68450,3147.184415
68500,3147.190504
68550,3147.196591
68600,3147.202675
68650,3147.208758
68700,3147.214838
68750,3147.220916
68800,3147.226992
68850,3147.233066
68900,3147.239138
68950,3147.245207
69000,3147.251274
69050,3147.257339
69100,3147.263401
69150,3147.269462
69200,3147.27552
69250,3147.281576
69300,3147.28763
69350,3147.293682
69400,3147.299732
69450,3147.305779
69500,3147.311824
69550,3147.317867
69600,3147.323908
69650,3147.329947
69700,3147.335983
69750,3147.342018
69800,3147.34805
69850,3147.35408
69900,3147.360108
69950,3147.366134
70000,3147.372157
70050,3147.378179
70100,3147.384198
70150,3147.390215
70200,3147.39623
70250,3147.402243
70300,3147.408254
70350,3147.414262
70400,3147.420269
70450,3147.426273
70500,3147.432275
70550,3147.438275
70600,3147.444273
70650,3147.450269
70700,3147.456263
70750,3147.462254
70800,3147.468244
70850,3147.474231
70900,3147.480216
70950,3147.486199
71000,3147.49218
71050,3147.498159
71100,3147.504136
71150,3147.510111
71200,3147.516083
71250,3147.522054
71300,3147.528022
71350,3147.533988
71400,3147.539952
71450,3147.545915
71500,3147.551875
71550,3147.557833
71600,3147.563788
71650,3147.569742
71700,3147.575694
71750,3147.581644
71800,3147.587591
71850,3147.593537
71900,3147.59948
71950,3147.605421
72000,3147.611361
72050,3147.617298
72100,3147.623233
72150,3147.629166
72200,3147.635097
72250,3147.641026
72300,3147.646953
72350,3147.652878
72400,3147.658801
72450,3147.664722
72500,3147.670641
72550,3147.676557
72600,3147.682472
72650,3147.688385
72700,3147.694295
72750,3147.700204
72800,3147.706111
72850,3147.712015
72900,3147.717918
72950,3147.723818
73000,3147.729717
73050,3147.735613
73100,3147.741507
73150,3147.7474
73200,3147.75329
73250,3147.759179
73300,3147.765065
73350,3147.770949
73400,3147.776832
73450,3147.782712
73500,3147.788591
73550,3147.794467
73600,3147.800341
73650,3147.806214
73700,3147.812084
73750,3147.817952
73800,3147.823819
73850,3147.829683
73900,3147.835546
73950,3147.841406
74000,3147.847265
74050,3147.853121
74100,3147.858975
74150,3147.864828
74200,3147.870679
74250,3147.876527
74300,3147.882374
74350,3147.888218
74400,3147.894061
74450,3147.899902
74500,3147.905741
74550,3147.911577
74600,3147.917412
74650,3147.923245
74700,3147.929076
74750,3147.934905
74800,3147.940732
74850,3147.946557
74900,3147.95238
74950,3147.958202
75000,3147.964021
75050,3147.969838
75100,3147.975654
75150,3147.981467
75200,3147.987278
75250,3147.993088
75300,3147.998896
75350,3148.004701
75400,3148.010505
75450,3148.016307
75500,3148.022107
75550,3148.027905
75600,3148.033701
75650,3148.039495
75700,3148.045288
75750,3148.051078
75800,3148.056867
75850,3148.062653
75900,3148.068438
75950,3148.07422
76000,3148.080001
76050,3148.08578
76100,3148.091557
76150,3148.097332
76200,3148.103106
76250,3148.108877
76300,3148.114646
76350,3148.120414
76400,3148.12618
76450,3148.131943
76500,3148.137705
76550,3148.143465
76600,3148.149224
76650,3148.15498
76700,3148.160734
76750,3148.166487
76800,3148.172237
76850,3148.177986
76900,3148.183733
76950,3148.189478
77000,3148.195221
77050,3148.200963
77100,3148.206702
77150,3148.21244
77200,3148.218175
77250,3148.223909
77300,3148.229641
77350,3148.235371
77400,3148.2411
77450,3148.246826
77500,3148.252551
77550,3148.258273
77600,3148.263994
77650,3148.269713
77700,3148.275431
77750,3148.281146
77800,3148.28686
77850,3148.292571
77900,3148.298281
77950,3148.303989
78000,3148.309695
78050,3148.3154
78100,3148.321102
78150,3148.326803
78200,3148.332502
78250,3148.338199
78300,3148.343894
78350,3148.349588
78400,3148.355279
78450,3148.360969
78500,3148.366657
78550,3148.372343
78600,3148.378028
78650,3148.38371
78700,3148.389391
78750,3148.39507
78800,3148.400747
78850,3148.406423
78900,3148.412096
78950,3148.417768
79000,3148.423438
79050,3148.429106
79100,3148.434773
79150,3148.440437
79200,3148.4461
79250,3148.451761
79300,3148.45742
79350,3148.463078
79400,3148.468733
79450,3148.474387
79500,3148.480039
79550,3148.48569
79600,3148.491338
79650,3148.496985
79700,3148.50263
79750,3148.508273
79800,3148.513915
79850,3148.519555
79900,3148.525192
79950,3148.530829
80000,3148.536463
80050,3148.542096
80100,3148.547727
80150,3148.553356
80200,3148.558983
80250,3148.564609
80300,3148.570233
80350,3148.575855
80400,3148.581475
80450,3148.587094
80500,3148.592711
80550,3148.598326
80600,3148.603939
80650,3148.609551
80700,3148.615161
80750,3148.620769
80800,3148.626375
80850,3148.63198
80900,3148.637583
80950,3148.643184
81000,3148.648784
81050,3148.654382
81100,3148.659978
81150,3148.665572
81200,3148.671165
81250,3148.676756
81300,3148.682345
81350,3148.687932
81400,3148.693518
81450,3148.699102
81500,3148.704684
81550,3148.710265
81600,3148.715844
81650,3148.721421
81700,3148.726996
81750,3148.73257
81800,3148.738142
81850,3148.743713
81900,3148.749281
81950,3148.754848
82000,3148.760413
82050,3148.765977
82100,3148.771539
82150,3148.777099
82200,3148.782658
82250,3148.788214
82300,3148.793769
82350,3148.799323
82400,3148.804875
82450,3148.810425
82500,3148.815973
82550,3148.82152
82600,3148.827065
82650,3148.832608
82700,3148.83815
82750,3148.84369
82800,3148.849228
82850,3148.854765
82900,3148.8603
82950,3148.865833
83000,3148.871364
83050,3148.876894
83100,3148.882423
83150,3148.887949
83200,3148.893474
83250,3148.898998
83300,3148.904519
83350,3148.910039
83400,3148.915558
83450,3148.921074
83500,3148.926589
83550,3148.932103
83600,3148.937614
83650,3148.943124
83700,3148.948633
83750,3148.95414
83800,3148.959645
83850,3148.965148
83900,3148.97065
83950,3148.97615
84000,3148.981649
84050,3148.987146
84100,3148.992641
84150,3148.998135
84200,3149.003627
84250,3149.009117
84300,3149.014606
84350,3149.020093
84400,3149.025579
84450,3149.031063
84500,3149.036545
84550,3149.042026
84600,3149.047505
84650,3149.052982
84700,3149.058458
84750,3149.063932
84800,3149.069405
84850,3149.074876
84900,3149.080345
84950,3149.085813
85000,3149.091279
85050,3149.096744
85100,3149.102206
85150,3149.107668
85200,3149.113128
85250,3149.118586
85300,3149.124042
85350,3149.129497
85400,3149.13495
85450,3149.140402
85500,3149.145852
85550,3149.151301
85600,3149.156748
85650,3149.162193
85700,3149.167637
85750,3149.173079
85800,3149.17852
85850,3149.183959
85900,3149.189396
85950,3149.194832
86000,3149.200266
86050,3149.205699
86100,3149.21113
86150,3149.216559
86200,3149.221987
86250,3149.227414
86300,3149.232838
86350,3149.238262
86400,3149.243683
86450,3149.249103
86500,3149.254522
86550,3149.259939
86600,3149.265354
86650,3149.270768
86700,3149.27618
86750,3149.281591
86800,3149.287
86850,3149.292408
86900,3149.297814
86950,3149.303218
87000,3149.308621
87050,3149.314023
87100,3149.319422
87150,3149.324821
87200,3149.330217
87250,3149.335613
87300,3149.341006
87350,3149.346398
87400,3149.351789
87450,3149.357178
87500,3149.362565
87550,3149.367951
87600,3149.373336
87650,3149.378719
87700,3149.3841
87750,3149.38948
87800,3149.394858
87850,3149.400235
87900,3149.40561
87950,3149.410983
88000,3149.416356
88050,3149.421726
88100,3149.427095
88150,3149.432463
88200,3149.437829
88250,3149.443193
88300,3149.448556
88350,3149.453918
88400,3149.459278
88450,3149.464636
88500,3149.469993
88550,3149.475349
88600,3149.480702
88650,3149.486055
88700,3149.491406
88750,3149.496755
88800,3149.502103
88850,3149.507449
88900,3149.512794
88950,3149.518138
89000,3149.523479
89050,3149.52882
89100,3149.534159
89150,3149.539496
89200,3149.544832
89250,3149.550166
89300,3149.555499
89350,3149.56083
89400,3149.56616
89450,3149.571489
89500,3149.576816
89550,3149.582141
89600,3149.587465
89650,3149.592787
89700,3149.598108
89750,3149.603428
89800,3149.608746
89850,3149.614062
89900,3149.619377
89950,3149.624691
90000,3149.630003
90050,3149.635314
90100,3149.640623
90150,3149.64593
90200,3149.651237
90250,3149.656541
90300,3149.661845
90350,3149.667146
90400,3149.672447
90450,3149.677746
90500,3149.683043
90550,3149.688339
90600,3149.693633
90650,3149.698926
90700,3149.704218
90750,3149.709508
90800,3149.714797
90850,3149.720084
90900,3149.72537
90950,3149.730654
91000,3149.735937
91050,3149.741218
91100,3149.746498
91150,3149.751776
91200,3149.757053
91250,3149.762329
91300,3149.767603
91350,3149.772876
91400,3149.778147
91450,3149.783417
91500,3149.788685
91550,3149.793952
91600,3149.799217
91650,3149.804482
91700,3149.809744
91750,3149.815005
91800,3149.820265
91850,3149.825523
91900,3149.83078
91950,3149.836036
92000,3149.84129
92050,3149.846542
92100,3149.851793
92150,3149.857043
92200,3149.862291
92250,3149.867538
92300,3149.872784
92350,3149.878028
92400,3149.88327
92450,3149.888512
92500,3149.893751
92550,3149.89899
92600,3149.904227
92650,3149.909462
92700,3149.914696
92750,3149.919929
92800,3149.92516
92850,3149.93039
92900,3149.935619
92950,3149.940846
93000,3149.946072
93050,3149.951296
93100,3149.956519
93150,3149.96174
93200,3149.96696
93250,3149.972179
93300,3149.977396
93350,3149.982612
93400,3149.987827
93450,3149.99304
93500,3149.998251
93550,3150.003462
93600,3150.008671
93650,3150.013878
93700,3150.019084
93750,3150.024289
93800,3150.029492
93850,3150.034694
93900,3150.039895
93950,3150.045094
94000,3150.050292
94050,3150.055488
94100,3150.060683
94150,3150.065877
94200,3150.071069
94250,3150.07626
94300,3150.08145
94350,3150.086638
94400,3150.091825
94450,3150.09701
94500,3150.102194
94550,3150.107377
94600,3150.112558
94650,3150.117738
94700,3150.122916
94750,3150.128094
94800,3150.133269
94850,3150.138444
94900,3150.143617
94950,3150.148789
95000,3150.153959
95050,3150.159128
95100,3150.164296
95150,3150.169462
95200,3150.174627
95250,3150.179791
95300,3150.184953
95350,3150.190114
95400,3150.195273
95450,3150.200431
95500,3150.205588
95550,3150.210744
95600,3150.215898
95650,3150.22105
95700,3150.226202
95750,3150.231352
95800,3150.236501
95850,3150.241648
95900,3150.246794
95950,3150.251939
96000,3150.257082
96050,3150.262224
96100,3150.267365
96150,3150.272504
96200,3150.277642
96250,3150.282779
96300,3150.287914
96350,3150.293048
96400,3150.298181
96450,3150.303312
96500,3150.308442
96550,3150.313571
96600,3150.318698
96650,3150.323824
96700,3150.328949
96750,3150.334072
96800,3150.339195
96850,3150.344315
96900,3150.349435
96950,3150.354553
97000,3150.35967
97050,3150.364785
97100,3150.369899
97150,3150.375012
97200,3150.380123
97250,3150.385234
97300,3150.390343
97350,3150.39545
97400,3150.400556
97450,3150.405661
97500,3150.410765
97550,3150.415867
97600,3150.420968
97650,3150.426068
97700,3150.431166
97750,3150.436263
97800,3150.441359
97850,3150.446454
97900,3150.451547
97950,3150.456639
98000,3150.461729
98050,3150.466819
98100,3150.471907
98150,3150.476993
98200,3150.482079
98250,3150.487163
98300,3150.492246
98350,3150.497327
98400,3150.502408
98450,3150.507486
98500,3150.512564
98550,3150.51764
98600,3150.522716
98650,3150.527789
98700,3150.532862
98750,3150.537933
98800,3150.543003
98850,3150.548072
98900,3150.553139
98950,3150.558205
99000,3150.56327
99050,3150.568333
99100,3150.573396
99150,3150.578457
99200,3150.583516
99250,3150.588575
99300,3150.593632
99350,3150.598688
99400,3150.603742
99450,3150.608796
99500,3150.613848
99550,3150.618899
99600,3150.623948
99650,3150.628996
99700,3150.634043
99750,3150.639089
99800,3150.644134
99850,3150.649177
99900,3150.654219
99950,3150.659259
100000,3150.664299
100050,3150.669337
100100,3150.674374
100150,3150.67941
100200,3150.684444
100250,3150.689477
100300,3150.694509
100350,3150.69954
100400,3150.704569
100450,3150.709597
100500,3150.714624
100550,3150.71965
100600,3150.724674
100650,3150.729697
100700,3150.734719
100750,3150.73974
100800,3150.744759
100850,3150.749777
100900,3150.754794
100950,3150.75981
101000,3150.764824
101050,3150.769837
101100,3150.774849
101150,3150.77986
101200,3150.784869
101250,3150.789877
101300,3150.794884
101350,3150.79989
101400,3150.804895
101450,3150.809898
101500,3150.8149
101550,3150.819901
101600,3150.8249
101650,3150.829899
101700,3150.834896
101750,3150.839892
101800,3150.844886
101850,3150.84988
101900,3150.854872
101950,3150.859863
102000,3150.864853
102050,3150.869841
102100,3150.874828
102150,3150.879815
102200,3150.884799
102250,3150.889783
102300,3150.894765
102350,3150.899747
102400,3150.904727
102450,3150.909705
102500,3150.914683
102550,3150.919659
102600,3150.924635
102650,3150.929608
102700,3150.934581
102750,3150.939553
102800,3150.944523
102850,3150.949492
102900,3150.95446
102950,3150.959427
103000,3150.964392
103050,3150.969356
103100,3150.974319
103150,3150.979281
103200,3150.984242
103250,3150.989201
103300,3150.99416
103350,3150.999117
103400,3151.004073
103450,3151.009027
103500,3151.013981
103550,3151.018933
103600,3151.023884
103650,3151.028834
103700,3151.033782
103750,3151.03873
103800,3151.043676
103850,3151.048621
103900,3151.053565
103950,3151.058508
104000,3151.06345
104050,3151.06839
104100,3151.073329
104150,3151.078267
104200,3151.083204
104250,3151.088139
104300,3151.093074
104350,3151.098007
104400,3151.102939
104450,3151.10787
104500,3151.1128
104550,3151.117728
104600,3151.122656
104650,3151.127582
104700,3151.132507
104750,3151.13743
104800,3151.142353
104850,3151.147275
104900,3151.152195
104950,3151.157114
105000,3151.162032
105050,3151.166949
105100,3151.171864
105150,3151.176779
105200,3151.181692
105250,3151.186604
105300,3151.191515
105350,3151.196425
105400,3151.201333
105450,3151.206241
105500,3151.211147
105550,3151.216052
105600,3151.220956
105650,3151.225859
105700,3151.23076
105750,3151.235661
105800,3151.24056
105850,3151.245458
105900,3151.250355
105950,3151.255251
106000,3151.260146
106050,3151.265039
106100,3151.269932
106150,3151.274823
106200,3151.279713
106250,3151.284602
106300,3151.28949
106350,3151.294376
106400,3151.299262
106450,3151.304146
106500,3151.309029
106550,3151.313911
106600,3151.318792
106650,3151.323672
106700,3151.328551
106750,3151.333428
106800,3151.338304
106850,3151.343179
106900,3151.348054
106950,3151.352926
107000,3151.357798
107050,3151.362669
107100,3151.367538
107150,3151.372407
107200,3151.377274
107250,3151.38214
107300,3151.387005
107350,3151.391869
107400,3151.396731
107450,3151.401593
107500,3151.406453
107550,3151.411312
107600,3151.416171
107650,3151.421028
107700,3151.425884
107750,3151.430738
107800,3151.435592
107850,3151.440444
107900,3151.445296
107950,3151.450146
108000,3151.454995
108050,3151.459843
108100,3151.46469
108150,3151.469536
108200,3151.474381
108250,3151.479224
108300,3151.484066
108350,3151.488908
108400,3151.493748
108450,3151.498587
108500,3151.503425
108550,3151.508262
108600,3151.513098
108650,3151.517932
108700,3151.522766
108750,3151.527598
108800,3151.532429
108850,3151.537259
108900,3151.542088
108950,3151.546916
109000,3151.551743
109050,3151.556569
109100,3151.561394
109150,3151.566217
109200,3151.57104
109250,3151.575861
109300,3151.580681
109350,3151.5855
109400,3151.590318
109450,3151.595135
109500,3151.599951
109550,3151.604766
109600,3151.609579
109650,3151.614392
109700,3151.619203
109750,3151.624013
109800,3151.628823
109850,3151.633631
109900,3151.638438
109950,3151.643244
110000,3151.648049
110050,3151.652852
110100,3151.657655
110150,3151.662457
110200,3151.667257
110250,3151.672056
110300,3151.676855
110350,3151.681652
110400,3151.686448
110450,3151.691243
110500,3151.696037
110550,3151.70083
110600,3151.705622
110650,3151.710412
110700,3151.715202
110750,3151.719991
110800,3151.724778
110850,3151.729564
110900,3151.73435
110950,3151.739134
111000,3151.743917
111050,3151.748699
111100,3151.75348
111150,3151.75826
111200,3151.763039
111250,3151.767817
111300,3151.772593
111350,3151.777369
111400,3151.782143
111450,3151.786917
111500,3151.791689
111550,3151.796461
111600,3151.801231
111650,3151.806
111700,3151.810768
111750,3151.815535
111800,3151.820301
111850,3151.825066
111900,3151.82983
111950,3151.834593
112000,3151.839355
112050,3151.844115
112100,3151.848875
112150,3151.853634
112200,3151.858391
112250,3151.863147
112300,3151.867903
112350,3151.872657
112400,3151.87741
112450,3151.882163
112500,3151.886914
112550,3151.891664
112600,3151.896413
112650,3151.901161
112700,3151.905908
112750,3151.910654
112800,3151.915398
112850,3151.920142
112900,3151.924885
112950,3151.929627
113000,3151.934367
113050,3151.939107
113100,3151.943845
113150,3151.948583
113200,3151.953319
113250,3151.958055
113300,3151.962789
113350,3151.967522
113400,3151.972254
113450,3151.976986
113500,3151.981716
113550,3151.986445
113600,3151.991173
113650,3151.9959
113700,3152.000626
113750,3152.005351
113800,3152.010075
113850,3152.014798
113900,3152.01952
113950,3152.02424
114000,3152.02896
114050,3152.033679
114100,3152.038397
114150,3152.043113
114200,3152.047829
114250,3152.052544
114300,3152.057257
114350,3152.06197
114400,3152.066681
114450,3152.071392
114500,3152.076101
114550,3152.08081
114600,3152.085517
114650,3152.090223
114700,3152.094929
114750,3152.099633
114800,3152.104336
114850,3152.109039
114900,3152.11374
114950,3152.11844
115000,3152.123139
115050,3152.127838
115100,3152.132535
115150,3152.137231
115200,3152.141926
115250,3152.14662
115300,3152.151313
115350,3152.156005
115400,3152.160696
115450,3152.165386
115500,3152.170075
115550,3152.174763
115600,3152.17945
115650,3152.184136
115700,3152.188821
115750,3152.193505
115800,3152.198188
115850,3152.20287
115900,3152.207551
115950,3152.212231
116000,3152.21691
116050,3152.221588
116100,3152.226265
116150,3152.23094
116200,3152.235615
116250,3152.240289
116300,3152.244962
116350,3152.249634
116400,3152.254305
116450,3152.258975
116500,3152.263643
116550,3152.268311
116600,3152.272978
116650,3152.277644
116700,3152.282309
116750,3152.286973
116800,3152.291636
116850,3152.296297
116900,3152.300958
116950,3152.305618
117000,3152.310277
117050,3152.314935
117100,3152.319592
117150,3152.324248
117200,3152.328902
117250,3152.333556
117300,3152.338209
117350,3152.342861
117400,3152.347512
117450,3152.352162
117500,3152.356811
117550,3152.361459
117600,3152.366106
117650,3152.370752
117700,3152.375397
117750,3152.380041
117800,3152.384684
117850,3152.389326
117900,3152.393967
117950,3152.398607
118000,3152.403246
118050,3152.407884
118100,3152.412521
118150,3152.417157
118200,3152.421792
118250,3152.426427
118300,3152.43106
118350,3152.435692
118400,3152.440323
118450,3152.444953
118500,3152.449583
118550,3152.454211
118600,3152.458838
118650,3152.463465
118700,3152.46809
118750,3152.472714
118800,3152.477338
118850,3152.48196
118900,3152.486582
118950,3152.491202
119000,3152.495822
119050,3152.50044
119100,3152.505058
119150,3152.509675
119200,3152.51429
119250,3152.518905
119300,3152.523519
119350,3152.528131
119400,3152.532743
119450,3152.537354
119500,3152.541964
119550,3152.546573
119600,3152.551181
119650,3152.555788
119700,3152.560394
119750,3152.564999
119800,3152.569603
119850,3152.574206
119900,3152.578808
119950,3152.583409
120000,3152.588009
120050,3152.592609
120100,3152.597207
120150,3152.601804
120200,3152.606401
120250,3152.610996
120300,3152.615591
120350,3152.620184
120400,3152.624777
120450,3152.629369
120500,3152.633959
120550,3152.638549
120600,3152.643138
120650,3152.647726
120700,3152.652313
120750,3152.656898
120800,3152.661483
120850,3152.666067
120900,3152.670651
120950,3152.675233
121000,3152.679814
121050,3152.684394
121100,3152.688973
121150,3152.693552
121200,3152.698129
121250,3152.702706
121300,3152.707281
121350,3152.711856
121400,3152.716429
121450,3152.721002
121500,3152.725574
121550,3152.730145
121600,3152.734715
121650,3152.739283
121700,3152.743851
121750,3152.748418
121800,3152.752985
121850,3152.75755
121900,3152.762114
121950,3152.766677
122000,3152.77124
122050,3152.775801
122100,3152.780362
122150,3152.784921
122200,3152.78948
122250,3152.794038
122300,3152.798594
122350,3152.80315
122400,3152.807705
122450,3152.812259
122500,3152.816812
122550,3152.821364
122600,3152.825915
122650,3152.830466
122700,3152.835015
122750,3152.839563
122800,3152.844111
122850,3152.848657
122900,3152.853203
122950,3152.857748
123000,3152.862292
123050,3152.866834
123100,3152.871376
123150,3152.875917
123200,3152.880457
123250,3152.884997
123300,3152.889535
123350,3152.894072
123400,3152.898609
123450,3152.903144
123500,3152.907679
123550,3152.912212
123600,3152.916745
123650,3152.921277
123700,3152.925808
123750,3152.930338
123800,3152.934867
123850,3152.939395
123900,3152.943922
123950,3152.948449
124000,3152.952974
124050,3152.957499
124100,3152.962022
124150,3152.966545
124200,3152.971067
124250,3152.975587
124300,3152.980107
124350,3152.984627
124400,3152.989145
124450,3152.993662
124500,3152.998178
124550,3153.002694
124600,3153.007208
124650,3153.011722
124700,3153.016234
124750,3153.020746
124800,3153.025257
124850,3153.029767
124900,3153.034276
124950,3153.038784
125000,3153.043292
125050,3153.047798
125100,3153.052303
125150,3153.056808
125200,3153.061312
125250,3153.065815
125300,3153.070316
125350,3153.074817
125400,3153.079317
125450,3153.083817
125500,3153.088315
125550,3153.092812
125600,3153.097309
125650,3153.101804
125700,3153.106299
125750,3153.110793
125800,3153.115286
125850,3153.119778
125900,3153.124269
125950,3153.128759
126000,3153.133249
126050,3153.137737
126100,3153.142225
126150,3153.146711
126200,3153.151197
126250,3153.155682
126300,3153.160166
126350,3153.164649
126400,3153.169131
126450,3153.173613
126500,3153.178093
126550,3153.182573
126600,3153.187052
126650,3153.191529
126700,3153.196006
126750,3153.200482
126800,3153.204958
126850,3153.209432
126900,3153.213905
126950,3153.218378
127000,3153.222849
127050,3153.22732
127100,3153.23179
127150,3153.236259
127200,3153.240727
127250,3153.245194
127300,3153.249661
127350,3153.254126
127400,3153.258591
127450,3153.263055
127500,3153.267517
127550,3153.271979
127600,3153.276441
127650,3153.280901
127700,3153.28536
127750,3153.289819
127800,3153.294276
127850,3153.298733
127900,3153.303189
127950,3153.307644
128000,3153.312098
128050,3153.316551
128100,3153.321004
128150,3153.325455
128200,3153.329906
128250,3153.334356
128300,3153.338805
128350,3153.343253
128400,3153.3477
128450,3153.352146
128500,3153.356592
128550,3153.361036
128600,3153.36548
128650,3153.369923
128700,3153.374365
128750,3153.378806
128800,3153.383246
128850,3153.387686
128900,3153.392124
128950,3153.396562
129000,3153.400999
129050,3153.405435
129100,3153.40987
129150,3153.414304
129200,3153.418738
129250,3153.42317
129300,3153.427602
129350,3153.432033
129400,3153.436463
129450,3153.440892
129500,3153.44532
129550,3153.449747
129600,3153.454174
129650,3153.4586
129700,3153.463024
129750,3153.467448
129800,3153.471872
129850,3153.476294
129900,3153.480715
129950,3153.485136
130000,3153.489556
130050,3153.493974
130100,3153.498393
130150,3153.50281
130200,3153.507226
130250,3153.511642
130300,3153.516056
130350,3153.52047
130400,3153.524883
130450,3153.529295
130500,3153.533706
130550,3153.538117
130600,3153.542526
130650,3153.546935
130700,3153.551343
130750,3153.55575
130800,3153.560156
130850,3153.564561
130900,3153.568966
130950,3153.57337
131000,3153.577772
131050,3153.582174
131100,3153.586576
131150,3153.590976
131200,3153.595375
131250,3153.599774
131300,3153.604172
131350,3153.608569
131400,3153.612965
131450,3153.61736
131500,3153.621755
131550,3153.626148
131600,3153.630541
131650,3153.634933
131700,3153.639324
131750,3153.643714
131800,3153.648104
131850,3153.652492
131900,3153.65688
131950,3153.661267
132000,3153.665653
132050,3153.670039
132100,3153.674423
132150,3153.678807
132200,3153.683189
132250,3153.687571
132300,3153.691953
132350,3153.696333
132400,3153.700712
132450,3153.705091
132500,3153.709469
132550,3153.713846
132600,3153.718222
132650,3153.722597
132700,3153.726972
132750,3153.731346
132800,3153.735718
132850,3153.740091
132900,3153.744462
132950,3153.748832
133000,3153.753202
133050,3153.757571
133100,3153.761939
133150,3153.766306
133200,3153.770672
133250,3153.775037
133300,3153.779402
133350,3153.783766
133400,3153.788129
133450,3153.792491
133500,3153.796853
133550,3153.801213
133600,3153.805573
133650,3153.809932
133700,3153.81429
133750,3153.818647
133800,3153.823004
133850,3153.82736
133900,3153.831714
133950,3153.836069
134000,3153.840422
134050,3153.844774
134100,3153.849126
134150,3153.853477
134200,3153.857827
134250,3153.862176
134300,3153.866524
134350,3153.870872
134400,3153.875219
134450,3153.879565
134500,3153.88391
134550,3153.888254
134600,3153.892598
134650,3153.89694
134700,3153.901282
134750,3153.905623
134800,3153.909964
134850,3153.914303
134900,3153.918642
134950,3153.92298
135000,3153.927317
135050,3153.931653
135100,3153.935989
135150,3153.940323
135200,3153.944657
135250,3153.94899
135300,3153.953323
135350,3153.957654
135400,3153.961985
135450,3153.966315
135500,3153.970644
135550,3153.974972
135600,3153.9793
135650,3153.983626
135700,3153.987952
135750,3153.992277
135800,3153.996602
135850,3154.000925
135900,3154.005248
135950,3154.00957
136000,3154.013891
136050,3154.018211
136100,3154.022531
136150,3154.02685
136200,3154.031167
136250,3154.035485
136300,3154.039801
136350,3154.044117
136400,3154.048431
136450,3154.052745
136500,3154.057059
136550,3154.061371
136600,3154.065683
136650,3154.069993
136700,3154.074303
136750,3154.078613
136800,3154.082921
136850,3154.087229
136900,3154.091536
136950,3154.095842
137000,3154.100147
137050,3154.104452
137100,3154.108755
137150,3154.113058
137200,3154.117361
137250,3154.121662
137300,3154.125963
137350,3154.130262
137400,3154.134561
137450,3154.13886
137500,3154.143157
137550,3154.147454
137600,3154.15175
137650,3154.156045
137700,3154.160339
137750,3154.164633
137800,3154.168926
137850,3154.173218
137900,3154.177509
137950,3154.181799
138000,3154.186089
138050,3154.190378
138100,3154.194666
138150,3154.198954
138200,3154.20324
138250,3154.207526
138300,3154.211811
138350,3154.216095
138400,3154.220379
138450,3154.224661
138500,3154.228943
138550,3154.233225
138600,3154.237505
138650,3154.241785
138700,3154.246063
138750,3154.250341
138800,3154.254619
138850,3154.258895
138900,3154.263171
138950,3154.267446
139000,3154.27172
139050,3154.275994
139100,3154.280266
139150,3154.284538
139200,3154.28881
139250,3154.29308
139300,3154.29735
139350,3154.301618
139400,3154.305886
139450,3154.310154
139500,3154.31442
139550,3154.318686
139600,3154.322951
139650,3154.327215
139700,3154.331479
139750,3154.335742
139800,3154.340004
139850,3154.344265
139900,3154.348525
139950,3154.352785
140000,3154.357044
140050,3154.361302
140100,3154.36556
140150,3154.369816
140200,3154.374072
140250,3154.378327
140300,3154.382582
140350,3154.386835
140400,3154.391088
140450,3154.39534
140500,3154.399592
140550,3154.403842
140600,3154.408092
140650,3154.412341
140700,3154.416589
140750,3154.420837
140800,3154.425084
140850,3154.42933
140900,3154.433575
140950,3154.43782
141000,3154.442063
141050,3154.446307
141100,3154.450549
141150,3154.45479
141200,3154.459031
141250,3154.463271
141300,3154.46751
141350,3154.471749
141400,3154.475987
141450,3154.480224
141500,3154.48446
141550,3154.488696
141600,3154.492931
141650,3154.497165
141700,3154.501398
141750,3154.50563
141800,3154.509862
141850,3154.514093
141900,3154.518324
141950,3154.522553
142000,3154.526782
142050,3154.53101
142100,3154.535237
142150,3154.539464
142200,3154.54369
142250,3154.547915
142300,3154.552139
142350,3154.556363
142400,3154.560586
142450,3154.564808
142500,3154.569029
142550,3154.57325
142600,3154.57747
142650,3154.581689
142700,3154.585908
142750,3154.590125
142800,3154.594342
142850,3154.598559
142900,3154.602774
142950,3154.606989
143000,3154.611203
143050,3154.615416
143100,3154.619629
143150,3154.62384
143200,3154.628051
143250,3154.632262
143300,3154.636471
143350,3154.64068
143400,3154.644888
143450,3154.649096
143500,3154.653302
143550,3154.657508
143600,3154.661714
143650,3154.665918
143700,3154.670122
143750,3154.674325
143800,3154.678527
143850,3154.682729
143900,3154.686929
143950,3154.69113
144000,3154.695329
144050,3154.699528
144100,3154.703725
144150,3154.707923
144200,3154.712119
144250,3154.716315
144300,3154.72051
144350,3154.724704
144400,3154.728898
144450,3154.73309
144500,3154.737282
144550,3154.741474
144600,3154.745664
144650,3154.749854
144700,3154.754043
144750,3154.758232
144800,3154.76242
144850,3154.766607
144900,3154.770793
144950,3154.774979
145000,3154.779163
145050,3154.783348
145100,3154.787531
145150,3154.791714
145200,3154.795896
145250,3154.800077
145300,3154.804257
145350,3154.808437
145400,3154.812616
145450,3154.816795
145500,3154.820972
145550,3154.825149
145600,3154.829325
145650,3154.833501
145700,3154.837676
145750,3154.84185
145800,3154.846023
145850,3154.850196
145900,3154.854368
145950,3154.858539
146000,3154.862709
146050,3154.866879
146100,3154.871048
146150,3154.875216
146200,3154.879384
146250,3154.883551
146300,3154.887717
146350,3154.891883
146400,3154.896048
146450,3154.900212
146500,3154.904375
146550,3154.908538
146600,3154.9127
146650,3154.916861
146700,3154.921021
146750,3154.925181
146800,3154.92934
146850,3154.933499
146900,3154.937656
146950,3154.941813
147000,3154.94597
147050,3154.950125
147100,3154.95428
147150,3154.958434
147200,3154.962588
147250,3154.96674
147300,3154.970892
147350,3154.975044
147400,3154.979194
147450,3154.983344
147500,3154.987494
147550,3154.991642
147600,3154.99579
147650,3154.999937
147700,3155.004083
147750,3155.008229
147800,3155.012374
147850,3155.016518
147900,3155.020662
147950,3155.024805
148000,3155.028947
148050,3155.033089
148100,3155.037229
148150,3155.04137
148200,3155.045509
148250,3155.049648
148300,3155.053786
148350,3155.057923
148400,3155.06206
148450,3155.066196
148500,3155.070331
148550,3155.074465
148600,3155.078599
148650,3155.082732
148700,3155.086865
148750,3155.090996
148800,3155.095128
148850,3155.099258
148900,3155.103388
148950,3155.107517
149000,3155.111645
149050,3155.115772
149100,3155.119899
149150,3155.124026
149200,3155.128151
149250,3155.132276
149300,3155.1364
149350,3155.140523
149400,3155.144646
149450,3155.148768
149500,3155.15289
149550,3155.15701
149600,3155.16113
149650,3155.16525
149700,3155.169368
149750,3155.173486
149800,3155.177603
149850,3155.18172
149900,3155.185836
149950,3155.189951
150000,3155.194065
150050,3155.198179
150100,3155.202292
150150,3155.206405
150200,3155.210517
150250,3155.214628
150300,3155.218738
150350,3155.222848
150400,3155.226957
150450,3155.231065
150500,3155.235173
150550,3155.23928
150600,3155.243386
150650,3155.247492
150700,3155.251597
150750,3155.255701
150800,3155.259804
150850,3155.263907
150900,3155.268009
150950,3155.272111
151000,3155.276212
151050,3155.280312
151100,3155.284412
151150,3155.28851
151200,3155.292608
151250,3155.296706
151300,3155.300803
151350,3155.304899
151400,3155.308994
151450,3155.313089
151500,3155.317183
151550,3155.321276
151600,3155.325369
151650,3155.329461
151700,3155.333553
151750,3155.337643
151800,3155.341733
151850,3155.345823
151900,3155.349911
151950,3155.353999
152000,3155.358087
152050,3155.362173
152100,3155.366259
152150,3155.370345
152200,3155.374429
152250,3155.378513
152300,3155.382597
152350,3155.386679
152400,3155.390761
152450,3155.394842
152500,3155.398923
152550,3155.403003
152600,3155.407082
152650,3155.411161
152700,3155.415239
152750,3155.419316
152800,3155.423393
152850,3155.427469
152900,3155.431544
152950,3155.435619
153000,3155.439693
153050,3155.443766
153100,3155.447838
153150,3155.45191
153200,3155.455982
153250,3155.460052
153300,3155.464122
153350,3155.468192
153400,3155.47226
153450,3155.476328
153500,3155.480396
153550,3155.484462
153600,3155.488528
153650,3155.492594
153700,3155.496658
153750,3155.500722
153800,3155.504786
153850,3155.508848
153900,3155.51291
153950,3155.516972
154000,3155.521032
154050,3155.525092
154100,3155.529152
154150,3155.53321
154200,3155.537268
154250,3155.541326
154300,3155.545383
154350,3155.549439
154400,3155.553494
154450,3155.557549
154500,3155.561603
154550,3155.565657
154600,3155.569709
154650,3155.573762
154700,3155.577813
154750,3155.581864
154800,3155.585914
154850,3155.589964
154900,3155.594012
154950,3155.598061
155000,3155.602108
155050,3155.606155
155100,3155.610201
155150,3155.614247
155200,3155.618292
155250,3155.622336
155300,3155.62638
155350,3155.630423
155400,3155.634465
155450,3155.638507
155500,3155.642548
155550,3155.646589
155600,3155.650628
155650,3155.654667
155700,3155.658706
155750,3155.662744
155800,3155.666781
155850,3155.670817
155900,3155.674853
155950,3155.678889
156000,3155.682923
156050,3155.686957
156100,3155.69099
156150,3155.695023
156200,3155.699055
156250,3155.703086
156300,3155.707117
156350,3155.711147
156400,3155.715177
156450,3155.719205
156500,3155.723233
156550,3155.727261
156600,3155.731288
156650,3155.735314
156700,3155.73934
156750,3155.743364
156800,3155.747389
156850,3155.751412
156900,3155.755435
156950,3155.759458
157000,3155.763479
157050,3155.767501
157100,3155.771521
157150,3155.775541
157200,3155.77956
157250,3155.783578
157300,3155.787596
157350,3155.791614
157400,3155.79563
157450,3155.799646
157500,3155.803661
157550,3155.807676
157600,3155.81169
157650,3155.815704
157700,3155.819716
157750,3155.823728
157800,3155.82774
157850,3155.831751
157900,3155.835761
157950,3155.839771
158000,3155.84378
158050,3155.847788
158100,3155.851796
158150,3155.855803
158200,3155.859809
158250,3155.863815
158300,3155.86782
158350,3155.871825
158400,3155.875828
158450,3155.879832
158500,3155.883834
158550,3155.887836
158600,3155.891838
158650,3155.895838
158700,3155.899839
158750,3155.903838
158800,3155.907837
158850,3155.911835
158900,3155.915833
158950,3155.91983
159000,3155.923826
159050,3155.927822
159100,3155.931817
159150,3155.935811
159200,3155.939805
159250,3155.943798
159300,3155.947791
159350,3155.951783
159400,3155.955774
159450,3155.959765
159500,3155.963755
159550,3155.967744
159600,3155.971733
159650,3155.975721
159700,3155.979709
159750,3155.983696
159800,3155.987682
159850,3155.991668
159900,3155.995653
159950,3155.999637
160000,3156.003621
160050,3156.007604
160100,3156.011587
160150,3156.015569
160200,3156.01955
160250,3156.023531
160300,3156.027511
160350,3156.03149
160400,3156.035469
160450,3156.039448
160500,3156.043425
160550,3156.047402
160600,3156.051379
160650,3156.055354
160700,3156.059329
160750,3156.063304
160800,3156.067278
160850,3156.071251
160900,3156.075224
160950,3156.079196
161000,3156.083167
161050,3156.087138
161100,3156.091108
161150,3156.095078
161200,3156.099047
161250,3156.103015
161300,3156.106983
161350,3156.11095
161400,3156.114917
161450,3156.118882
161500,3156.122848
161550,3156.126812
161600,3156.130776
161650,3156.13474
161700,3156.138703
161750,3156.142665
161800,3156.146626
161850,3156.150587
161900,3156.154548
161950,3156.158508
162000,3156.162467
162050,3156.166425
162100,3156.170383
162150,3156.174341
162200,3156.178297
162250,3156.182253
162300,3156.186209
162350,3156.190164
162400,3156.194118
162450,3156.198072
162500,3156.202025
162550,3156.205977
162600,3156.209929
162650,3156.21388
162700,3156.217831
162750,3156.221781
162800,3156.22573
162850,3156.229679
162900,3156.233627
162950,3156.237575
163000,3156.241522
163050,3156.245468
163100,3156.249414
163150,3156.253359
163200,3156.257304
163250,3156.261248
163300,3156.265191
163350,3156.269134
163400,3156.273076
163450,3156.277017
163500,3156.280958
163550,3156.284899
163600,3156.288839
163650,3156.292778
163700,3156.296716
163750,3156.300654
163800,3156.304591
163850,3156.308528
163900,3156.312464
163950,3156.3164
164000,3156.320335
164050,3156.324269
164100,3156.328203
164150,3156.332136
164200,3156.336069
164250,3156.34
164300,3156.343932
164350,3156.347863
164400,3156.351793
164450,3156.355722
164500,3156.359651
164550,3156.36358
164600,3156.367507
164650,3156.371434
164700,3156.375361
164750,3156.379287
164800,3156.383212
164850,3156.387137
164900,3156.391061
164950,3156.394985
165000,3156.398908
165050,3156.40283
165100,3156.406752
165150,3156.410673
165200,3156.414594
165250,3156.418514
165300,3156.422433
165350,3156.426352
165400,3156.43027
165450,3156.434188
165500,3156.438105
165550,3156.442022
165600,3156.445937
165650,3156.449853
165700,3156.453767
165750,3156.457681
165800,3156.461595
165850,3156.465508
165900,3156.46942
165950,3156.473332
166000,3156.477243
166050,3156.481154
166100,3156.485064
166150,3156.488973
166200,3156.492882
166250,3156.49679
166300,3156.500698
166350,3156.504605
166400,3156.508511
166450,3156.512417
166500,3156.516322
166550,3156.520227
166600,3156.524131
166650,3156.528035
166700,3156.531938
166750,3156.53584
166800,3156.539742
166850,3156.543643
166900,3156.547543
166950,3156.551443
167000,3156.555343
167050,3156.559242
167100,3156.56314
167150,3156.567038
167200,3156.570935
167250,3156.574831
167300,3156.578727
167350,3156.582622
167400,3156.586517
167450,3156.590411
167500,3156.594305
167550,3156.598198
167600,3156.60209
167650,3156.605982
167700,3156.609874
167750,3156.613764
167800,3156.617654
167850,3156.621544
167900,3156.625433
167950,3156.629321
168000,3156.633209
168050,3156.637096
168100,3156.640983
168150,3156.644869
168200,3156.648754
168250,3156.652639
168300,3156.656524
168350,3156.660407
168400,3156.664291
168450,3156.668173
168500,3156.672055
168550,3156.675937
168600,3156.679818
168650,3156.683698
168700,3156.687578
168750,3156.691457
168800,3156.695335
168850,3156.699213
168900,3156.703091
168950,3156.706968
169000,3156.710844
169050,3156.71472
169100,3156.718595
169150,3156.722469
169200,3156.726343
169250,3156.730217
169300,3156.73409
169350,3156.737962
169400,3156.741833
169450,3156.745705
169500,3156.749575
169550,3156.753445
169600,3156.757315
169650,3156.761183
169700,3156.765052
169750,3156.768919
169800,3156.772787
169850,3156.776653
169900,3156.780519
169950,3156.784384
170000,3156.788249
170050,3156.792114
170100,3156.795977
170150,3156.799841
170200,3156.803703
170250,3156.807565
170300,3156.811427
170350,3156.815287
170400,3156.819148
170450,3156.823008
170500,3156.826867
170550,3156.830725
170600,3156.834583
170650,3156.838441
170700,3156.842298
170750,3156.846154
170800,3156.85001
170850,3156.853865
170900,3156.85772
170950,3156.861574
171000,3156.865427
171050,3156.86928
171100,3156.873133
171150,3156.876985
171200,3156.880836
171250,3156.884687
171300,3156.888537
171350,3156.892387
171400,3156.896236
171450,3156.900084
171500,3156.903932
171550,3156.907779
171600,3156.911626
171650,3156.915472
171700,3156.919318
171750,3156.923163
171800,3156.927008
171850,3156.930852
171900,3156.934695
171950,3156.938538
172000,3156.94238
172050,3156.946222
172100,3156.950063
172150,3156.953904
172200,3156.957744
172250,3156.961584
172300,3156.965422
172350,3156.969261
172400,3156.973099
172450,3156.976936
172500,3156.980773
172550,3156.984609
172600,3156.988445
172650,3156.99228
172700,3156.996114
172750,3156.999948
172800,3157.003782
172850,3157.007614
172900,3157.011447
172950,3157.015279
173000,3157.01911
173050,3157.02294
173100,3157.02677
173150,3157.0306
173200,3157.034429
173250,3157.038257
173300,3157.042085
173350,3157.045913
173400,3157.049739
173450,3157.053566
173500,3157.057391
173550,3157.061216
173600,3157.065041
173650,3157.068865
173700,3157.072688
173750,3157.076511
173800,3157.080334
173850,3157.084156
173900,3157.087977
173950,3157.091798
174000,3157.095618
174050,3157.099437
174100,3157.103256
174150,3157.107075
174200,3157.110893
174250,3157.11471
174300,3157.118527
174350,3157.122344
174400,3157.126159
174450,3157.129975
174500,3157.133789
174550,3157.137603
174600,3157.141417
174650,3157.14523
174700,3157.149043
174750,3157.152855
174800,3157.156666
174850,3157.160477
174900,3157.164287
174950,3157.168097
175000,3157.171906
175050,3157.175715
175100,3157.179523
175150,3157.183331
175200,3157.187138
175250,3157.190944
175300,3157.19475
175350,3157.198556
175400,3157.20236
175450,3157.206165
175500,3157.209969
175550,3157.213772
175600,3157.217575
175650,3157.221377
175700,3157.225178
175750,3157.22898
175800,3157.23278
175850,3157.23658
175900,3157.24038
175950,3157.244179
176000,3157.247977
176050,3157.251775
176100,3157.255572
176150,3157.259369
176200,3157.263165
176250,3157.266961
176300,3157.270756
176350,3157.274551
176400,3157.278345
176450,3157.282138
176500,3157.285931
176550,3157.289724
176600,3157.293516
176650,3157.297307
176700,3157.301098
176750,3157.304888
176800,3157.308678
176850,3157.312467
176900,3157.316256
176950,3157.320044
177000,3157.323832
177050,3157.327619
177100,3157.331406
177150,3157.335192
177200,3157.338977
177250,3157.342762
177300,3157.346547
177350,3157.350331
177400,3157.354114
177450,3157.357897
177500,3157.361679
177550,3157.365461
177600,3157.369242
177650,3157.373023
177700,3157.376803
177750,3157.380583
177800,3157.384362
177850,3157.38814
177900,3157.391918
177950,3157.395696
178000,3157.399473
178050,3157.403249
178100,3157.407025
178150,3157.410801
178200,3157.414576
178250,3157.41835
178300,3157.422124
178350,3157.425897
178400,3157.42967
178450,3157.433442
178500,3157.437214
178550,3157.440985
178600,3157.444756
178650,3157.448526
178700,3157.452295
178750,3157.456064
178800,3157.459833
178850,3157.463601
178900,3157.467368
178950,3157.471135
179000,3157.474902
179050,3157.478668
179100,3157.482433
179150,3157.486198
179200,3157.489962
179250,3157.493726
179300,3157.497489
179350,3157.501252
179400,3157.505014
179450,3157.508776
179500,3157.512537
179550,3157.516298
179600,3157.520058
179650,3157.523818
179700,3157.527577
179750,3157.531335
179800,3157.535093
179850,3157.538851
179900,3157.542608
179950,3157.546364
180000,3157.55012
180050,3157.553876
180100,3157.557631
180150,3157.561385
180200,3157.565139
180250,3157.568892
180300,3157.572645
180350,3157.576397
180400,3157.580149
180450,3157.5839
180500,3157.587651
180550,3157.591401
180600,3157.595151
180650,3157.5989
180700,3157.602649
180750,3157.606397
180800,3157.610145
180850,3157.613892
180900,3157.617638
180950,3157.621384
181000,3157.62513
181050,3157.628875
181100,3157.63262
181150,3157.636364
181200,3157.640107
181250,3157.64385
181300,3157.647592
181350,3157.651334
181400,3157.655076
181450,3157.658817
181500,3157.662557
181550,3157.666297
181600,3157.670036
181650,3157.673775
181700,3157.677514
181750,3157.681251
181800,3157.684989
181850,3157.688726
181900,3157.692462
181950,3157.696198
182000,3157.699933
182050,3157.703668
182100,3157.707402
182150,3157.711135
182200,3157.714869
182250,3157.718601
182300,3157.722334
182350,3157.726065
182400,3157.729796
182450,3157.733527
182500,3157.737257
182550,3157.740987
182600,3157.744716
182650,3157.748444
182700,3157.752173
182750,3157.7559
182800,3157.759627
182850,3157.763354
182900,3157.76708
182950,3157.770805
183000,3157.77453
183050,3157.778255
183100,3157.781979
183150,3157.785702
183200,3157.789425
183250,3157.793148
183300,3157.79687
183350,3157.800591
183400,3157.804312
183450,3157.808033
183500,3157.811753
183550,3157.815472
183600,3157.819191
183650,3157.82291
183700,3157.826628
183750,3157.830345
183800,3157.834062
183850,3157.837778
183900,3157.841494
183950,3157.84521
184000,3157.848925
184050,3157.852639
184100,3157.856353
184150,3157.860066
184200,3157.863779
184250,3157.867491
184300,3157.871203
184350,3157.874915
184400,3157.878626
184450,3157.882336
184500,3157.886046
184550,3157.889755
184600,3157.893464
184650,3157.897172
184700,3157.90088
184750,3157.904588
184800,3157.908294
184850,3157.912001
184900,3157.915707
184950,3157.919412
185000,3157.923117
185050,3157.926821
185100,3157.930525
185150,3157.934228
185200,3157.937931
185250,3157.941633
185300,3157.945335
185350,3157.949037
185400,3157.952737
185450,3157.956438
185500,3157.960138
185550,3157.963837
185600,3157.967536
185650,3157.971234
185700,3157.974932
185750,3157.978629
185800,3157.982326
185850,3157.986023
185900,3157.989718
185950,3157.993414
186000,3157.997109
186050,3158.000803
186100,3158.004497
186150,3158.00819
186200,3158.011883
186250,3158.015576
186300,3158.019267
186350,3158.022959
186400,3158.02665
186450,3158.03034
186500,3158.03403
186550,3158.037719
186600,3158.041408
186650,3158.045097
186700,3158.048785
186750,3158.052472
186800,3158.056159
186850,3158.059846
186900,3158.063532
186950,3158.067217
187000,3158.070902
187050,3158.074586
187100,3158.07827
187150,3158.081954
187200,3158.085637
187250,3158.089319
187300,3158.093001
187350,3158.096683
187400,3158.100364
187450,3158.104045
187500,3158.107725
187550,3158.111404
187600,3158.115083
187650,3158.118762
187700,3158.12244
187750,3158.126118
187800,3158.129795
187850,3158.133471
187900,3158.137147
187950,3158.140823
188000,3158.144498
188050,3158.148173
188100,3158.151847
188150,3158.155521
188200,3158.159194
188250,3158.162867
188300,3158.166539
188350,3158.170211
188400,3158.173882
188450,3158.177553
188500,3158.181223
188550,3158.184893
188600,3158.188562
188650,3158.192231
188700,3158.195899
188750,3158.199567
188800,3158.203234
188850,3158.206901
188900,3158.210568
188950,3158.214234
189000,3158.217899
189050,3158.221564
189100,3158.225228
189150,3158.228892
189200,3158.232556
189250,3158.236219
189300,3158.239881
189350,3158.243543
189400,3158.247205
189450,3158.250866
189500,3158.254527
189550,3158.258187
189600,3158.261846
189650,3158.265505
189700,3158.269164
189750,3158.272822
189800,3158.27648
189850,3158.280137
189900,3158.283794
189950,3158.28745
190000,3158.291106
190050,3158.294761
190100,3158.298416
190150,3158.30207
190200,3158.305724
190250,3158.309377
190300,3158.31303
190350,3158.316683
190400,3158.320335
190450,3158.323986
190500,3158.327637
190550,3158.331288
190600,3158.334938
190650,3158.338587
190700,3158.342236
190750,3158.345885
190800,3158.349533
190850,3158.35318
190900,3158.356828
190950,3158.360474
191000,3158.36412
191050,3158.367766
191100,3158.371411
191150,3158.375056
191200,3158.3787
191250,3158.382344
191300,3158.385987
191350,3158.38963
191400,3158.393273
191450,3158.396915
191500,3158.400556
191550,3158.404197
191600,3158.407837
191650,3158.411477
191700,3158.415117
191750,3158.418756
191800,3158.422394
191850,3158.426033
191900,3158.42967
191950,3158.433307
192000,3158.436944
192050,3158.44058
192100,3158.444216
192150,3158.447851
192200,3158.451486
192250,3158.45512
192300,3158.458754
192350,3158.462387
192400,3158.46602
192450,3158.469653
192500,3158.473285
192550,3158.476916
192600,3158.480547
192650,3158.484178
192700,3158.487808
192750,3158.491437
192800,3158.495066
192850,3158.498695
192900,3158.502323
192950,3158.505951
193000,3158.509578
193050,3158.513205
193100,3158.516831
193150,3158.520457
193200,3158.524082
193250,3158.527707
193300,3158.531332
193350,3158.534956
193400,3158.538579
193450,3158.542202
193500,3158.545825
193550,3158.549447
193600,3158.553068
193650,3158.556689
193700,3158.56031
193750,3158.56393
193800,3158.56755
193850,3158.571169
193900,3158.574788
193950,3158.578407
194000,3158.582024
194050,3158.585642
194100,3158.589259
194150,3158.592875
194200,3158.596491
194250,3158.600107
194300,3158.603722
194350,3158.607336
194400,3158.610951
194450,3158.614564
194500,3158.618177
194550,3158.62179
194600,3158.625403
194650,3158.629014
194700,3158.632626
194750,3158.636237
194800,3158.639847
194850,3158.643457
194900,3158.647067
194950,3158.650676
195000,3158.654284
195050,3158.657892
195100,3158.6615
195150,3158.665107
195200,3158.668714
195250,3158.67232
195300,3158.675926
195350,3158.679531
195400,3158.683136
195450,3158.686741
195500,3158.690345
195550,3158.693948
195600,3158.697551
195650,3158.701154
195700,3158.704756
195750,3158.708357
195800,3158.711959
195850,3158.715559
195900,3158.71916
195950,3158.72276
196000,3158.726359
196050,3158.729958
196100,3158.733556
196150,3158.737154
196200,3158.740752
196250,3158.744349
196300,3158.747945
196350,3158.751542
196400,3158.755137
196450,3158.758733
196500,3158.762327
196550,3158.765922
196600,3158.769515
196650,3158.773109
196700,3158.776702
196750,3158.780294
196800,3158.783886
196850,3158.787478
196900,3158.791069
196950,3158.79466
197000,3158.79825
197050,3158.80184
197100,3158.805429
197150,3158.809018
197200,3158.812606
197250,3158.816194
197300,3158.819782
197350,3158.823369
197400,3158.826955
197450,3158.830541
197500,3158.834127
197550,3158.837712
197600,3158.841297
197650,3158.844881
197700,3158.848465
197750,3158.852049
197800,3158.855632
197850,3158.859214
197900,3158.862796
197950,3158.866378
198000,3158.869959
198050,3158.87354
198100,3158.87712
198150,3158.8807
198200,3158.884279
198250,3158.887858
198300,3158.891436
198350,3158.895014
198400,3158.898592
198450,3158.902169
198500,3158.905745
198550,3158.909322
198600,3158.912897
198650,3158.916473
198700,3158.920047
198750,3158.923622
198800,3158.927196
198850,3158.930769
198900,3158.934342
198950,3158.937915
199000,3158.941487
199050,3158.945059
199100,3158.94863
199150,3158.952201
199200,3158.955771
199250,3158.959341
199300,3158.96291
199350,3158.966479
199400,3158.970048
199450,3158.973616
199500,3158.977183
199550,3158.980751
199600,3158.984317
199650,3158.987884
199700,3158.99145
199750,3158.995015
199800,3158.99858
199850,3159.002144
199900,3159.005709
199950,3159.009272
200000,3159.012835
