,InitStorage(Powell&Mead),Inflow_Powell,Release_Mead,YearsTo12MAF
0,12,3,3,1
1,12,3,3.5,1
2,12,3,4,1
3,12,3,4.5,1
4,12,3,5,1
5,12,3,5.5,1
6,12,3,6,1
7,12,3,6.5,1
8,12,3,7,1
9,12,3,7.5,1
10,12,3,8,1
11,12,3,8.5,1
12,12,3,9,1
13,12,3,9.5,1
14,12,3,10,1
15,12,3,10.5,1
16,12,3,11,1
17,12,3,11.5,1
19,12,3.5,3.5,1
20,12,3.5,4,1
21,12,3.5,4.5,1
22,12,3.5,5,1
23,12,3.5,5.5,1
24,12,3.5,6,1
25,12,3.5,6.5,1
26,12,3.5,7,1
27,12,3.5,7.5,1
28,12,3.5,8,1
29,12,3.5,8.5,1
30,12,3.5,9,1
31,12,3.5,9.5,1
32,12,3.5,10,1
33,12,3.5,10.5,1
34,12,3.5,11,1
35,12,3.5,11.5,1
38,12,4,4,1
39,12,4,4.5,1
40,12,4,5,1
41,12,4,5.5,1
42,12,4,6,1
43,12,4,6.5,1
44,12,4,7,1
45,12,4,7.5,1
46,12,4,8,1
47,12,4,8.5,1
48,12,4,9,1
49,12,4,9.5,1
50,12,4,10,1
51,12,4,10.5,1
52,12,4,11,1
53,12,4,11.5,1
57,12,4.5,4.5,1
58,12,4.5,5,1
59,12,4.5,5.5,1
60,12,4.5,6,1
61,12,4.5,6.5,1
62,12,4.5,7,1
63,12,4.5,7.5,1
64,12,4.5,8,1
65,12,4.5,8.5,1
66,12,4.5,9,1
67,12,4.5,9.5,1
68,12,4.5,10,1
69,12,4.5,10.5,1
70,12,4.5,11,1
71,12,4.5,11.5,1
76,12,5,5,1
77,12,5,5.5,1
78,12,5,6,1
79,12,5,6.5,1
80,12,5,7,1
81,12,5,7.5,1
82,12,5,8,1
83,12,5,8.5,1
84,12,5,9,1
85,12,5,9.5,1
86,12,5,10,1
87,12,5,10.5,1
88,12,5,11,1
89,12,5,11.5,1
95,12,5.5,5.5,1
96,12,5.5,6,1
97,12,5.5,6.5,1
98,12,5.5,7,1
99,12,5.5,7.5,1
100,12,5.5,8,1
101,12,5.5,8.5,1
102,12,5.5,9,1
103,12,5.5,9.5,1
104,12,5.5,10,1
105,12,5.5,10.5,1
106,12,5.5,11,1
107,12,5.5,11.5,1
114,12,6,6,1
115,12,6,6.5,1
116,12,6,7,1
117,12,6,7.5,1
118,12,6,8,1
119,12,6,8.5,1
120,12,6,9,1
121,12,6,9.5,1
122,12,6,10,1
123,12,6,10.5,1
124,12,6,11,1
125,12,6,11.5,1
133,12,6.5,6.5,1
134,12,6.5,7,1
135,12,6.5,7.5,1
136,12,6.5,8,1
137,12,6.5,8.5,1
138,12,6.5,9,1
139,12,6.5,9.5,1
140,12,6.5,10,1
141,12,6.5,10.5,1
142,12,6.5,11,1
143,12,6.5,11.5,1
152,12,7,7,1
153,12,7,7.5,1
154,12,7,8,1
155,12,7,8.5,1
156,12,7,9,1
157,12,7,9.5,1
158,12,7,10,1
159,12,7,10.5,1
160,12,7,11,1
161,12,7,11.5,1
171,12,7.5,7.5,1
172,12,7.5,8,1
173,12,7.5,8.5,1
174,12,7.5,9,1
175,12,7.5,9.5,1
176,12,7.5,10,1
177,12,7.5,10.5,1
178,12,7.5,11,1
179,12,7.5,11.5,1
190,12,8,8,1
191,12,8,8.5,1
192,12,8,9,1
193,12,8,9.5,1
194,12,8,10,1
195,12,8,10.5,1
196,12,8,11,1
197,12,8,11.5,1
209,12,8.5,8.5,1
210,12,8.5,9,1
211,12,8.5,9.5,1
212,12,8.5,10,1
213,12,8.5,10.5,1
214,12,8.5,11,1
215,12,8.5,11.5,1
228,12,9,9,1
229,12,9,9.5,1
230,12,9,10,1
231,12,9,10.5,1
232,12,9,11,1
233,12,9,11.5,1
247,12,9.5,9.5,1
248,12,9.5,10,1
249,12,9.5,10.5,1
250,12,9.5,11,1
251,12,9.5,11.5,1
266,12,10,10,1
267,12,10,10.5,1
268,12,10,11,1
269,12,10,11.5,1
285,12,10.5,10.5,1
286,12,10.5,11,1
287,12,10.5,11.5,1
304,12,11,11,1
305,12,11,11.5,1
323,12,11.5,11.5,1
468,13,3,3,15
469,13,3,3.5,2
470,13,3,4,1
471,13,3,4.5,1
472,13,3,5,1
473,13,3,5.5,1
474,13,3,6,1
475,13,3,6.5,1
476,13,3,7,1
477,13,3,7.5,1
478,13,3,8,1
479,13,3,8.5,1
480,13,3,9,1
481,13,3,9.5,1
482,13,3,10,1
483,13,3,10.5,1
484,13,3,11,1
485,13,3,11.5,1
487,13,3.5,3.5,15
488,13,3.5,4,2
489,13,3.5,4.5,1
490,13,3.5,5,1
491,13,3.5,5.5,1
492,13,3.5,6,1
493,13,3.5,6.5,1
494,13,3.5,7,1
495,13,3.5,7.5,1
496,13,3.5,8,1
497,13,3.5,8.5,1
498,13,3.5,9,1
499,13,3.5,9.5,1
500,13,3.5,10,1
501,13,3.5,10.5,1
502,13,3.5,11,1
503,13,3.5,11.5,1
506,13,4,4,15
507,13,4,4.5,2
508,13,4,5,1
509,13,4,5.5,1
510,13,4,6,1
511,13,4,6.5,1
512,13,4,7,1
513,13,4,7.5,1
514,13,4,8,1
515,13,4,8.5,1
516,13,4,9,1
517,13,4,9.5,1
518,13,4,10,1
519,13,4,10.5,1
520,13,4,11,1
521,13,4,11.5,1
525,13,4.5,4.5,15
526,13,4.5,5,2
527,13,4.5,5.5,1
528,13,4.5,6,1
529,13,4.5,6.5,1
530,13,4.5,7,1
531,13,4.5,7.5,1
532,13,4.5,8,1
533,13,4.5,8.5,1
534,13,4.5,9,1
535,13,4.5,9.5,1
536,13,4.5,10,1
537,13,4.5,10.5,1
538,13,4.5,11,1
539,13,4.5,11.5,1
544,13,5,5,15
545,13,5,5.5,2
546,13,5,6,1
547,13,5,6.5,1
548,13,5,7,1
549,13,5,7.5,1
550,13,5,8,1
551,13,5,8.5,1
552,13,5,9,1
553,13,5,9.5,1
554,13,5,10,1
555,13,5,10.5,1
556,13,5,11,1
557,13,5,11.5,1
563,13,5.5,5.5,15
564,13,5.5,6,2
565,13,5.5,6.5,1
566,13,5.5,7,1
567,13,5.5,7.5,1
568,13,5.5,8,1
569,13,5.5,8.5,1
570,13,5.5,9,1
571,13,5.5,9.5,1
572,13,5.5,10,1
573,13,5.5,10.5,1
574,13,5.5,11,1
575,13,5.5,11.5,1
582,13,6,6,15
583,13,6,6.5,2
584,13,6,7,1
585,13,6,7.5,1
586,13,6,8,1
587,13,6,8.5,1
588,13,6,9,1
589,13,6,9.5,1
590,13,6,10,1
591,13,6,10.5,1
592,13,6,11,1
593,13,6,11.5,1
601,13,6.5,6.5,15
602,13,6.5,7,2
603,13,6.5,7.5,1
604,13,6.5,8,1
605,13,6.5,8.5,1
606,13,6.5,9,1
607,13,6.5,9.5,1
608,13,6.5,10,1
609,13,6.5,10.5,1
610,13,6.5,11,1
611,13,6.5,11.5,1
620,13,7,7,15
621,13,7,7.5,2
622,13,7,8,1
623,13,7,8.5,1
624,13,7,9,1
625,13,7,9.5,1
626,13,7,10,1
627,13,7,10.5,1
628,13,7,11,1
629,13,7,11.5,1
639,13,7.5,7.5,15
640,13,7.5,8,2
641,13,7.5,8.5,1
642,13,7.5,9,1
643,13,7.5,9.5,1
644,13,7.5,10,1
645,13,7.5,10.5,1
646,13,7.5,11,1
647,13,7.5,11.5,1
658,13,8,8,15
659,13,8,8.5,2
660,13,8,9,1
661,13,8,9.5,1
662,13,8,10,1
663,13,8,10.5,1
664,13,8,11,1
665,13,8,11.5,1
677,13,8.5,8.5,15
678,13,8.5,9,2
679,13,8.5,9.5,1
680,13,8.5,10,1
681,13,8.5,10.5,1
682,13,8.5,11,1
683,13,8.5,11.5,1
696,13,9,9,15
697,13,9,9.5,2
698,13,9,10,1
699,13,9,10.5,1
700,13,9,11,1
701,13,9,11.5,1
715,13,9.5,9.5,15
716,13,9.5,10,2
717,13,9.5,10.5,1
718,13,9.5,11,1
719,13,9.5,11.5,1
734,13,10,10,15
735,13,10,10.5,2
736,13,10,11,1
737,13,10,11.5,1
753,13,10.5,10.5,15
754,13,10.5,11,2
755,13,10.5,11.5,1
772,13,11,11,15
773,13,11,11.5,2
791,13,11.5,11.5,15
936,14,3,3,25
937,14,3,3.5,4
938,14,3,4,2
939,14,3,4.5,2
940,14,3,5,1
941,14,3,5.5,1
942,14,3,6,1
943,14,3,6.5,1
944,14,3,7,1
945,14,3,7.5,1
946,14,3,8,1
947,14,3,8.5,1
948,14,3,9,1
949,14,3,9.5,1
950,14,3,10,1
951,14,3,10.5,1
952,14,3,11,1
953,14,3,11.5,1
955,14,3.5,3.5,25
956,14,3.5,4,4
957,14,3.5,4.5,2
958,14,3.5,5,2
959,14,3.5,5.5,1
960,14,3.5,6,1
961,14,3.5,6.5,1
962,14,3.5,7,1
963,14,3.5,7.5,1
964,14,3.5,8,1
965,14,3.5,8.5,1
966,14,3.5,9,1
967,14,3.5,9.5,1
968,14,3.5,10,1
969,14,3.5,10.5,1
970,14,3.5,11,1
971,14,3.5,11.5,1
974,14,4,4,25
975,14,4,4.5,4
976,14,4,5,2
977,14,4,5.5,2
978,14,4,6,1
979,14,4,6.5,1
980,14,4,7,1
981,14,4,7.5,1
982,14,4,8,1
983,14,4,8.5,1
984,14,4,9,1
985,14,4,9.5,1
986,14,4,10,1
987,14,4,10.5,1
988,14,4,11,1
989,14,4,11.5,1
993,14,4.5,4.5,26
994,14,4.5,5,4
995,14,4.5,5.5,2
996,14,4.5,6,2
997,14,4.5,6.5,1
998,14,4.5,7,1
999,14,4.5,7.5,1
1000,14,4.5,8,1
1001,14,4.5,8.5,1
1002,14,4.5,9,1
1003,14,4.5,9.5,1
1004,14,4.5,10,1
1005,14,4.5,10.5,1
1006,14,4.5,11,1
1007,14,4.5,11.5,1
1012,14,5,5,26
1013,14,5,5.5,4
1014,14,5,6,2
1015,14,5,6.5,2
1016,14,5,7,1
1017,14,5,7.5,1
1018,14,5,8,1
1019,14,5,8.5,1
1020,14,5,9,1
1021,14,5,9.5,1
1022,14,5,10,1
1023,14,5,10.5,1
1024,14,5,11,1
1025,14,5,11.5,1
1031,14,5.5,5.5,26
1032,14,5.5,6,4
1033,14,5.5,6.5,2
1034,14,5.5,7,2
1035,14,5.5,7.5,1
1036,14,5.5,8,1
1037,14,5.5,8.5,1
1038,14,5.5,9,1
1039,14,5.5,9.5,1
1040,14,5.5,10,1
1041,14,5.5,10.5,1
1042,14,5.5,11,1
1043,14,5.5,11.5,1
1050,14,6,6,26
1051,14,6,6.5,4
1052,14,6,7,2
1053,14,6,7.5,2
1054,14,6,8,1
1055,14,6,8.5,1
1056,14,6,9,1
1057,14,6,9.5,1
1058,14,6,10,1
1059,14,6,10.5,1
1060,14,6,11,1
1061,14,6,11.5,1
1069,14,6.5,6.5,26
1070,14,6.5,7,4
1071,14,6.5,7.5,2
1072,14,6.5,8,2
1073,14,6.5,8.5,1
1074,14,6.5,9,1
1075,14,6.5,9.5,1
1076,14,6.5,10,1
1077,14,6.5,10.5,1
1078,14,6.5,11,1
1079,14,6.5,11.5,1
1088,14,7,7,26
1089,14,7,7.5,4
1090,14,7,8,2
1091,14,7,8.5,2
1092,14,7,9,1
1093,14,7,9.5,1
1094,14,7,10,1
1095,14,7,10.5,1
1096,14,7,11,1
1097,14,7,11.5,1
1107,14,7.5,7.5,26
1108,14,7.5,8,4
1109,14,7.5,8.5,2
1110,14,7.5,9,2
1111,14,7.5,9.5,1
1112,14,7.5,10,1
1113,14,7.5,10.5,1
1114,14,7.5,11,1
1115,14,7.5,11.5,1
1126,14,8,8,26
1127,14,8,8.5,4
1128,14,8,9,2
1129,14,8,9.5,2
1130,14,8,10,1
1131,14,8,10.5,1
1132,14,8,11,1
1133,14,8,11.5,1
1145,14,8.5,8.5,26
1146,14,8.5,9,4
1147,14,8.5,9.5,2
1148,14,8.5,10,2
1149,14,8.5,10.5,1
1150,14,8.5,11,1
1151,14,8.5,11.5,1
1164,14,9,9,26
1165,14,9,9.5,4
1166,14,9,10,2
1167,14,9,10.5,2
1168,14,9,11,1
1169,14,9,11.5,1
1183,14,9.5,9.5,26
1184,14,9.5,10,4
1185,14,9.5,10.5,2
1186,14,9.5,11,2
1187,14,9.5,11.5,1
1202,14,10,10,26
1203,14,10,10.5,4
1204,14,10,11,2
1205,14,10,11.5,2
1221,14,10.5,10.5,26
1222,14,10.5,11,4
1223,14,10.5,11.5,2
1240,14,11,11,26
1241,14,11,11.5,4
1259,14,11.5,11.5,26
1404,15,3,3,34
1405,15,3,3.5,6
1406,15,3,4,3
1407,15,3,4.5,2
1408,15,3,5,2
1409,15,3,5.5,2
1410,15,3,6,1
1411,15,3,6.5,1
1412,15,3,7,1
1413,15,3,7.5,1
1414,15,3,8,1
1415,15,3,8.5,1
1416,15,3,9,1
1417,15,3,9.5,1
1418,15,3,10,1
1419,15,3,10.5,1
1420,15,3,11,1
1421,15,3,11.5,1
1423,15,3.5,3.5,34
1424,15,3.5,4,6
1425,15,3.5,4.5,3
1426,15,3.5,5,2
1427,15,3.5,5.5,2
1428,15,3.5,6,2
1429,15,3.5,6.5,1
1430,15,3.5,7,1
1431,15,3.5,7.5,1
1432,15,3.5,8,1
1433,15,3.5,8.5,1
1434,15,3.5,9,1
1435,15,3.5,9.5,1
1436,15,3.5,10,1
1437,15,3.5,10.5,1
1438,15,3.5,11,1
1439,15,3.5,11.5,1
1442,15,4,4,34
1443,15,4,4.5,6
1444,15,4,5,3
1445,15,4,5.5,2
1446,15,4,6,2
1447,15,4,6.5,2
1448,15,4,7,1
1449,15,4,7.5,1
1450,15,4,8,1
1451,15,4,8.5,1
1452,15,4,9,1
1453,15,4,9.5,1
1454,15,4,10,1
1455,15,4,10.5,1
1456,15,4,11,1
1457,15,4,11.5,1
1461,15,4.5,4.5,34
1462,15,4.5,5,6
1463,15,4.5,5.5,3
1464,15,4.5,6,2
1465,15,4.5,6.5,2
1466,15,4.5,7,2
1467,15,4.5,7.5,1
1468,15,4.5,8,1
1469,15,4.5,8.5,1
1470,15,4.5,9,1
1471,15,4.5,9.5,1
1472,15,4.5,10,1
1473,15,4.5,10.5,1
1474,15,4.5,11,1
1475,15,4.5,11.5,1
1480,15,5,5,34
1481,15,5,5.5,6
1482,15,5,6,3
1483,15,5,6.5,2
1484,15,5,7,2
1485,15,5,7.5,2
1486,15,5,8,1
1487,15,5,8.5,1
1488,15,5,9,1
1489,15,5,9.5,1
1490,15,5,10,1
1491,15,5,10.5,1
1492,15,5,11,1
1493,15,5,11.5,1
1499,15,5.5,5.5,34
1500,15,5.5,6,6
1501,15,5.5,6.5,3
1502,15,5.5,7,2
1503,15,5.5,7.5,2
1504,15,5.5,8,2
1505,15,5.5,8.5,1
1506,15,5.5,9,1
1507,15,5.5,9.5,1
1508,15,5.5,10,1
1509,15,5.5,10.5,1
1510,15,5.5,11,1
1511,15,5.5,11.5,1
1518,15,6,6,34
1519,15,6,6.5,6
1520,15,6,7,3
1521,15,6,7.5,2
1522,15,6,8,2
1523,15,6,8.5,2
1524,15,6,9,1
1525,15,6,9.5,1
1526,15,6,10,1
1527,15,6,10.5,1
1528,15,6,11,1
1529,15,6,11.5,1
1537,15,6.5,6.5,34
1538,15,6.5,7,6
1539,15,6.5,7.5,3
1540,15,6.5,8,2
1541,15,6.5,8.5,2
1542,15,6.5,9,2
1543,15,6.5,9.5,1
1544,15,6.5,10,1
1545,15,6.5,10.5,1
1546,15,6.5,11,1
1547,15,6.5,11.5,1
1556,15,7,7,34
1557,15,7,7.5,6
1558,15,7,8,3
1559,15,7,8.5,2
1560,15,7,9,2
1561,15,7,9.5,2
1562,15,7,10,1
1563,15,7,10.5,1
1564,15,7,11,1
1565,15,7,11.5,1
1575,15,7.5,7.5,34
1576,15,7.5,8,6
1577,15,7.5,8.5,3
1578,15,7.5,9,2
1579,15,7.5,9.5,2
1580,15,7.5,10,2
1581,15,7.5,10.5,1
1582,15,7.5,11,1
1583,15,7.5,11.5,1
1594,15,8,8,34
1595,15,8,8.5,6
1596,15,8,9,3
1597,15,8,9.5,2
1598,15,8,10,2
1599,15,8,10.5,2
1600,15,8,11,1
1601,15,8,11.5,1
1613,15,8.5,8.5,34
1614,15,8.5,9,6
1615,15,8.5,9.5,3
1616,15,8.5,10,2
1617,15,8.5,10.5,2
1618,15,8.5,11,2
1619,15,8.5,11.5,1
1632,15,9,9,34
1633,15,9,9.5,6
1634,15,9,10,3
1635,15,9,10.5,2
1636,15,9,11,2
1637,15,9,11.5,2
1651,15,9.5,9.5,34
1652,15,9.5,10,6
1653,15,9.5,10.5,3
1654,15,9.5,11,2
1655,15,9.5,11.5,2
1670,15,10,10,34
1671,15,10,10.5,6
1672,15,10,11,3
1673,15,10,11.5,2
1689,15,10.5,10.5,34
1690,15,10.5,11,6
1691,15,10.5,11.5,3
1708,15,11,11,34
1709,15,11,11.5,6
1727,15,11.5,11.5,34
1873,16,3,3.5,7
1874,16,3,4,4
1875,16,3,4.5,3
1876,16,3,5,2
1877,16,3,5.5,2
1878,16,3,6,2
1879,16,3,6.5,2
1880,16,3,7,1
1881,16,3,7.5,1
1882,16,3,8,1
1883,16,3,8.5,1
1884,16,3,9,1
1885,16,3,9.5,1
1886,16,3,10,1
1887,16,3,10.5,1
1888,16,3,11,1
1889,16,3,11.5,1
1892,16,3.5,4,7
1893,16,3.5,4.5,4
1894,16,3.5,5,3
1895,16,3.5,5.5,2
1896,16,3.5,6,2
1897,16,3.5,6.5,2
1898,16,3.5,7,2
1899,16,3.5,7.5,1
1900,16,3.5,8,1
1901,16,3.5,8.5,1
1902,16,3.5,9,1
1903,16,3.5,9.5,1
1904,16,3.5,10,1
1905,16,3.5,10.5,1
1906,16,3.5,11,1
1907,16,3.5,11.5,1
1911,16,4,4.5,7
1912,16,4,5,4
1913,16,4,5.5,3
1914,16,4,6,2
1915,16,4,6.5,2
1916,16,4,7,2
1917,16,4,7.5,2
1918,16,4,8,1
1919,16,4,8.5,1
1920,16,4,9,1
1921,16,4,9.5,1
1922,16,4,10,1
1923,16,4,10.5,1
1924,16,4,11,1
1925,16,4,11.5,1
1930,16,4.5,5,7
1931,16,4.5,5.5,4
1932,16,4.5,6,3
1933,16,4.5,6.5,2
1934,16,4.5,7,2
1935,16,4.5,7.5,2
1936,16,4.5,8,2
1937,16,4.5,8.5,1
1938,16,4.5,9,1
1939,16,4.5,9.5,1
1940,16,4.5,10,1
1941,16,4.5,10.5,1
1942,16,4.5,11,1
1943,16,4.5,11.5,1
1949,16,5,5.5,7
1950,16,5,6,4
1951,16,5,6.5,3
1952,16,5,7,2
1953,16,5,7.5,2
1954,16,5,8,2
1955,16,5,8.5,2
1956,16,5,9,1
1957,16,5,9.5,1
1958,16,5,10,1
1959,16,5,10.5,1
1960,16,5,11,1
1961,16,5,11.5,1
1968,16,5.5,6,7
1969,16,5.5,6.5,4
1970,16,5.5,7,3
1971,16,5.5,7.5,2
1972,16,5.5,8,2
1973,16,5.5,8.5,2
1974,16,5.5,9,2
1975,16,5.5,9.5,1
1976,16,5.5,10,1
1977,16,5.5,10.5,1
1978,16,5.5,11,1
1979,16,5.5,11.5,1
1987,16,6,6.5,7
1988,16,6,7,4
1989,16,6,7.5,3
1990,16,6,8,2
1991,16,6,8.5,2
1992,16,6,9,2
1993,16,6,9.5,2
1994,16,6,10,1
1995,16,6,10.5,1
1996,16,6,11,1
1997,16,6,11.5,1
2006,16,6.5,7,7
2007,16,6.5,7.5,4
2008,16,6.5,8,3
2009,16,6.5,8.5,2
2010,16,6.5,9,2
2011,16,6.5,9.5,2
2012,16,6.5,10,2
2013,16,6.5,10.5,1
2014,16,6.5,11,1
2015,16,6.5,11.5,1
2025,16,7,7.5,7
2026,16,7,8,4
2027,16,7,8.5,3
2028,16,7,9,2
2029,16,7,9.5,2
2030,16,7,10,2
2031,16,7,10.5,2
2032,16,7,11,1
2033,16,7,11.5,1
2044,16,7.5,8,7
2045,16,7.5,8.5,4
2046,16,7.5,9,3
2047,16,7.5,9.5,2
2048,16,7.5,10,2
2049,16,7.5,10.5,2
2050,16,7.5,11,2
2051,16,7.5,11.5,1
2063,16,8,8.5,7
2064,16,8,9,4
2065,16,8,9.5,3
2066,16,8,10,2
2067,16,8,10.5,2
2068,16,8,11,2
2069,16,8,11.5,2
2082,16,8.5,9,7
2083,16,8.5,9.5,4
2084,16,8.5,10,3
2085,16,8.5,10.5,2
2086,16,8.5,11,2
2087,16,8.5,11.5,2
2101,16,9,9.5,7
2102,16,9,10,4
2103,16,9,10.5,3
2104,16,9,11,2
2105,16,9,11.5,2
2120,16,9.5,10,7
2121,16,9.5,10.5,4
2122,16,9.5,11,3
2123,16,9.5,11.5,2
2139,16,10,10.5,7
2140,16,10,11,4
2141,16,10,11.5,3
2158,16,10.5,11,7
2159,16,10.5,11.5,4
2177,16,11,11.5,7
2341,17,3,3.5,9
2342,17,3,4,5
2343,17,3,4.5,4
2344,17,3,5,3
2345,17,3,5.5,2
2346,17,3,6,2
2347,17,3,6.5,2
2348,17,3,7,2
2349,17,3,7.5,2
2350,17,3,8,1
2351,17,3,8.5,1
2352,17,3,9,1
2353,17,3,9.5,1
2354,17,3,10,1
2355,17,3,10.5,1
2356,17,3,11,1
2357,17,3,11.5,1
2360,17,3.5,4,9
2361,17,3.5,4.5,5
2362,17,3.5,5,4
2363,17,3.5,5.5,3
2364,17,3.5,6,2
2365,17,3.5,6.5,2
2366,17,3.5,7,2
2367,17,3.5,7.5,2
2368,17,3.5,8,2
2369,17,3.5,8.5,1
2370,17,3.5,9,1
2371,17,3.5,9.5,1
2372,17,3.5,10,1
2373,17,3.5,10.5,1
2374,17,3.5,11,1
2375,17,3.5,11.5,1
2379,17,4,4.5,9
2380,17,4,5,5
2381,17,4,5.5,4
2382,17,4,6,3
2383,17,4,6.5,2
2384,17,4,7,2
2385,17,4,7.5,2
2386,17,4,8,2
2387,17,4,8.5,2
2388,17,4,9,1
2389,17,4,9.5,1
2390,17,4,10,1
2391,17,4,10.5,1
2392,17,4,11,1
2393,17,4,11.5,1
2398,17,4.5,5,9
2399,17,4.5,5.5,5
2400,17,4.5,6,4
2401,17,4.5,6.5,3
2402,17,4.5,7,2
2403,17,4.5,7.5,2
2404,17,4.5,8,2
2405,17,4.5,8.5,2
2406,17,4.5,9,2
2407,17,4.5,9.5,1
2408,17,4.5,10,1
2409,17,4.5,10.5,1
2410,17,4.5,11,1
2411,17,4.5,11.5,1
2417,17,5,5.5,9
2418,17,5,6,5
2419,17,5,6.5,4
2420,17,5,7,3
2421,17,5,7.5,2
2422,17,5,8,2
2423,17,5,8.5,2
2424,17,5,9,2
2425,17,5,9.5,2
2426,17,5,10,1
2427,17,5,10.5,1
2428,17,5,11,1
2429,17,5,11.5,1
2436,17,5.5,6,9
2437,17,5.5,6.5,5
2438,17,5.5,7,4
2439,17,5.5,7.5,3
2440,17,5.5,8,2
2441,17,5.5,8.5,2
2442,17,5.5,9,2
2443,17,5.5,9.5,2
2444,17,5.5,10,2
2445,17,5.5,10.5,1
2446,17,5.5,11,1
2447,17,5.5,11.5,1
2455,17,6,6.5,9
2456,17,6,7,5
2457,17,6,7.5,4
2458,17,6,8,3
2459,17,6,8.5,2
2460,17,6,9,2
2461,17,6,9.5,2
2462,17,6,10,2
2463,17,6,10.5,2
2464,17,6,11,1
2465,17,6,11.5,1
2474,17,6.5,7,9
2475,17,6.5,7.5,5
2476,17,6.5,8,4
2477,17,6.5,8.5,3
2478,17,6.5,9,2
2479,17,6.5,9.5,2
2480,17,6.5,10,2
2481,17,6.5,10.5,2
2482,17,6.5,11,2
2483,17,6.5,11.5,1
2493,17,7,7.5,9
2494,17,7,8,5
2495,17,7,8.5,4
2496,17,7,9,3
2497,17,7,9.5,2
2498,17,7,10,2
2499,17,7,10.5,2
2500,17,7,11,2
2501,17,7,11.5,2
2512,17,7.5,8,9
2513,17,7.5,8.5,5
2514,17,7.5,9,4
2515,17,7.5,9.5,3
2516,17,7.5,10,2
2517,17,7.5,10.5,2
2518,17,7.5,11,2
2519,17,7.5,11.5,2
2531,17,8,8.5,9
2532,17,8,9,5
2533,17,8,9.5,4
2534,17,8,10,3
2535,17,8,10.5,2
2536,17,8,11,2
2537,17,8,11.5,2
2550,17,8.5,9,9
2551,17,8.5,9.5,5
2552,17,8.5,10,4
2553,17,8.5,10.5,3
2554,17,8.5,11,2
2555,17,8.5,11.5,2
2569,17,9,9.5,9
2570,17,9,10,5
2571,17,9,10.5,4
2572,17,9,11,3
2573,17,9,11.5,2
2588,17,9.5,10,9
2589,17,9.5,10.5,5
2590,17,9.5,11,4
2591,17,9.5,11.5,3
2607,17,10,10.5,9
2608,17,10,11,5
2609,17,10,11.5,4
2626,17,10.5,11,9
2627,17,10.5,11.5,5
2645,17,11,11.5,9
2809,18,3,3.5,10
2810,18,3,4,6
2811,18,3,4.5,4
2812,18,3,5,3
2813,18,3,5.5,3
2814,18,3,6,2
2815,18,3,6.5,2
2816,18,3,7,2
2817,18,3,7.5,2
2818,18,3,8,2
2819,18,3,8.5,2
2820,18,3,9,1
2821,18,3,9.5,1
2822,18,3,10,1
2823,18,3,10.5,1
2824,18,3,11,1
2825,18,3,11.5,1
2828,18,3.5,4,10
2829,18,3.5,4.5,6
2830,18,3.5,5,4
2831,18,3.5,5.5,3
2832,18,3.5,6,3
2833,18,3.5,6.5,2
2834,18,3.5,7,2
2835,18,3.5,7.5,2
2836,18,3.5,8,2
2837,18,3.5,8.5,2
2838,18,3.5,9,2
2839,18,3.5,9.5,1
2840,18,3.5,10,1
2841,18,3.5,10.5,1
2842,18,3.5,11,1
2843,18,3.5,11.5,1
2847,18,4,4.5,10
2848,18,4,5,6
2849,18,4,5.5,4
2850,18,4,6,3
2851,18,4,6.5,3
2852,18,4,7,2
2853,18,4,7.5,2
2854,18,4,8,2
2855,18,4,8.5,2
2856,18,4,9,2
2857,18,4,9.5,2
2858,18,4,10,1
2859,18,4,10.5,1
2860,18,4,11,1
2861,18,4,11.5,1
2866,18,4.5,5,10
2867,18,4.5,5.5,6
2868,18,4.5,6,4
2869,18,4.5,6.5,3
2870,18,4.5,7,3
2871,18,4.5,7.5,2
2872,18,4.5,8,2
2873,18,4.5,8.5,2
2874,18,4.5,9,2
2875,18,4.5,9.5,2
2876,18,4.5,10,2
2877,18,4.5,10.5,1
2878,18,4.5,11,1
2879,18,4.5,11.5,1
2885,18,5,5.5,10
2886,18,5,6,6
2887,18,5,6.5,4
2888,18,5,7,3
2889,18,5,7.5,3
2890,18,5,8,2
2891,18,5,8.5,2
2892,18,5,9,2
2893,18,5,9.5,2
2894,18,5,10,2
2895,18,5,10.5,2
2896,18,5,11,1
2897,18,5,11.5,1
2904,18,5.5,6,10
2905,18,5.5,6.5,6
2906,18,5.5,7,4
2907,18,5.5,7.5,3
2908,18,5.5,8,3
2909,18,5.5,8.5,2
2910,18,5.5,9,2
2911,18,5.5,9.5,2
2912,18,5.5,10,2
2913,18,5.5,10.5,2
2914,18,5.5,11,2
2915,18,5.5,11.5,1
2923,18,6,6.5,10
2924,18,6,7,6
2925,18,6,7.5,4
2926,18,6,8,3
2927,18,6,8.5,3
2928,18,6,9,2
2929,18,6,9.5,2
2930,18,6,10,2
2931,18,6,10.5,2
2932,18,6,11,2
2933,18,6,11.5,2
2942,18,6.5,7,10
2943,18,6.5,7.5,6
2944,18,6.5,8,4
2945,18,6.5,8.5,3
2946,18,6.5,9,3
2947,18,6.5,9.5,2
2948,18,6.5,10,2
2949,18,6.5,10.5,2
2950,18,6.5,11,2
2951,18,6.5,11.5,2
2961,18,7,7.5,10
2962,18,7,8,6
2963,18,7,8.5,4
2964,18,7,9,3
2965,18,7,9.5,3
2966,18,7,10,2
2967,18,7,10.5,2
2968,18,7,11,2
2969,18,7,11.5,2
2980,18,7.5,8,10
2981,18,7.5,8.5,6
2982,18,7.5,9,4
2983,18,7.5,9.5,3
2984,18,7.5,10,3
2985,18,7.5,10.5,2
2986,18,7.5,11,2
2987,18,7.5,11.5,2
2999,18,8,8.5,10
3000,18,8,9,6
3001,18,8,9.5,4
3002,18,8,10,3
3003,18,8,10.5,3
3004,18,8,11,2
3005,18,8,11.5,2
3018,18,8.5,9,10
3019,18,8.5,9.5,6
3020,18,8.5,10,4
3021,18,8.5,10.5,3
3022,18,8.5,11,3
3023,18,8.5,11.5,2
3037,18,9,9.5,10
3038,18,9,10,6
3039,18,9,10.5,4
3040,18,9,11,3
3041,18,9,11.5,3
3056,18,9.5,10,10
3057,18,9.5,10.5,6
3058,18,9.5,11,4
3059,18,9.5,11.5,3
3075,18,10,10.5,10
3076,18,10,11,6
3077,18,10,11.5,4
3094,18,10.5,11,10
3095,18,10.5,11.5,6
3113,18,11,11.5,10
3277,19,3,3.5,11
3278,19,3,4,7
3279,19,3,4.5,5
3280,19,3,5,4
3281,19,3,5.5,3
3282,19,3,6,3
3283,19,3,6.5,2
3284,19,3,7,2
3285,19,3,7.5,2
3286,19,3,8,2
3287,19,3,8.5,2
3288,19,3,9,2
3289,19,3,9.5,2
3290,19,3,10,1
3291,19,3,10.5,1
3292,19,3,11,1
3293,19,3,11.5,1
3296,19,3.5,4,11
3297,19,3.5,4.5,7
3298,19,3.5,5,5
3299,19,3.5,5.5,4
3300,19,3.5,6,3
3301,19,3.5,6.5,3
3302,19,3.5,7,2
3303,19,3.5,7.5,2
3304,19,3.5,8,2
3305,19,3.5,8.5,2
3306,19,3.5,9,2
3307,19,3.5,9.5,2
3308,19,3.5,10,2
3309,19,3.5,10.5,1
3310,19,3.5,11,1
3311,19,3.5,11.5,1
3315,19,4,4.5,11
3316,19,4,5,7
3317,19,4,5.5,5
3318,19,4,6,4
3319,19,4,6.5,3
3320,19,4,7,3
3321,19,4,7.5,2
3322,19,4,8,2
3323,19,4,8.5,2
3324,19,4,9,2
3325,19,4,9.5,2
3326,19,4,10,2
3327,19,4,10.5,2
3328,19,4,11,1
3329,19,4,11.5,1
3334,19,4.5,5,11
3335,19,4.5,5.5,7
3336,19,4.5,6,5
3337,19,4.5,6.5,4
3338,19,4.5,7,3
3339,19,4.5,7.5,3
3340,19,4.5,8,2
3341,19,4.5,8.5,2
3342,19,4.5,9,2
3343,19,4.5,9.5,2
3344,19,4.5,10,2
3345,19,4.5,10.5,2
3346,19,4.5,11,2
3347,19,4.5,11.5,1
3353,19,5,5.5,11
3354,19,5,6,7
3355,19,5,6.5,5
3356,19,5,7,4
3357,19,5,7.5,3
3358,19,5,8,3
3359,19,5,8.5,2
3360,19,5,9,2
3361,19,5,9.5,2
3362,19,5,10,2
3363,19,5,10.5,2
3364,19,5,11,2
3365,19,5,11.5,2
3372,19,5.5,6,11
3373,19,5.5,6.5,7
3374,19,5.5,7,5
3375,19,5.5,7.5,4
3376,19,5.5,8,3
3377,19,5.5,8.5,3
3378,19,5.5,9,2
3379,19,5.5,9.5,2
3380,19,5.5,10,2
3381,19,5.5,10.5,2
3382,19,5.5,11,2
3383,19,5.5,11.5,2
3391,19,6,6.5,11
3392,19,6,7,7
3393,19,6,7.5,5
3394,19,6,8,4
3395,19,6,8.5,3
3396,19,6,9,3
3397,19,6,9.5,2
3398,19,6,10,2
3399,19,6,10.5,2
3400,19,6,11,2
3401,19,6,11.5,2
3410,19,6.5,7,11
3411,19,6.5,7.5,7
3412,19,6.5,8,5
3413,19,6.5,8.5,4
3414,19,6.5,9,3
3415,19,6.5,9.5,3
3416,19,6.5,10,2
3417,19,6.5,10.5,2
3418,19,6.5,11,2
3419,19,6.5,11.5,2
3429,19,7,7.5,11
3430,19,7,8,7
3431,19,7,8.5,5
3432,19,7,9,4
3433,19,7,9.5,3
3434,19,7,10,3
3435,19,7,10.5,2
3436,19,7,11,2
3437,19,7,11.5,2
3448,19,7.5,8,11
3449,19,7.5,8.5,7
3450,19,7.5,9,5
3451,19,7.5,9.5,4
3452,19,7.5,10,3
3453,19,7.5,10.5,3
3454,19,7.5,11,2
3455,19,7.5,11.5,2
3467,19,8,8.5,11
3468,19,8,9,7
3469,19,8,9.5,5
3470,19,8,10,4
3471,19,8,10.5,3
3472,19,8,11,3
3473,19,8,11.5,2
3486,19,8.5,9,11
3487,19,8.5,9.5,7
3488,19,8.5,10,5
3489,19,8.5,10.5,4
3490,19,8.5,11,3
3491,19,8.5,11.5,3
3505,19,9,9.5,11
3506,19,9,10,7
3507,19,9,10.5,5
3508,19,9,11,4
3509,19,9,11.5,3
3524,19,9.5,10,11
3525,19,9.5,10.5,7
3526,19,9.5,11,5
3527,19,9.5,11.5,4
3543,19,10,10.5,11
3544,19,10,11,7
3545,19,10,11.5,5
3562,19,10.5,11,11
3563,19,10.5,11.5,7
3581,19,11,11.5,11
3745,20,3,3.5,13
3746,20,3,4,7
3747,20,3,4.5,5
3748,20,3,5,4
3749,20,3,5.5,4
3750,20,3,6,3
3751,20,3,6.5,3
3752,20,3,7,2
3753,20,3,7.5,2
3754,20,3,8,2
3755,20,3,8.5,2
3756,20,3,9,2
3757,20,3,9.5,2
3758,20,3,10,2
3759,20,3,10.5,2
3760,20,3,11,1
3761,20,3,11.5,1
3764,20,3.5,4,13
3765,20,3.5,4.5,7
3766,20,3.5,5,5
3767,20,3.5,5.5,4
3768,20,3.5,6,4
3769,20,3.5,6.5,3
3770,20,3.5,7,3
3771,20,3.5,7.5,2
3772,20,3.5,8,2
3773,20,3.5,8.5,2
3774,20,3.5,9,2
3775,20,3.5,9.5,2
3776,20,3.5,10,2
3777,20,3.5,10.5,2
3778,20,3.5,11,2
3779,20,3.5,11.5,1
3783,20,4,4.5,13
3784,20,4,5,7
3785,20,4,5.5,5
3786,20,4,6,4
3787,20,4,6.5,4
3788,20,4,7,3
3789,20,4,7.5,3
3790,20,4,8,2
3791,20,4,8.5,2
3792,20,4,9,2
3793,20,4,9.5,2
3794,20,4,10,2
3795,20,4,10.5,2
3796,20,4,11,2
3797,20,4,11.5,2
3802,20,4.5,5,13
3803,20,4.5,5.5,7
3804,20,4.5,6,5
3805,20,4.5,6.5,4
3806,20,4.5,7,4
3807,20,4.5,7.5,3
3808,20,4.5,8,3
3809,20,4.5,8.5,2
3810,20,4.5,9,2
3811,20,4.5,9.5,2
3812,20,4.5,10,2
3813,20,4.5,10.5,2
3814,20,4.5,11,2
3815,20,4.5,11.5,2
3821,20,5,5.5,13
3822,20,5,6,7
3823,20,5,6.5,5
3824,20,5,7,4
3825,20,5,7.5,4
3826,20,5,8,3
3827,20,5,8.5,3
3828,20,5,9,2
3829,20,5,9.5,2
3830,20,5,10,2
3831,20,5,10.5,2
3832,20,5,11,2
3833,20,5,11.5,2
3840,20,5.5,6,13
3841,20,5.5,6.5,7
3842,20,5.5,7,5
3843,20,5.5,7.5,4
3844,20,5.5,8,4
3845,20,5.5,8.5,3
3846,20,5.5,9,3
3847,20,5.5,9.5,2
3848,20,5.5,10,2
3849,20,5.5,10.5,2
3850,20,5.5,11,2
3851,20,5.5,11.5,2
3859,20,6,6.5,13
3860,20,6,7,7
3861,20,6,7.5,5
3862,20,6,8,4
3863,20,6,8.5,4
3864,20,6,9,3
3865,20,6,9.5,3
3866,20,6,10,2
3867,20,6,10.5,2
3868,20,6,11,2
3869,20,6,11.5,2
3878,20,6.5,7,13
3879,20,6.5,7.5,7
3880,20,6.5,8,5
3881,20,6.5,8.5,4
3882,20,6.5,9,4
3883,20,6.5,9.5,3
3884,20,6.5,10,3
3885,20,6.5,10.5,2
3886,20,6.5,11,2
3887,20,6.5,11.5,2
3897,20,7,7.5,13
3898,20,7,8,7
3899,20,7,8.5,5
3900,20,7,9,4
3901,20,7,9.5,4
3902,20,7,10,3
3903,20,7,10.5,3
3904,20,7,11,2
3905,20,7,11.5,2
3916,20,7.5,8,13
3917,20,7.5,8.5,7
3918,20,7.5,9,5
3919,20,7.5,9.5,4
3920,20,7.5,10,4
3921,20,7.5,10.5,3
3922,20,7.5,11,3
3923,20,7.5,11.5,2
3935,20,8,8.5,13
3936,20,8,9,7
3937,20,8,9.5,5
3938,20,8,10,4
3939,20,8,10.5,4
3940,20,8,11,3
3941,20,8,11.5,3
3954,20,8.5,9,13
3955,20,8.5,9.5,7
3956,20,8.5,10,5
3957,20,8.5,10.5,4
3958,20,8.5,11,4
3959,20,8.5,11.5,3
3973,20,9,9.5,13
3974,20,9,10,7
3975,20,9,10.5,5
3976,20,9,11,4
3977,20,9,11.5,4
3992,20,9.5,10,13
3993,20,9.5,10.5,7
3994,20,9.5,11,5
3995,20,9.5,11.5,4
4011,20,10,10.5,13
4012,20,10,11,7
4013,20,10,11.5,5
4030,20,10.5,11,13
4031,20,10.5,11.5,7
4049,20,11,11.5,13
4213,21,3,3.5,14
4214,21,3,4,8
4215,21,3,4.5,6
4216,21,3,5,5
4217,21,3,5.5,4
4218,21,3,6,3
4219,21,3,6.5,3
4220,21,3,7,3
4221,21,3,7.5,2
4222,21,3,8,2
4223,21,3,8.5,2
4224,21,3,9,2
4225,21,3,9.5,2
4226,21,3,10,2
4227,21,3,10.5,2
4228,21,3,11,2
4229,21,3,11.5,2
4232,21,3.5,4,14
4233,21,3.5,4.5,8
4234,21,3.5,5,6
4235,21,3.5,5.5,5
4236,21,3.5,6,4
4237,21,3.5,6.5,3
4238,21,3.5,7,3
4239,21,3.5,7.5,3
4240,21,3.5,8,2
4241,21,3.5,8.5,2
4242,21,3.5,9,2
4243,21,3.5,9.5,2
4244,21,3.5,10,2
4245,21,3.5,10.5,2
4246,21,3.5,11,2
4247,21,3.5,11.5,2
4251,21,4,4.5,14
4252,21,4,5,8
4253,21,4,5.5,6
4254,21,4,6,5
4255,21,4,6.5,4
4256,21,4,7,3
4257,21,4,7.5,3
4258,21,4,8,3
4259,21,4,8.5,2
4260,21,4,9,2
4261,21,4,9.5,2
4262,21,4,10,2
4263,21,4,10.5,2
4264,21,4,11,2
4265,21,4,11.5,2
4270,21,4.5,5,14
4271,21,4.5,5.5,8
4272,21,4.5,6,6
4273,21,4.5,6.5,5
4274,21,4.5,7,4
4275,21,4.5,7.5,3
4276,21,4.5,8,3
4277,21,4.5,8.5,3
4278,21,4.5,9,2
4279,21,4.5,9.5,2
4280,21,4.5,10,2
4281,21,4.5,10.5,2
4282,21,4.5,11,2
4283,21,4.5,11.5,2
4289,21,5,5.5,14
4290,21,5,6,8
4291,21,5,6.5,6
4292,21,5,7,5
4293,21,5,7.5,4
4294,21,5,8,3
4295,21,5,8.5,3
4296,21,5,9,3
4297,21,5,9.5,2
4298,21,5,10,2
4299,21,5,10.5,2
4300,21,5,11,2
4301,21,5,11.5,2
4308,21,5.5,6,14
4309,21,5.5,6.5,8
4310,21,5.5,7,6
4311,21,5.5,7.5,5
4312,21,5.5,8,4
4313,21,5.5,8.5,3
4314,21,5.5,9,3
4315,21,5.5,9.5,3
4316,21,5.5,10,2
4317,21,5.5,10.5,2
4318,21,5.5,11,2
4319,21,5.5,11.5,2
4327,21,6,6.5,14
4328,21,6,7,8
4329,21,6,7.5,6
4330,21,6,8,5
4331,21,6,8.5,4
4332,21,6,9,3
4333,21,6,9.5,3
4334,21,6,10,3
4335,21,6,10.5,2
4336,21,6,11,2
4337,21,6,11.5,2
4346,21,6.5,7,14
4347,21,6.5,7.5,8
4348,21,6.5,8,6
4349,21,6.5,8.5,5
4350,21,6.5,9,4
4351,21,6.5,9.5,3
4352,21,6.5,10,3
4353,21,6.5,10.5,3
4354,21,6.5,11,2
4355,21,6.5,11.5,2
4365,21,7,7.5,14
4366,21,7,8,8
4367,21,7,8.5,6
4368,21,7,9,5
4369,21,7,9.5,4
4370,21,7,10,3
4371,21,7,10.5,3
4372,21,7,11,3
4373,21,7,11.5,2
4384,21,7.5,8,14
4385,21,7.5,8.5,8
4386,21,7.5,9,6
4387,21,7.5,9.5,5
4388,21,7.5,10,4
4389,21,7.5,10.5,3
4390,21,7.5,11,3
4391,21,7.5,11.5,3
4403,21,8,8.5,14
4404,21,8,9,8
4405,21,8,9.5,6
4406,21,8,10,5
4407,21,8,10.5,4
4408,21,8,11,3
4409,21,8,11.5,3
4422,21,8.5,9,14
4423,21,8.5,9.5,8
4424,21,8.5,10,6
4425,21,8.5,10.5,5
4426,21,8.5,11,4
4427,21,8.5,11.5,3
4441,21,9,9.5,14
4442,21,9,10,8
4443,21,9,10.5,6
4444,21,9,11,5
4445,21,9,11.5,4
4460,21,9.5,10,14
4461,21,9.5,10.5,8
4462,21,9.5,11,6
4463,21,9.5,11.5,5
4479,21,10,10.5,14
4480,21,10,11,8
4481,21,10,11.5,6
4498,21,10.5,11,14
4499,21,10.5,11.5,8
4517,21,11,11.5,14
4681,22,3,3.5,15
4682,22,3,4,9
4683,22,3,4.5,6
4684,22,3,5,5
4685,22,3,5.5,4
4686,22,3,6,4
4687,22,3,6.5,3
4688,22,3,7,3
4689,22,3,7.5,3
4690,22,3,8,2
4691,22,3,8.5,2
4692,22,3,9,2
4693,22,3,9.5,2
4694,22,3,10,2
4695,22,3,10.5,2
4696,22,3,11,2
4697,22,3,11.5,2
4700,22,3.5,4,15
4701,22,3.5,4.5,9
4702,22,3.5,5,6
4703,22,3.5,5.5,5
4704,22,3.5,6,4
4705,22,3.5,6.5,4
4706,22,3.5,7,3
4707,22,3.5,7.5,3
4708,22,3.5,8,3
4709,22,3.5,8.5,2
4710,22,3.5,9,2
4711,22,3.5,9.5,2
4712,22,3.5,10,2
4713,22,3.5,10.5,2
4714,22,3.5,11,2
4715,22,3.5,11.5,2
4719,22,4,4.5,15
4720,22,4,5,9
4721,22,4,5.5,6
4722,22,4,6,5
4723,22,4,6.5,4
4724,22,4,7,4
4725,22,4,7.5,3
4726,22,4,8,3
4727,22,4,8.5,3
4728,22,4,9,2
4729,22,4,9.5,2
4730,22,4,10,2
4731,22,4,10.5,2
4732,22,4,11,2
4733,22,4,11.5,2
4738,22,4.5,5,15
4739,22,4.5,5.5,9
4740,22,4.5,6,6
4741,22,4.5,6.5,5
4742,22,4.5,7,4
4743,22,4.5,7.5,4
4744,22,4.5,8,3
4745,22,4.5,8.5,3
4746,22,4.5,9,3
4747,22,4.5,9.5,2
4748,22,4.5,10,2
4749,22,4.5,10.5,2
4750,22,4.5,11,2
4751,22,4.5,11.5,2
4757,22,5,5.5,15
4758,22,5,6,9
4759,22,5,6.5,6
4760,22,5,7,5
4761,22,5,7.5,4
4762,22,5,8,4
4763,22,5,8.5,3
4764,22,5,9,3
4765,22,5,9.5,3
4766,22,5,10,2
4767,22,5,10.5,2
4768,22,5,11,2
4769,22,5,11.5,2
4776,22,5.5,6,15
4777,22,5.5,6.5,9
4778,22,5.5,7,6
4779,22,5.5,7.5,5
4780,22,5.5,8,4
4781,22,5.5,8.5,4
4782,22,5.5,9,3
4783,22,5.5,9.5,3
4784,22,5.5,10,3
4785,22,5.5,10.5,2
4786,22,5.5,11,2
4787,22,5.5,11.5,2
4795,22,6,6.5,15
4796,22,6,7,9
4797,22,6,7.5,6
4798,22,6,8,5
4799,22,6,8.5,4
4800,22,6,9,4
4801,22,6,9.5,3
4802,22,6,10,3
4803,22,6,10.5,3
4804,22,6,11,2
4805,22,6,11.5,2
4814,22,6.5,7,15
4815,22,6.5,7.5,9
4816,22,6.5,8,6
4817,22,6.5,8.5,5
4818,22,6.5,9,4
4819,22,6.5,9.5,4
4820,22,6.5,10,3
4821,22,6.5,10.5,3
4822,22,6.5,11,3
4823,22,6.5,11.5,2
4833,22,7,7.5,15
4834,22,7,8,9
4835,22,7,8.5,6
4836,22,7,9,5
4837,22,7,9.5,4
4838,22,7,10,4
4839,22,7,10.5,3
4840,22,7,11,3
4841,22,7,11.5,3
4852,22,7.5,8,15
4853,22,7.5,8.5,9
4854,22,7.5,9,6
4855,22,7.5,9.5,5
4856,22,7.5,10,4
4857,22,7.5,10.5,4
4858,22,7.5,11,3
4859,22,7.5,11.5,3
4871,22,8,8.5,15
4872,22,8,9,9
4873,22,8,9.5,6
4874,22,8,10,5
4875,22,8,10.5,4
4876,22,8,11,4
4877,22,8,11.5,3
4890,22,8.5,9,15
4891,22,8.5,9.5,9
4892,22,8.5,10,6
4893,22,8.5,10.5,5
4894,22,8.5,11,4
4895,22,8.5,11.5,4
4909,22,9,9.5,15
4910,22,9,10,9
4911,22,9,10.5,6
4912,22,9,11,5
4913,22,9,11.5,4
4928,22,9.5,10,15
4929,22,9.5,10.5,9
4930,22,9.5,11,6
4931,22,9.5,11.5,5
4947,22,10,10.5,15
4948,22,10,11,9
4949,22,10,11.5,6
4966,22,10.5,11,15
4967,22,10.5,11.5,9
4985,22,11,11.5,15
5149,23,3,3.5,16
5150,23,3,4,10
5151,23,3,4.5,7
5152,23,3,5,5
5153,23,3,5.5,5
5154,23,3,6,4
5155,23,3,6.5,3
5156,23,3,7,3
5157,23,3,7.5,3
5158,23,3,8,3
5159,23,3,8.5,2
5160,23,3,9,2
5161,23,3,9.5,2
5162,23,3,10,2
5163,23,3,10.5,2
5164,23,3,11,2
5165,23,3,11.5,2
5168,23,3.5,4,16
5169,23,3.5,4.5,10
5170,23,3.5,5,7
5171,23,3.5,5.5,5
5172,23,3.5,6,5
5173,23,3.5,6.5,4
5174,23,3.5,7,3
5175,23,3.5,7.5,3
5176,23,3.5,8,3
5177,23,3.5,8.5,3
5178,23,3.5,9,2
5179,23,3.5,9.5,2
5180,23,3.5,10,2
5181,23,3.5,10.5,2
5182,23,3.5,11,2
5183,23,3.5,11.5,2
5187,23,4,4.5,16
5188,23,4,5,10
5189,23,4,5.5,7
5190,23,4,6,5
5191,23,4,6.5,5
5192,23,4,7,4
5193,23,4,7.5,3
5194,23,4,8,3
5195,23,4,8.5,3
5196,23,4,9,3
5197,23,4,9.5,2
5198,23,4,10,2
5199,23,4,10.5,2
5200,23,4,11,2
5201,23,4,11.5,2
5206,23,4.5,5,16
5207,23,4.5,5.5,10
5208,23,4.5,6,7
5209,23,4.5,6.5,5
5210,23,4.5,7,5
5211,23,4.5,7.5,4
5212,23,4.5,8,3
5213,23,4.5,8.5,3
5214,23,4.5,9,3
5215,23,4.5,9.5,3
5216,23,4.5,10,2
5217,23,4.5,10.5,2
5218,23,4.5,11,2
5219,23,4.5,11.5,2
5225,23,5,5.5,16
5226,23,5,6,10
5227,23,5,6.5,7
5228,23,5,7,5
5229,23,5,7.5,5
5230,23,5,8,4
5231,23,5,8.5,3
5232,23,5,9,3
5233,23,5,9.5,3
5234,23,5,10,3
5235,23,5,10.5,2
5236,23,5,11,2
5237,23,5,11.5,2
5244,23,5.5,6,16
5245,23,5.5,6.5,10
5246,23,5.5,7,7
5247,23,5.5,7.5,5
5248,23,5.5,8,5
5249,23,5.5,8.5,4
5250,23,5.5,9,3
5251,23,5.5,9.5,3
5252,23,5.5,10,3
5253,23,5.5,10.5,3
5254,23,5.5,11,2
5255,23,5.5,11.5,2
5263,23,6,6.5,16
5264,23,6,7,10
5265,23,6,7.5,7
5266,23,6,8,5
5267,23,6,8.5,5
5268,23,6,9,4
5269,23,6,9.5,3
5270,23,6,10,3
5271,23,6,10.5,3
5272,23,6,11,3
5273,23,6,11.5,2
5282,23,6.5,7,16
5283,23,6.5,7.5,10
5284,23,6.5,8,7
5285,23,6.5,8.5,5
5286,23,6.5,9,5
5287,23,6.5,9.5,4
5288,23,6.5,10,3
5289,23,6.5,10.5,3
5290,23,6.5,11,3
5291,23,6.5,11.5,3
5301,23,7,7.5,16
5302,23,7,8,10
5303,23,7,8.5,7
5304,23,7,9,5
5305,23,7,9.5,5
5306,23,7,10,4
5307,23,7,10.5,3
5308,23,7,11,3
5309,23,7,11.5,3
5320,23,7.5,8,16
5321,23,7.5,8.5,10
5322,23,7.5,9,7
5323,23,7.5,9.5,5
5324,23,7.5,10,5
5325,23,7.5,10.5,4
5326,23,7.5,11,3
5327,23,7.5,11.5,3
5339,23,8,8.5,16
5340,23,8,9,10
5341,23,8,9.5,7
5342,23,8,10,6
5343,23,8,10.5,5
5344,23,8,11,4
5345,23,8,11.5,3
5358,23,8.5,9,16
5359,23,8.5,9.5,10
5360,23,8.5,10,7
5361,23,8.5,10.5,6
5362,23,8.5,11,5
5363,23,8.5,11.5,4
5377,23,9,9.5,16
5378,23,9,10,10
5379,23,9,10.5,7
5380,23,9,11,6
5381,23,9,11.5,5
5396,23,9.5,10,16
5397,23,9.5,10.5,10
5398,23,9.5,11,7
5399,23,9.5,11.5,6
5415,23,10,10.5,16
5416,23,10,11,10
5417,23,10,11.5,7
5434,23,10.5,11,16
5435,23,10.5,11.5,10
5453,23,11,11.5,16
5617,24,3,3.5,18
5618,24,3,4,10
5619,24,3,4.5,8
5620,24,3,5,6
5621,24,3,5.5,5
5622,24,3,6,4
5623,24,3,6.5,4
5624,24,3,7,3
5625,24,3,7.5,3
5626,24,3,8,3
5627,24,3,8.5,3
5628,24,3,9,2
5629,24,3,9.5,2
5630,24,3,10,2
5631,24,3,10.5,2
5632,24,3,11,2
5633,24,3,11.5,2
5636,24,3.5,4,18
5637,24,3.5,4.5,10
5638,24,3.5,5,8
5639,24,3.5,5.5,6
5640,24,3.5,6,5
5641,24,3.5,6.5,4
5642,24,3.5,7,4
5643,24,3.5,7.5,3
5644,24,3.5,8,3
5645,24,3.5,8.5,3
5646,24,3.5,9,3
5647,24,3.5,9.5,2
5648,24,3.5,10,2
5649,24,3.5,10.5,2
5650,24,3.5,11,2
5651,24,3.5,11.5,2
5655,24,4,4.5,18
5656,24,4,5,10
5657,24,4,5.5,8
5658,24,4,6,6
5659,24,4,6.5,5
5660,24,4,7,4
5661,24,4,7.5,4
5662,24,4,8,3
5663,24,4,8.5,3
5664,24,4,9,3
5665,24,4,9.5,3
5666,24,4,10,2
5667,24,4,10.5,2
5668,24,4,11,2
5669,24,4,11.5,2
5674,24,4.5,5,18
5675,24,4.5,5.5,10
5676,24,4.5,6,8
5677,24,4.5,6.5,6
5678,24,4.5,7,5
5679,24,4.5,7.5,4
5680,24,4.5,8,4
5681,24,4.5,8.5,3
5682,24,4.5,9,3
5683,24,4.5,9.5,3
5684,24,4.5,10,3
5685,24,4.5,10.5,2
5686,24,4.5,11,2
5687,24,4.5,11.5,2
5693,24,5,5.5,18
5694,24,5,6,10
5695,24,5,6.5,8
5696,24,5,7,6
5697,24,5,7.5,5
5698,24,5,8,4
5699,24,5,8.5,4
5700,24,5,9,3
5701,24,5,9.5,3
5702,24,5,10,3
5703,24,5,10.5,3
5704,24,5,11,2
5705,24,5,11.5,2
5712,24,5.5,6,18
5713,24,5.5,6.5,10
5714,24,5.5,7,8
5715,24,5.5,7.5,6
5716,24,5.5,8,5
5717,24,5.5,8.5,4
5718,24,5.5,9,4
5719,24,5.5,9.5,3
5720,24,5.5,10,3
5721,24,5.5,10.5,3
5722,24,5.5,11,3
5723,24,5.5,11.5,2
5731,24,6,6.5,18
5732,24,6,7,10
5733,24,6,7.5,8
5734,24,6,8,6
5735,24,6,8.5,5
5736,24,6,9,4
5737,24,6,9.5,4
5738,24,6,10,3
5739,24,6,10.5,3
5740,24,6,11,3
5741,24,6,11.5,3
5750,24,6.5,7,18
5751,24,6.5,7.5,10
5752,24,6.5,8,8
5753,24,6.5,8.5,6
5754,24,6.5,9,5
5755,24,6.5,9.5,4
5756,24,6.5,10,4
5757,24,6.5,10.5,3
5758,24,6.5,11,3
5759,24,6.5,11.5,3
5769,24,7,7.5,18
5770,24,7,8,10
5771,24,7,8.5,8
5772,24,7,9,6
5773,24,7,9.5,5
5774,24,7,10,4
5775,24,7,10.5,4
5776,24,7,11,3
5777,24,7,11.5,3
5788,24,7.5,8,18
5789,24,7.5,8.5,10
5790,24,7.5,9,8
5791,24,7.5,9.5,6
5792,24,7.5,10,5
5793,24,7.5,10.5,4
5794,24,7.5,11,4
5795,24,7.5,11.5,3
5807,24,8,8.5,18
5808,24,8,9,10
5809,24,8,9.5,8
5810,24,8,10,6
5811,24,8,10.5,5
5812,24,8,11,4
5813,24,8,11.5,4
5826,24,8.5,9,18
5827,24,8.5,9.5,10
5828,24,8.5,10,8
5829,24,8.5,10.5,6
5830,24,8.5,11,5
5831,24,8.5,11.5,4
5845,24,9,9.5,18
5846,24,9,10,10
5847,24,9,10.5,8
5848,24,9,11,6
5849,24,9,11.5,5
5864,24,9.5,10,18
5865,24,9.5,10.5,10
5866,24,9.5,11,8
5867,24,9.5,11.5,6
5883,24,10,10.5,18
5884,24,10,11,10
5885,24,10,11.5,8
5902,24,10.5,11,18
5903,24,10.5,11.5,10
5921,24,11,11.5,18
6085,25,3,3.5,19
6086,25,3,4,11
6087,25,3,4.5,8
6088,25,3,5,6
6089,25,3,5.5,5
6090,25,3,6,5
6091,25,3,6.5,4
6092,25,3,7,4
6093,25,3,7.5,3
6094,25,3,8,3
6095,25,3,8.5,3
6096,25,3,9,3
6097,25,3,9.5,2
6098,25,3,10,2
6099,25,3,10.5,2
6100,25,3,11,2
6101,25,3,11.5,2
6104,25,3.5,4,19
6105,25,3.5,4.5,11
6106,25,3.5,5,8
6107,25,3.5,5.5,6
6108,25,3.5,6,5
6109,25,3.5,6.5,5
6110,25,3.5,7,4
6111,25,3.5,7.5,4
6112,25,3.5,8,3
6113,25,3.5,8.5,3
6114,25,3.5,9,3
6115,25,3.5,9.5,3
6116,25,3.5,10,2
6117,25,3.5,10.5,2
6118,25,3.5,11,2
6119,25,3.5,11.5,2
6123,25,4,4.5,19
6124,25,4,5,11
6125,25,4,5.5,8
6126,25,4,6,6
6127,25,4,6.5,5
6128,25,4,7,5
6129,25,4,7.5,4
6130,25,4,8,4
6131,25,4,8.5,3
6132,25,4,9,3
6133,25,4,9.5,3
6134,25,4,10,3
6135,25,4,10.5,2
6136,25,4,11,2
6137,25,4,11.5,2
6142,25,4.5,5,19
6143,25,4.5,5.5,11
6144,25,4.5,6,8
6145,25,4.5,6.5,6
6146,25,4.5,7,5
6147,25,4.5,7.5,5
6148,25,4.5,8,4
6149,25,4.5,8.5,4
6150,25,4.5,9,3
6151,25,4.5,9.5,3
6152,25,4.5,10,3
6153,25,4.5,10.5,3
6154,25,4.5,11,2
6155,25,4.5,11.5,2
6161,25,5,5.5,19
6162,25,5,6,11
6163,25,5,6.5,8
6164,25,5,7,6
6165,25,5,7.5,5
6166,25,5,8,5
6167,25,5,8.5,4
6168,25,5,9,4
6169,25,5,9.5,3
6170,25,5,10,3
6171,25,5,10.5,3
6172,25,5,11,3
6173,25,5,11.5,2
6180,25,5.5,6,19
6181,25,5.5,6.5,11
6182,25,5.5,7,8
6183,25,5.5,7.5,6
6184,25,5.5,8,5
6185,25,5.5,8.5,5
6186,25,5.5,9,4
6187,25,5.5,9.5,4
6188,25,5.5,10,3
6189,25,5.5,10.5,3
6190,25,5.5,11,3
6191,25,5.5,11.5,3
6199,25,6,6.5,19
6200,25,6,7,11
6201,25,6,7.5,8
6202,25,6,8,6
6203,25,6,8.5,5
6204,25,6,9,5
6205,25,6,9.5,4
6206,25,6,10,4
6207,25,6,10.5,3
6208,25,6,11,3
6209,25,6,11.5,3
6218,25,6.5,7,19
6219,25,6.5,7.5,11
6220,25,6.5,8,8
6221,25,6.5,8.5,6
6222,25,6.5,9,5
6223,25,6.5,9.5,5
6224,25,6.5,10,4
6225,25,6.5,10.5,4
6226,25,6.5,11,3
6227,25,6.5,11.5,3
6237,25,7,7.5,19
6238,25,7,8,11
6239,25,7,8.5,8
6240,25,7,9,6
6241,25,7,9.5,5
6242,25,7,10,5
6243,25,7,10.5,4
6244,25,7,11,4
6245,25,7,11.5,3
6256,25,7.5,8,19
6257,25,7.5,8.5,11
6258,25,7.5,9,8
6259,25,7.5,9.5,6
6260,25,7.5,10,5
6261,25,7.5,10.5,5
6262,25,7.5,11,4
6263,25,7.5,11.5,4
6275,25,8,8.5,19
6276,25,8,9,11
6277,25,8,9.5,8
6278,25,8,10,6
6279,25,8,10.5,5
6280,25,8,11,5
6281,25,8,11.5,4
6294,25,8.5,9,19
6295,25,8.5,9.5,11
6296,25,8.5,10,8
6297,25,8.5,10.5,6
6298,25,8.5,11,5
6299,25,8.5,11.5,5
6313,25,9,9.5,19
6314,25,9,10,11
6315,25,9,10.5,8
6316,25,9,11,6
6317,25,9,11.5,5
6332,25,9.5,10,19
6333,25,9.5,10.5,11
6334,25,9.5,11,8
6335,25,9.5,11.5,6
6351,25,10,10.5,19
6352,25,10,11,11
6353,25,10,11.5,8
6370,25,10.5,11,19
6371,25,10.5,11.5,11
6389,25,11,11.5,19
6553,26,3,3.5,20
6554,26,3,4,12
6555,26,3,4.5,9
6556,26,3,5,7
6557,26,3,5.5,6
6558,26,3,6,5
6559,26,3,6.5,4
6560,26,3,7,4
6561,26,3,7.5,3
6562,26,3,8,3
6563,26,3,8.5,3
6564,26,3,9,3
6565,26,3,9.5,3
6566,26,3,10,2
6567,26,3,10.5,2
6568,26,3,11,2
6569,26,3,11.5,2
6572,26,3.5,4,20
6573,26,3.5,4.5,12
6574,26,3.5,5,9
6575,26,3.5,5.5,7
6576,26,3.5,6,6
6577,26,3.5,6.5,5
6578,26,3.5,7,4
6579,26,3.5,7.5,4
6580,26,3.5,8,3
6581,26,3.5,8.5,3
6582,26,3.5,9,3
6583,26,3.5,9.5,3
6584,26,3.5,10,3
6585,26,3.5,10.5,2
6586,26,3.5,11,2
6587,26,3.5,11.5,2
6591,26,4,4.5,20
6592,26,4,5,12
6593,26,4,5.5,9
6594,26,4,6,7
6595,26,4,6.5,6
6596,26,4,7,5
6597,26,4,7.5,4
6598,26,4,8,4
6599,26,4,8.5,3
6600,26,4,9,3
6601,26,4,9.5,3
6602,26,4,10,3
6603,26,4,10.5,3
6604,26,4,11,2
6605,26,4,11.5,2
6610,26,4.5,5,20
6611,26,4.5,5.5,12
6612,26,4.5,6,9
6613,26,4.5,6.5,7
6614,26,4.5,7,6
6615,26,4.5,7.5,5
6616,26,4.5,8,4
6617,26,4.5,8.5,4
6618,26,4.5,9,3
6619,26,4.5,9.5,3
6620,26,4.5,10,3
6621,26,4.5,10.5,3
6622,26,4.5,11,3
6623,26,4.5,11.5,2
6629,26,5,5.5,20
6630,26,5,6,12
6631,26,5,6.5,9
6632,26,5,7,7
6633,26,5,7.5,6
6634,26,5,8,5
6635,26,5,8.5,4
6636,26,5,9,4
6637,26,5,9.5,3
6638,26,5,10,3
6639,26,5,10.5,3
6640,26,5,11,3
6641,26,5,11.5,3
6648,26,5.5,6,20
6649,26,5.5,6.5,12
6650,26,5.5,7,9
6651,26,5.5,7.5,7
6652,26,5.5,8,6
6653,26,5.5,8.5,5
6654,26,5.5,9,4
6655,26,5.5,9.5,4
6656,26,5.5,10,3
6657,26,5.5,10.5,3
6658,26,5.5,11,3
6659,26,5.5,11.5,3
6667,26,6,6.5,20
6668,26,6,7,12
6669,26,6,7.5,9
6670,26,6,8,7
6671,26,6,8.5,6
6672,26,6,9,5
6673,26,6,9.5,4
6674,26,6,10,4
6675,26,6,10.5,3
6676,26,6,11,3
6677,26,6,11.5,3
6686,26,6.5,7,20
6687,26,6.5,7.5,12
6688,26,6.5,8,9
6689,26,6.5,8.5,7
6690,26,6.5,9,6
6691,26,6.5,9.5,5
6692,26,6.5,10,4
6693,26,6.5,10.5,4
6694,26,6.5,11,3
6695,26,6.5,11.5,3
6705,26,7,7.5,20
6706,26,7,8,12
6707,26,7,8.5,9
6708,26,7,9,7
6709,26,7,9.5,6
6710,26,7,10,5
6711,26,7,10.5,4
6712,26,7,11,4
6713,26,7,11.5,3
6724,26,7.5,8,20
6725,26,7.5,8.5,12
6726,26,7.5,9,9
6727,26,7.5,9.5,7
6728,26,7.5,10,6
6729,26,7.5,10.5,5
6730,26,7.5,11,4
6731,26,7.5,11.5,4
6743,26,8,8.5,20
6744,26,8,9,12
6745,26,8,9.5,9
6746,26,8,10,7
6747,26,8,10.5,6
6748,26,8,11,5
6749,26,8,11.5,4
6762,26,8.5,9,20
6763,26,8.5,9.5,12
6764,26,8.5,10,9
6765,26,8.5,10.5,7
6766,26,8.5,11,6
6767,26,8.5,11.5,5
6781,26,9,9.5,20
6782,26,9,10,12
6783,26,9,10.5,9
6784,26,9,11,7
6785,26,9,11.5,6
6800,26,9.5,10,20
6801,26,9.5,10.5,12
6802,26,9.5,11,9
6803,26,9.5,11.5,7
6819,26,10,10.5,20
6820,26,10,11,12
6821,26,10,11.5,9
6838,26,10.5,11,20
6839,26,10.5,11.5,12
6857,26,11,11.5,20
7021,27,3,3.5,21
7022,27,3,4,13
7023,27,3,4.5,9
7024,27,3,5,7
7025,27,3,5.5,6
7026,27,3,6,5
7027,27,3,6.5,5
7028,27,3,7,4
7029,27,3,7.5,4
7030,27,3,8,3
7031,27,3,8.5,3
7032,27,3,9,3
7033,27,3,9.5,3
7034,27,3,10,3
7035,27,3,10.5,2
7036,27,3,11,2
7037,27,3,11.5,2
7040,27,3.5,4,21
7041,27,3.5,4.5,13
7042,27,3.5,5,9
7043,27,3.5,5.5,7
7044,27,3.5,6,6
7045,27,3.5,6.5,5
7046,27,3.5,7,5
7047,27,3.5,7.5,4
7048,27,3.5,8,4
7049,27,3.5,8.5,3
7050,27,3.5,9,3
7051,27,3.5,9.5,3
7052,27,3.5,10,3
7053,27,3.5,10.5,3
7054,27,3.5,11,2
7055,27,3.5,11.5,2
7059,27,4,4.5,21
7060,27,4,5,13
7061,27,4,5.5,9
7062,27,4,6,7
7063,27,4,6.5,6
7064,27,4,7,5
7065,27,4,7.5,5
7066,27,4,8,4
7067,27,4,8.5,4
7068,27,4,9,3
7069,27,4,9.5,3
7070,27,4,10,3
7071,27,4,10.5,3
7072,27,4,11,3
7073,27,4,11.5,2
7078,27,4.5,5,21
7079,27,4.5,5.5,13
7080,27,4.5,6,9
7081,27,4.5,6.5,7
7082,27,4.5,7,6
7083,27,4.5,7.5,5
7084,27,4.5,8,5
7085,27,4.5,8.5,4
7086,27,4.5,9,4
7087,27,4.5,9.5,3
7088,27,4.5,10,3
7089,27,4.5,10.5,3
7090,27,4.5,11,3
7091,27,4.5,11.5,3
7097,27,5,5.5,21
7098,27,5,6,13
7099,27,5,6.5,9
7100,27,5,7,7
7101,27,5,7.5,6
7102,27,5,8,5
7103,27,5,8.5,5
7104,27,5,9,4
7105,27,5,9.5,4
7106,27,5,10,3
7107,27,5,10.5,3
7108,27,5,11,3
7109,27,5,11.5,3
7116,27,5.5,6,21
7117,27,5.5,6.5,13
7118,27,5.5,7,9
7119,27,5.5,7.5,7
7120,27,5.5,8,6
7121,27,5.5,8.5,5
7122,27,5.5,9,5
7123,27,5.5,9.5,4
7124,27,5.5,10,4
7125,27,5.5,10.5,3
7126,27,5.5,11,3
7127,27,5.5,11.5,3
7135,27,6,6.5,21
7136,27,6,7,13
7137,27,6,7.5,9
7138,27,6,8,7
7139,27,6,8.5,6
7140,27,6,9,5
7141,27,6,9.5,5
7142,27,6,10,4
7143,27,6,10.5,4
7144,27,6,11,3
7145,27,6,11.5,3
7154,27,6.5,7,21
7155,27,6.5,7.5,13
7156,27,6.5,8,9
7157,27,6.5,8.5,7
7158,27,6.5,9,6
7159,27,6.5,9.5,5
7160,27,6.5,10,5
7161,27,6.5,10.5,4
7162,27,6.5,11,4
7163,27,6.5,11.5,3
7173,27,7,7.5,21
7174,27,7,8,13
7175,27,7,8.5,9
7176,27,7,9,7
7177,27,7,9.5,6
7178,27,7,10,5
7179,27,7,10.5,5
7180,27,7,11,4
7181,27,7,11.5,4
7192,27,7.5,8,21
7193,27,7.5,8.5,13
7194,27,7.5,9,9
7195,27,7.5,9.5,7
7196,27,7.5,10,6
7197,27,7.5,10.5,5
7198,27,7.5,11,5
7199,27,7.5,11.5,4
7211,27,8,8.5,21
7212,27,8,9,13
7213,27,8,9.5,9
7214,27,8,10,7
7215,27,8,10.5,6
7216,27,8,11,5
7217,27,8,11.5,5
7230,27,8.5,9,21
7231,27,8.5,9.5,13
7232,27,8.5,10,9
7233,27,8.5,10.5,7
7234,27,8.5,11,6
7235,27,8.5,11.5,5
7249,27,9,9.5,21
7250,27,9,10,13
7251,27,9,10.5,9
7252,27,9,11,7
7253,27,9,11.5,6
7268,27,9.5,10,21
7269,27,9.5,10.5,13
7270,27,9.5,11,9
7271,27,9.5,11.5,7
7287,27,10,10.5,21
7288,27,10,11,13
7289,27,10,11.5,9
7306,27,10.5,11,21
7307,27,10.5,11.5,13
7325,27,11,11.5,21
7489,28,3,3.5,22
7490,28,3,4,13
7491,28,3,4.5,10
7492,28,3,5,8
7493,28,3,5.5,6
7494,28,3,6,5
7495,28,3,6.5,5
7496,28,3,7,4
7497,28,3,7.5,4
7498,28,3,8,4
7499,28,3,8.5,3
7500,28,3,9,3
7501,28,3,9.5,3
7502,28,3,10,3
7503,28,3,10.5,3
7504,28,3,11,2
7505,28,3,11.5,2
7508,28,3.5,4,22
7509,28,3.5,4.5,13
7510,28,3.5,5,10
7511,28,3.5,5.5,8
7512,28,3.5,6,6
7513,28,3.5,6.5,5
7514,28,3.5,7,5
7515,28,3.5,7.5,4
7516,28,3.5,8,4
7517,28,3.5,8.5,4
7518,28,3.5,9,3
7519,28,3.5,9.5,3
7520,28,3.5,10,3
7521,28,3.5,10.5,3
7522,28,3.5,11,3
7523,28,3.5,11.5,2
7527,28,4,4.5,22
7528,28,4,5,13
7529,28,4,5.5,10
7530,28,4,6,8
7531,28,4,6.5,6
7532,28,4,7,5
7533,28,4,7.5,5
7534,28,4,8,4
7535,28,4,8.5,4
7536,28,4,9,4
7537,28,4,9.5,3
7538,28,4,10,3
7539,28,4,10.5,3
7540,28,4,11,3
7541,28,4,11.5,3
7546,28,4.5,5,22
7547,28,4.5,5.5,13
7548,28,4.5,6,10
7549,28,4.5,6.5,8
7550,28,4.5,7,6
7551,28,4.5,7.5,5
7552,28,4.5,8,5
7553,28,4.5,8.5,4
7554,28,4.5,9,4
7555,28,4.5,9.5,4
7556,28,4.5,10,3
7557,28,4.5,10.5,3
7558,28,4.5,11,3
7559,28,4.5,11.5,3
7565,28,5,5.5,22
7566,28,5,6,13
7567,28,5,6.5,10
7568,28,5,7,8
7569,28,5,7.5,6
7570,28,5,8,5
7571,28,5,8.5,5
7572,28,5,9,4
7573,28,5,9.5,4
7574,28,5,10,4
7575,28,5,10.5,3
7576,28,5,11,3
7577,28,5,11.5,3
7584,28,5.5,6,22
7585,28,5.5,6.5,13
7586,28,5.5,7,10
7587,28,5.5,7.5,8
7588,28,5.5,8,6
7589,28,5.5,8.5,5
7590,28,5.5,9,5
7591,28,5.5,9.5,4
7592,28,5.5,10,4
7593,28,5.5,10.5,4
7594,28,5.5,11,3
7595,28,5.5,11.5,3
7603,28,6,6.5,22
7604,28,6,7,13
7605,28,6,7.5,10
7606,28,6,8,8
7607,28,6,8.5,6
7608,28,6,9,5
7609,28,6,9.5,5
7610,28,6,10,4
7611,28,6,10.5,4
7612,28,6,11,4
7613,28,6,11.5,3
7622,28,6.5,7,22
7623,28,6.5,7.5,13
7624,28,6.5,8,10
7625,28,6.5,8.5,8
7626,28,6.5,9,6
7627,28,6.5,9.5,5
7628,28,6.5,10,5
7629,28,6.5,10.5,4
7630,28,6.5,11,4
7631,28,6.5,11.5,4
7641,28,7,7.5,22
7642,28,7,8,13
7643,28,7,8.5,10
7644,28,7,9,8
7645,28,7,9.5,6
7646,28,7,10,5
7647,28,7,10.5,5
7648,28,7,11,4
7649,28,7,11.5,4
7660,28,7.5,8,22
7661,28,7.5,8.5,13
7662,28,7.5,9,10
7663,28,7.5,9.5,8
7664,28,7.5,10,6
7665,28,7.5,10.5,5
7666,28,7.5,11,5
7667,28,7.5,11.5,4
7679,28,8,8.5,22
7680,28,8,9,13
7681,28,8,9.5,10
7682,28,8,10,8
7683,28,8,10.5,6
7684,28,8,11,5
7685,28,8,11.5,5
7698,28,8.5,9,22
7699,28,8.5,9.5,13
7700,28,8.5,10,10
7701,28,8.5,10.5,8
7702,28,8.5,11,6
7703,28,8.5,11.5,5
7717,28,9,9.5,22
7718,28,9,10,13
7719,28,9,10.5,10
7720,28,9,11,8
7721,28,9,11.5,6
7736,28,9.5,10,22
7737,28,9.5,10.5,13
7738,28,9.5,11,10
7739,28,9.5,11.5,8
7755,28,10,10.5,22
7756,28,10,11,13
7757,28,10,11.5,10
7774,28,10.5,11,22
7775,28,10.5,11.5,13
7793,28,11,11.5,22
7957,29,3,3.5,23
7958,29,3,4,14
7959,29,3,4.5,10
7960,29,3,5,8
7961,29,3,5.5,7
7962,29,3,6,6
7963,29,3,6.5,5
7964,29,3,7,4
7965,29,3,7.5,4
7966,29,3,8,4
7967,29,3,8.5,3
7968,29,3,9,3
7969,29,3,9.5,3
7970,29,3,10,3
7971,29,3,10.5,3
7972,29,3,11,3
7973,29,3,11.5,2
7976,29,3.5,4,23
7977,29,3.5,4.5,14
7978,29,3.5,5,10
7979,29,3.5,5.5,8
7980,29,3.5,6,7
7981,29,3.5,6.5,6
7982,29,3.5,7,5
7983,29,3.5,7.5,4
7984,29,3.5,8,4
7985,29,3.5,8.5,4
7986,29,3.5,9,3
7987,29,3.5,9.5,3
7988,29,3.5,10,3
7989,29,3.5,10.5,3
7990,29,3.5,11,3
7991,29,3.5,11.5,3
7995,29,4,4.5,23
7996,29,4,5,14
7997,29,4,5.5,10
7998,29,4,6,8
7999,29,4,6.5,7
8000,29,4,7,6
8001,29,4,7.5,5
8002,29,4,8,4
8003,29,4,8.5,4
8004,29,4,9,4
8005,29,4,9.5,3
8006,29,4,10,3
8007,29,4,10.5,3
8008,29,4,11,3
8009,29,4,11.5,3
8014,29,4.5,5,23
8015,29,4.5,5.5,14
8016,29,4.5,6,10
8017,29,4.5,6.5,8
8018,29,4.5,7,7
8019,29,4.5,7.5,6
8020,29,4.5,8,5
8021,29,4.5,8.5,4
8022,29,4.5,9,4
8023,29,4.5,9.5,4
8024,29,4.5,10,3
8025,29,4.5,10.5,3
8026,29,4.5,11,3
8027,29,4.5,11.5,3
8033,29,5,5.5,23
8034,29,5,6,14
8035,29,5,6.5,10
8036,29,5,7,8
8037,29,5,7.5,7
8038,29,5,8,6
8039,29,5,8.5,5
8040,29,5,9,4
8041,29,5,9.5,4
8042,29,5,10,4
8043,29,5,10.5,3
8044,29,5,11,3
8045,29,5,11.5,3
8052,29,5.5,6,23
8053,29,5.5,6.5,14
8054,29,5.5,7,10
8055,29,5.5,7.5,8
8056,29,5.5,8,7
8057,29,5.5,8.5,6
8058,29,5.5,9,5
8059,29,5.5,9.5,4
8060,29,5.5,10,4
8061,29,5.5,10.5,4
8062,29,5.5,11,3
8063,29,5.5,11.5,3
8071,29,6,6.5,23
8072,29,6,7,14
8073,29,6,7.5,10
8074,29,6,8,8
8075,29,6,8.5,7
8076,29,6,9,6
8077,29,6,9.5,5
8078,29,6,10,4
8079,29,6,10.5,4
8080,29,6,11,4
8081,29,6,11.5,3
8090,29,6.5,7,23
8091,29,6.5,7.5,14
8092,29,6.5,8,10
8093,29,6.5,8.5,8
8094,29,6.5,9,7
8095,29,6.5,9.5,6
8096,29,6.5,10,5
8097,29,6.5,10.5,4
8098,29,6.5,11,4
8099,29,6.5,11.5,4
8109,29,7,7.5,23
8110,29,7,8,14
8111,29,7,8.5,10
8112,29,7,9,8
8113,29,7,9.5,7
8114,29,7,10,6
8115,29,7,10.5,5
8116,29,7,11,4
8117,29,7,11.5,4
8128,29,7.5,8,23
8129,29,7.5,8.5,14
8130,29,7.5,9,10
8131,29,7.5,9.5,8
8132,29,7.5,10,7
8133,29,7.5,10.5,6
8134,29,7.5,11,5
8135,29,7.5,11.5,4
8147,29,8,8.5,23
8148,29,8,9,14
8149,29,8,9.5,10
8150,29,8,10,8
8151,29,8,10.5,7
8152,29,8,11,6
8153,29,8,11.5,5
8166,29,8.5,9,23
8167,29,8.5,9.5,14
8168,29,8.5,10,10
8169,29,8.5,10.5,8
8170,29,8.5,11,7
8171,29,8.5,11.5,6
8185,29,9,9.5,23
8186,29,9,10,14
8187,29,9,10.5,10
8188,29,9,11,8
8189,29,9,11.5,7
8204,29,9.5,10,23
8205,29,9.5,10.5,14
8206,29,9.5,11,10
8207,29,9.5,11.5,8
8223,29,10,10.5,23
8224,29,10,11,14
8225,29,10,11.5,10
8242,29,10.5,11,23
8243,29,10.5,11.5,14
8261,29,11,11.5,23
8425,30,3,3.5,24
8426,30,3,4,15
8427,30,3,4.5,11
8428,30,3,5,8
8429,30,3,5.5,7
8430,30,3,6,6
8431,30,3,6.5,5
8432,30,3,7,5
8433,30,3,7.5,4
8434,30,3,8,4
8435,30,3,8.5,4
8436,30,3,9,3
8437,30,3,9.5,3
8438,30,3,10,3
8439,30,3,10.5,3
8440,30,3,11,3
8441,30,3,11.5,3
8444,30,3.5,4,24
8445,30,3.5,4.5,15
8446,30,3.5,5,11
8447,30,3.5,5.5,8
8448,30,3.5,6,7
8449,30,3.5,6.5,6
8450,30,3.5,7,5
8451,30,3.5,7.5,5
8452,30,3.5,8,4
8453,30,3.5,8.5,4
8454,30,3.5,9,4
8455,30,3.5,9.5,3
8456,30,3.5,10,3
8457,30,3.5,10.5,3
8458,30,3.5,11,3
8459,30,3.5,11.5,3
8463,30,4,4.5,24
8464,30,4,5,15
8465,30,4,5.5,11
8466,30,4,6,8
8467,30,4,6.5,7
8468,30,4,7,6
8469,30,4,7.5,5
8470,30,4,8,5
8471,30,4,8.5,4
8472,30,4,9,4
8473,30,4,9.5,4
8474,30,4,10,3
8475,30,4,10.5,3
8476,30,4,11,3
8477,30,4,11.5,3
8482,30,4.5,5,24
8483,30,4.5,5.5,15
8484,30,4.5,6,11
8485,30,4.5,6.5,8
8486,30,4.5,7,7
8487,30,4.5,7.5,6
8488,30,4.5,8,5
8489,30,4.5,8.5,5
8490,30,4.5,9,4
8491,30,4.5,9.5,4
8492,30,4.5,10,4
8493,30,4.5,10.5,3
8494,30,4.5,11,3
8495,30,4.5,11.5,3
8501,30,5,5.5,24
8502,30,5,6,15
8503,30,5,6.5,11
8504,30,5,7,8
8505,30,5,7.5,7
8506,30,5,8,6
8507,30,5,8.5,5
8508,30,5,9,5
8509,30,5,9.5,4
8510,30,5,10,4
8511,30,5,10.5,4
8512,30,5,11,3
8513,30,5,11.5,3
8520,30,5.5,6,24
8521,30,5.5,6.5,15
8522,30,5.5,7,11
8523,30,5.5,7.5,8
8524,30,5.5,8,7
8525,30,5.5,8.5,6
8526,30,5.5,9,5
8527,30,5.5,9.5,5
8528,30,5.5,10,4
8529,30,5.5,10.5,4
8530,30,5.5,11,4
8531,30,5.5,11.5,3
8539,30,6,6.5,24
8540,30,6,7,15
8541,30,6,7.5,11
8542,30,6,8,8
8543,30,6,8.5,7
8544,30,6,9,6
8545,30,6,9.5,5
8546,30,6,10,5
8547,30,6,10.5,4
8548,30,6,11,4
8549,30,6,11.5,4
8558,30,6.5,7,24
8559,30,6.5,7.5,15
8560,30,6.5,8,11
8561,30,6.5,8.5,8
8562,30,6.5,9,7
8563,30,6.5,9.5,6
8564,30,6.5,10,5
8565,30,6.5,10.5,5
8566,30,6.5,11,4
8567,30,6.5,11.5,4
8577,30,7,7.5,24
8578,30,7,8,15
8579,30,7,8.5,11
8580,30,7,9,8
8581,30,7,9.5,7
8582,30,7,10,6
8583,30,7,10.5,5
8584,30,7,11,5
8585,30,7,11.5,4
8596,30,7.5,8,24
8597,30,7.5,8.5,15
8598,30,7.5,9,11
8599,30,7.5,9.5,8
8600,30,7.5,10,7
8601,30,7.5,10.5,6
8602,30,7.5,11,5
8603,30,7.5,11.5,5
8615,30,8,8.5,24
8616,30,8,9,15
8617,30,8,9.5,11
8618,30,8,10,8
8619,30,8,10.5,7
8620,30,8,11,6
8621,30,8,11.5,5
8634,30,8.5,9,24
8635,30,8.5,9.5,15
8636,30,8.5,10,11
8637,30,8.5,10.5,8
8638,30,8.5,11,7
8639,30,8.5,11.5,6
8653,30,9,9.5,24
8654,30,9,10,15
8655,30,9,10.5,11
8656,30,9,11,8
8657,30,9,11.5,7
8672,30,9.5,10,24
8673,30,9.5,10.5,15
8674,30,9.5,11,11
8675,30,9.5,11.5,8
8691,30,10,10.5,24
8692,30,10,11,15
8693,30,10,11.5,11
8710,30,10.5,11,24
8711,30,10.5,11.5,15
8729,30,11,11.5,24
8893,31,3,3.5,25
8894,31,3,4,15
8895,31,3,4.5,11
8896,31,3,5,9
8897,31,3,5.5,7
8898,31,3,6,6
8899,31,3,6.5,6
8900,31,3,7,5
8901,31,3,7.5,4
8902,31,3,8,4
8903,31,3,8.5,4
8904,31,3,9,4
8905,31,3,9.5,3
8906,31,3,10,3
8907,31,3,10.5,3
8908,31,3,11,3
8909,31,3,11.5,3
8912,31,3.5,4,25
8913,31,3.5,4.5,15
8914,31,3.5,5,11
8915,31,3.5,5.5,9
8916,31,3.5,6,7
8917,31,3.5,6.5,6
8918,31,3.5,7,6
8919,31,3.5,7.5,5
8920,31,3.5,8,4
8921,31,3.5,8.5,4
8922,31,3.5,9,4
8923,31,3.5,9.5,4
8924,31,3.5,10,3
8925,31,3.5,10.5,3
8926,31,3.5,11,3
8927,31,3.5,11.5,3
8931,31,4,4.5,25
8932,31,4,5,15
8933,31,4,5.5,11
8934,31,4,6,9
8935,31,4,6.5,7
8936,31,4,7,6
8937,31,4,7.5,6
8938,31,4,8,5
8939,31,4,8.5,4
8940,31,4,9,4
8941,31,4,9.5,4
8942,31,4,10,4
8943,31,4,10.5,3
8944,31,4,11,3
8945,31,4,11.5,3
8950,31,4.5,5,25
8951,31,4.5,5.5,15
8952,31,4.5,6,11
8953,31,4.5,6.5,9
8954,31,4.5,7,7
8955,31,4.5,7.5,6
8956,31,4.5,8,6
8957,31,4.5,8.5,5
8958,31,4.5,9,4
8959,31,4.5,9.5,4
8960,31,4.5,10,4
8961,31,4.5,10.5,4
8962,31,4.5,11,3
8963,31,4.5,11.5,3
8969,31,5,5.5,25
8970,31,5,6,15
8971,31,5,6.5,11
8972,31,5,7,9
8973,31,5,7.5,7
8974,31,5,8,6
8975,31,5,8.5,6
8976,31,5,9,5
8977,31,5,9.5,4
8978,31,5,10,4
8979,31,5,10.5,4
8980,31,5,11,4
8981,31,5,11.5,3
8988,31,5.5,6,25
8989,31,5.5,6.5,15
8990,31,5.5,7,11
8991,31,5.5,7.5,9
8992,31,5.5,8,7
8993,31,5.5,8.5,6
8994,31,5.5,9,6
8995,31,5.5,9.5,5
8996,31,5.5,10,4
8997,31,5.5,10.5,4
8998,31,5.5,11,4
8999,31,5.5,11.5,4
9007,31,6,6.5,25
9008,31,6,7,15
9009,31,6,7.5,11
9010,31,6,8,9
9011,31,6,8.5,7
9012,31,6,9,6
9013,31,6,9.5,6
9014,31,6,10,5
9015,31,6,10.5,4
9016,31,6,11,4
9017,31,6,11.5,4
9026,31,6.5,7,25
9027,31,6.5,7.5,15
9028,31,6.5,8,11
9029,31,6.5,8.5,9
9030,31,6.5,9,7
9031,31,6.5,9.5,6
9032,31,6.5,10,6
9033,31,6.5,10.5,5
9034,31,6.5,11,4
9035,31,6.5,11.5,4
9045,31,7,7.5,25
9046,31,7,8,15
9047,31,7,8.5,11
9048,31,7,9,9
9049,31,7,9.5,7
9050,31,7,10,6
9051,31,7,10.5,6
9052,31,7,11,5
9053,31,7,11.5,4
9064,31,7.5,8,25
9065,31,7.5,8.5,15
9066,31,7.5,9,11
9067,31,7.5,9.5,9
9068,31,7.5,10,7
9069,31,7.5,10.5,6
9070,31,7.5,11,6
9071,31,7.5,11.5,5
9083,31,8,8.5,25
9084,31,8,9,15
9085,31,8,9.5,11
9086,31,8,10,9
9087,31,8,10.5,7
9088,31,8,11,6
9089,31,8,11.5,6
9102,31,8.5,9,25
9103,31,8.5,9.5,15
9104,31,8.5,10,11
9105,31,8.5,10.5,9
9106,31,8.5,11,7
9107,31,8.5,11.5,6
9121,31,9,9.5,25
9122,31,9,10,15
9123,31,9,10.5,11
9124,31,9,11,9
9125,31,9,11.5,7
9140,31,9.5,10,25
9141,31,9.5,10.5,15
9142,31,9.5,11,11
9143,31,9.5,11.5,9
9159,31,10,10.5,25
9160,31,10,11,15
9161,31,10,11.5,11
9178,31,10.5,11,25
9179,31,10.5,11.5,15
9197,31,11,11.5,25
9361,32,3,3.5,26
9362,32,3,4,16
9363,32,3,4.5,12
9364,32,3,5,9
9365,32,3,5.5,8
9366,32,3,6,7
9367,32,3,6.5,6
9368,32,3,7,5
9369,32,3,7.5,5
9370,32,3,8,4
9371,32,3,8.5,4
9372,32,3,9,4
9373,32,3,9.5,3
9374,32,3,10,3
9375,32,3,10.5,3
9376,32,3,11,3
9377,32,3,11.5,3
9380,32,3.5,4,26
9381,32,3.5,4.5,16
9382,32,3.5,5,12
9383,32,3.5,5.5,9
9384,32,3.5,6,8
9385,32,3.5,6.5,7
9386,32,3.5,7,6
9387,32,3.5,7.5,5
9388,32,3.5,8,5
9389,32,3.5,8.5,4
9390,32,3.5,9,4
9391,32,3.5,9.5,4
9392,32,3.5,10,3
9393,32,3.5,10.5,3
9394,32,3.5,11,3
9395,32,3.5,11.5,3
9399,32,4,4.5,26
9400,32,4,5,16
9401,32,4,5.5,12
9402,32,4,6,9
9403,32,4,6.5,8
9404,32,4,7,7
9405,32,4,7.5,6
9406,32,4,8,5
9407,32,4,8.5,5
9408,32,4,9,4
9409,32,4,9.5,4
9410,32,4,10,4
9411,32,4,10.5,3
9412,32,4,11,3
9413,32,4,11.5,3
9418,32,4.5,5,26
9419,32,4.5,5.5,16
9420,32,4.5,6,12
9421,32,4.5,6.5,9
9422,32,4.5,7,8
9423,32,4.5,7.5,7
9424,32,4.5,8,6
9425,32,4.5,8.5,5
9426,32,4.5,9,5
9427,32,4.5,9.5,4
9428,32,4.5,10,4
9429,32,4.5,10.5,4
9430,32,4.5,11,3
9431,32,4.5,11.5,3
9437,32,5,5.5,26
9438,32,5,6,16
9439,32,5,6.5,12
9440,32,5,7,9
9441,32,5,7.5,8
9442,32,5,8,7
9443,32,5,8.5,6
9444,32,5,9,5
9445,32,5,9.5,5
9446,32,5,10,4
9447,32,5,10.5,4
9448,32,5,11,4
9449,32,5,11.5,3
9456,32,5.5,6,26
9457,32,5.5,6.5,16
9458,32,5.5,7,12
9459,32,5.5,7.5,9
9460,32,5.5,8,8
9461,32,5.5,8.5,7
9462,32,5.5,9,6
9463,32,5.5,9.5,5
9464,32,5.5,10,5
9465,32,5.5,10.5,4
9466,32,5.5,11,4
9467,32,5.5,11.5,4
9475,32,6,6.5,26
9476,32,6,7,16
9477,32,6,7.5,12
9478,32,6,8,9
9479,32,6,8.5,8
9480,32,6,9,7
9481,32,6,9.5,6
9482,32,6,10,5
9483,32,6,10.5,5
9484,32,6,11,4
9485,32,6,11.5,4
9494,32,6.5,7,26
9495,32,6.5,7.5,16
9496,32,6.5,8,12
9497,32,6.5,8.5,9
9498,32,6.5,9,8
9499,32,6.5,9.5,7
9500,32,6.5,10,6
9501,32,6.5,10.5,5
9502,32,6.5,11,5
9503,32,6.5,11.5,4
9513,32,7,7.5,26
9514,32,7,8,16
9515,32,7,8.5,12
9516,32,7,9,9
9517,32,7,9.5,8
9518,32,7,10,7
9519,32,7,10.5,6
9520,32,7,11,5
9521,32,7,11.5,5
9532,32,7.5,8,26
9533,32,7.5,8.5,16
9534,32,7.5,9,12
9535,32,7.5,9.5,9
9536,32,7.5,10,8
9537,32,7.5,10.5,7
9538,32,7.5,11,6
9539,32,7.5,11.5,5
9551,32,8,8.5,26
9552,32,8,9,16
9553,32,8,9.5,12
9554,32,8,10,9
9555,32,8,10.5,8
9556,32,8,11,7
9557,32,8,11.5,6
9570,32,8.5,9,26
9571,32,8.5,9.5,16
9572,32,8.5,10,12
9573,32,8.5,10.5,9
9574,32,8.5,11,8
9575,32,8.5,11.5,7
9589,32,9,9.5,26
9590,32,9,10,16
9591,32,9,10.5,12
9592,32,9,11,9
9593,32,9,11.5,8
9608,32,9.5,10,26
9609,32,9.5,10.5,16
9610,32,9.5,11,12
9611,32,9.5,11.5,9
9627,32,10,10.5,26
9628,32,10,11,16
9629,32,10,11.5,12
9646,32,10.5,11,26
9647,32,10.5,11.5,16
9665,32,11,11.5,26
9829,33,3,3.5,27
9830,33,3,4,17
9831,33,3,4.5,12
9832,33,3,5,10
9833,33,3,5.5,8
9834,33,3,6,7
9835,33,3,6.5,6
9836,33,3,7,5
9837,33,3,7.5,5
9838,33,3,8,4
9839,33,3,8.5,4
9840,33,3,9,4
9841,33,3,9.5,4
9842,33,3,10,3
9843,33,3,10.5,3
9844,33,3,11,3
9845,33,3,11.5,3
9848,33,3.5,4,27
9849,33,3.5,4.5,17
9850,33,3.5,5,12
9851,33,3.5,5.5,10
9852,33,3.5,6,8
9853,33,3.5,6.5,7
9854,33,3.5,7,6
9855,33,3.5,7.5,5
9856,33,3.5,8,5
9857,33,3.5,8.5,4
9858,33,3.5,9,4
9859,33,3.5,9.5,4
9860,33,3.5,10,4
9861,33,3.5,10.5,3
9862,33,3.5,11,3
9863,33,3.5,11.5,3
9867,33,4,4.5,27
9868,33,4,5,17
9869,33,4,5.5,12
9870,33,4,6,10
9871,33,4,6.5,8
9872,33,4,7,7
9873,33,4,7.5,6
9874,33,4,8,5
9875,33,4,8.5,5
9876,33,4,9,4
9877,33,4,9.5,4
9878,33,4,10,4
9879,33,4,10.5,4
9880,33,4,11,3
9881,33,4,11.5,3
9886,33,4.5,5,27
9887,33,4.5,5.5,17
9888,33,4.5,6,12
9889,33,4.5,6.5,10
9890,33,4.5,7,8
9891,33,4.5,7.5,7
9892,33,4.5,8,6
9893,33,4.5,8.5,5
9894,33,4.5,9,5
9895,33,4.5,9.5,4
9896,33,4.5,10,4
9897,33,4.5,10.5,4
9898,33,4.5,11,4
9899,33,4.5,11.5,3
9905,33,5,5.5,27
9906,33,5,6,17
9907,33,5,6.5,12
9908,33,5,7,10
9909,33,5,7.5,8
9910,33,5,8,7
9911,33,5,8.5,6
9912,33,5,9,5
9913,33,5,9.5,5
9914,33,5,10,4
9915,33,5,10.5,4
9916,33,5,11,4
9917,33,5,11.5,4
9924,33,5.5,6,27
9925,33,5.5,6.5,17
9926,33,5.5,7,12
9927,33,5.5,7.5,10
9928,33,5.5,8,8
9929,33,5.5,8.5,7
9930,33,5.5,9,6
9931,33,5.5,9.5,5
9932,33,5.5,10,5
9933,33,5.5,10.5,4
9934,33,5.5,11,4
9935,33,5.5,11.5,4
9943,33,6,6.5,27
9944,33,6,7,17
9945,33,6,7.5,12
9946,33,6,8,10
9947,33,6,8.5,8
9948,33,6,9,7
9949,33,6,9.5,6
9950,33,6,10,5
9951,33,6,10.5,5
9952,33,6,11,4
9953,33,6,11.5,4
9962,33,6.5,7,27
9963,33,6.5,7.5,17
9964,33,6.5,8,12
9965,33,6.5,8.5,10
9966,33,6.5,9,8
9967,33,6.5,9.5,7
9968,33,6.5,10,6
9969,33,6.5,10.5,5
9970,33,6.5,11,5
9971,33,6.5,11.5,4
9981,33,7,7.5,27
9982,33,7,8,17
9983,33,7,8.5,12
9984,33,7,9,10
9985,33,7,9.5,8
9986,33,7,10,7
9987,33,7,10.5,6
9988,33,7,11,5
9989,33,7,11.5,5
10000,33,7.5,8,27
10001,33,7.5,8.5,17
10002,33,7.5,9,12
10003,33,7.5,9.5,10
10004,33,7.5,10,8
10005,33,7.5,10.5,7
10006,33,7.5,11,6
10007,33,7.5,11.5,5
10019,33,8,8.5,27
10020,33,8,9,17
10021,33,8,9.5,12
10022,33,8,10,10
10023,33,8,10.5,8
10024,33,8,11,7
10025,33,8,11.5,6
10038,33,8.5,9,27
10039,33,8.5,9.5,17
10040,33,8.5,10,12
10041,33,8.5,10.5,10
10042,33,8.5,11,8
10043,33,8.5,11.5,7
10057,33,9,9.5,27
10058,33,9,10,17
10059,33,9,10.5,12
10060,33,9,11,10
10061,33,9,11.5,8
10076,33,9.5,10,27
10077,33,9.5,10.5,17
10078,33,9.5,11,12
10079,33,9.5,11.5,10
10095,33,10,10.5,27
10096,33,10,11,17
10097,33,10,11.5,12
10114,33,10.5,11,27
10115,33,10.5,11.5,17
10133,33,11,11.5,27
10297,34,3,3.5,28
10298,34,3,4,17
10299,34,3,4.5,13
10300,34,3,5,10
10301,34,3,5.5,8
10302,34,3,6,7
10303,34,3,6.5,6
10304,34,3,7,6
10305,34,3,7.5,5
10306,34,3,8,5
10307,34,3,8.5,4
10308,34,3,9,4
10309,34,3,9.5,4
10310,34,3,10,3
10311,34,3,10.5,3
10312,34,3,11,3
10313,34,3,11.5,3
10316,34,3.5,4,28
10317,34,3.5,4.5,17
10318,34,3.5,5,13
10319,34,3.5,5.5,10
10320,34,3.5,6,8
10321,34,3.5,6.5,7
10322,34,3.5,7,6
10323,34,3.5,7.5,6
10324,34,3.5,8,5
10325,34,3.5,8.5,5
10326,34,3.5,9,4
10327,34,3.5,9.5,4
10328,34,3.5,10,4
10329,34,3.5,10.5,3
10330,34,3.5,11,3
10331,34,3.5,11.5,3
10335,34,4,4.5,28
10336,34,4,5,17
10337,34,4,5.5,13
10338,34,4,6,10
10339,34,4,6.5,8
10340,34,4,7,7
10341,34,4,7.5,6
10342,34,4,8,6
10343,34,4,8.5,5
10344,34,4,9,5
10345,34,4,9.5,4
10346,34,4,10,4
10347,34,4,10.5,4
10348,34,4,11,3
10349,34,4,11.5,3
10354,34,4.5,5,28
10355,34,4.5,5.5,17
10356,34,4.5,6,13
10357,34,4.5,6.5,10
10358,34,4.5,7,8
10359,34,4.5,7.5,7
10360,34,4.5,8,6
10361,34,4.5,8.5,6
10362,34,4.5,9,5
10363,34,4.5,9.5,5
10364,34,4.5,10,4
10365,34,4.5,10.5,4
10366,34,4.5,11,4
10367,34,4.5,11.5,3
10373,34,5,5.5,28
10374,34,5,6,17
10375,34,5,6.5,13
10376,34,5,7,10
10377,34,5,7.5,8
10378,34,5,8,7
10379,34,5,8.5,6
10380,34,5,9,6
10381,34,5,9.5,5
10382,34,5,10,5
10383,34,5,10.5,4
10384,34,5,11,4
10385,34,5,11.5,4
10392,34,5.5,6,28
10393,34,5.5,6.5,17
10394,34,5.5,7,13
10395,34,5.5,7.5,10
10396,34,5.5,8,8
10397,34,5.5,8.5,7
10398,34,5.5,9,6
10399,34,5.5,9.5,6
10400,34,5.5,10,5
10401,34,5.5,10.5,5
10402,34,5.5,11,4
10403,34,5.5,11.5,4
10411,34,6,6.5,28
10412,34,6,7,17
10413,34,6,7.5,13
10414,34,6,8,10
10415,34,6,8.5,8
10416,34,6,9,7
10417,34,6,9.5,6
10418,34,6,10,6
10419,34,6,10.5,5
10420,34,6,11,5
10421,34,6,11.5,4
10430,34,6.5,7,28
10431,34,6.5,7.5,17
10432,34,6.5,8,13
10433,34,6.5,8.5,10
10434,34,6.5,9,8
10435,34,6.5,9.5,7
10436,34,6.5,10,6
10437,34,6.5,10.5,6
10438,34,6.5,11,5
10439,34,6.5,11.5,5
10449,34,7,7.5,28
10450,34,7,8,17
10451,34,7,8.5,13
10452,34,7,9,10
10453,34,7,9.5,8
10454,34,7,10,7
10455,34,7,10.5,6
10456,34,7,11,6
10457,34,7,11.5,5
10468,34,7.5,8,28
10469,34,7.5,8.5,17
10470,34,7.5,9,13
10471,34,7.5,9.5,10
10472,34,7.5,10,8
10473,34,7.5,10.5,7
10474,34,7.5,11,6
10475,34,7.5,11.5,6
10487,34,8,8.5,28
10488,34,8,9,17
10489,34,8,9.5,13
10490,34,8,10,10
10491,34,8,10.5,8
10492,34,8,11,7
10493,34,8,11.5,6
10506,34,8.5,9,28
10507,34,8.5,9.5,17
10508,34,8.5,10,13
10509,34,8.5,10.5,10
10510,34,8.5,11,8
10511,34,8.5,11.5,7
10525,34,9,9.5,28
10526,34,9,10,17
10527,34,9,10.5,13
10528,34,9,11,10
10529,34,9,11.5,8
10544,34,9.5,10,28
10545,34,9.5,10.5,17
10546,34,9.5,11,13
10547,34,9.5,11.5,10
10563,34,10,10.5,28
10564,34,10,11,17
10565,34,10,11.5,13
10582,34,10.5,11,28
10583,34,10.5,11.5,17
10601,34,11,11.5,28
10765,35,3,3.5,29
10766,35,3,4,18
10767,35,3,4.5,13
10768,35,3,5,10
10769,35,3,5.5,9
10770,35,3,6,7
10771,35,3,6.5,6
10772,35,3,7,6
10773,35,3,7.5,5
10774,35,3,8,5
10775,35,3,8.5,4
10776,35,3,9,4
10777,35,3,9.5,4
10778,35,3,10,4
10779,35,3,10.5,3
10780,35,3,11,3
10781,35,3,11.5,3
10784,35,3.5,4,29
10785,35,3.5,4.5,18
10786,35,3.5,5,13
10787,35,3.5,5.5,10
10788,35,3.5,6,9
10789,35,3.5,6.5,7
10790,35,3.5,7,6
10791,35,3.5,7.5,6
10792,35,3.5,8,5
10793,35,3.5,8.5,5
10794,35,3.5,9,4
10795,35,3.5,9.5,4
10796,35,3.5,10,4
10797,35,3.5,10.5,4
10798,35,3.5,11,3
10799,35,3.5,11.5,3
10803,35,4,4.5,29
10804,35,4,5,18
10805,35,4,5.5,13
10806,35,4,6,10
10807,35,4,6.5,9
10808,35,4,7,7
10809,35,4,7.5,6
10810,35,4,8,6
10811,35,4,8.5,5
10812,35,4,9,5
10813,35,4,9.5,4
10814,35,4,10,4
10815,35,4,10.5,4
10816,35,4,11,4
10817,35,4,11.5,3
10822,35,4.5,5,29
10823,35,4.5,5.5,18
10824,35,4.5,6,13
10825,35,4.5,6.5,10
10826,35,4.5,7,9
10827,35,4.5,7.5,7
10828,35,4.5,8,6
10829,35,4.5,8.5,6
10830,35,4.5,9,5
10831,35,4.5,9.5,5
10832,35,4.5,10,4
10833,35,4.5,10.5,4
10834,35,4.5,11,4
10835,35,4.5,11.5,4
10841,35,5,5.5,29
10842,35,5,6,18
10843,35,5,6.5,13
10844,35,5,7,10
10845,35,5,7.5,9
10846,35,5,8,7
10847,35,5,8.5,6
10848,35,5,9,6
10849,35,5,9.5,5
10850,35,5,10,5
10851,35,5,10.5,4
10852,35,5,11,4
10853,35,5,11.5,4
10860,35,5.5,6,29
10861,35,5.5,6.5,18
10862,35,5.5,7,13
10863,35,5.5,7.5,10
10864,35,5.5,8,9
10865,35,5.5,8.5,7
10866,35,5.5,9,6
10867,35,5.5,9.5,6
10868,35,5.5,10,5
10869,35,5.5,10.5,5
10870,35,5.5,11,4
10871,35,5.5,11.5,4
10879,35,6,6.5,29
10880,35,6,7,18
10881,35,6,7.5,13
10882,35,6,8,10
10883,35,6,8.5,9
10884,35,6,9,7
10885,35,6,9.5,6
10886,35,6,10,6
10887,35,6,10.5,5
10888,35,6,11,5
10889,35,6,11.5,4
10898,35,6.5,7,29
10899,35,6.5,7.5,18
10900,35,6.5,8,13
10901,35,6.5,8.5,10
10902,35,6.5,9,9
10903,35,6.5,9.5,7
10904,35,6.5,10,6
10905,35,6.5,10.5,6
10906,35,6.5,11,5
10907,35,6.5,11.5,5
10917,35,7,7.5,29
10918,35,7,8,18
10919,35,7,8.5,13
10920,35,7,9,10
10921,35,7,9.5,9
10922,35,7,10,7
10923,35,7,10.5,6
10924,35,7,11,6
10925,35,7,11.5,5
10936,35,7.5,8,29
10937,35,7.5,8.5,18
10938,35,7.5,9,13
10939,35,7.5,9.5,10
10940,35,7.5,10,9
10941,35,7.5,10.5,7
10942,35,7.5,11,6
10943,35,7.5,11.5,6
10955,35,8,8.5,29
10956,35,8,9,18
10957,35,8,9.5,13
10958,35,8,10,10
10959,35,8,10.5,9
10960,35,8,11,7
10961,35,8,11.5,6
10974,35,8.5,9,29
10975,35,8.5,9.5,18
10976,35,8.5,10,13
10977,35,8.5,10.5,10
10978,35,8.5,11,9
10979,35,8.5,11.5,7
10993,35,9,9.5,29
10994,35,9,10,18
10995,35,9,10.5,13
10996,35,9,11,10
10997,35,9,11.5,9
11012,35,9.5,10,29
11013,35,9.5,10.5,18
11014,35,9.5,11,13
11015,35,9.5,11.5,10
11031,35,10,10.5,29
11032,35,10,11,18
11033,35,10,11.5,13
11050,35,10.5,11,29
11051,35,10.5,11.5,18
11069,35,11,11.5,29
11233,36,3,3.5,29
11234,36,3,4,18
11235,36,3,4.5,13
11236,36,3,5,11
11237,36,3,5.5,9
11238,36,3,6,8
11239,36,3,6.5,7
11240,36,3,7,6
11241,36,3,7.5,5
11242,36,3,8,5
11243,36,3,8.5,5
11244,36,3,9,4
11245,36,3,9.5,4
11246,36,3,10,4
11247,36,3,10.5,4
11248,36,3,11,3
11249,36,3,11.5,3
11252,36,3.5,4,29
11253,36,3.5,4.5,18
11254,36,3.5,5,13
11255,36,3.5,5.5,11
11256,36,3.5,6,9
11257,36,3.5,6.5,8
11258,36,3.5,7,7
11259,36,3.5,7.5,6
11260,36,3.5,8,5
11261,36,3.5,8.5,5
11262,36,3.5,9,5
11263,36,3.5,9.5,4
11264,36,3.5,10,4
11265,36,3.5,10.5,4
11266,36,3.5,11,4
11267,36,3.5,11.5,3
11271,36,4,4.5,29
11272,36,4,5,18
11273,36,4,5.5,13
11274,36,4,6,11
11275,36,4,6.5,9
11276,36,4,7,8
11277,36,4,7.5,7
11278,36,4,8,6
11279,36,4,8.5,5
11280,36,4,9,5
11281,36,4,9.5,5
11282,36,4,10,4
11283,36,4,10.5,4
11284,36,4,11,4
11285,36,4,11.5,4
11290,36,4.5,5,29
11291,36,4.5,5.5,18
11292,36,4.5,6,13
11293,36,4.5,6.5,11
11294,36,4.5,7,9
11295,36,4.5,7.5,8
11296,36,4.5,8,7
11297,36,4.5,8.5,6
11298,36,4.5,9,5
11299,36,4.5,9.5,5
11300,36,4.5,10,5
11301,36,4.5,10.5,4
11302,36,4.5,11,4
11303,36,4.5,11.5,4
11309,36,5,5.5,29
11310,36,5,6,18
11311,36,5,6.5,13
11312,36,5,7,11
11313,36,5,7.5,9
11314,36,5,8,8
11315,36,5,8.5,7
11316,36,5,9,6
11317,36,5,9.5,5
11318,36,5,10,5
11319,36,5,10.5,5
11320,36,5,11,4
11321,36,5,11.5,4
11328,36,5.5,6,29
11329,36,5.5,6.5,18
11330,36,5.5,7,13
11331,36,5.5,7.5,11
11332,36,5.5,8,9
11333,36,5.5,8.5,8
11334,36,5.5,9,7
11335,36,5.5,9.5,6
11336,36,5.5,10,5
11337,36,5.5,10.5,5
11338,36,5.5,11,5
11339,36,5.5,11.5,4
11347,36,6,6.5,29
11348,36,6,7,18
11349,36,6,7.5,13
11350,36,6,8,11
11351,36,6,8.5,9
11352,36,6,9,8
11353,36,6,9.5,7
11354,36,6,10,6
11355,36,6,10.5,5
11356,36,6,11,5
11357,36,6,11.5,5
11366,36,6.5,7,29
11367,36,6.5,7.5,18
11368,36,6.5,8,13
11369,36,6.5,8.5,11
11370,36,6.5,9,9
11371,36,6.5,9.5,8
11372,36,6.5,10,7
11373,36,6.5,10.5,6
11374,36,6.5,11,5
11375,36,6.5,11.5,5
11385,36,7,7.5,30
11386,36,7,8,18
11387,36,7,8.5,13
11388,36,7,9,11
11389,36,7,9.5,9
11390,36,7,10,8
11391,36,7,10.5,7
11392,36,7,11,6
11393,36,7,11.5,5
11404,36,7.5,8,30
11405,36,7.5,8.5,18
11406,36,7.5,9,13
11407,36,7.5,9.5,11
11408,36,7.5,10,9
11409,36,7.5,10.5,8
11410,36,7.5,11,7
11411,36,7.5,11.5,6
11423,36,8,8.5,30
11424,36,8,9,18
11425,36,8,9.5,13
11426,36,8,10,11
11427,36,8,10.5,9
11428,36,8,11,8
11429,36,8,11.5,7
11442,36,8.5,9,30
11443,36,8.5,9.5,18
11444,36,8.5,10,13
11445,36,8.5,10.5,11
11446,36,8.5,11,9
11447,36,8.5,11.5,8
11461,36,9,9.5,30
11462,36,9,10,18
11463,36,9,10.5,13
11464,36,9,11,11
11465,36,9,11.5,9
11480,36,9.5,10,30
11481,36,9.5,10.5,18
11482,36,9.5,11,13
11483,36,9.5,11.5,11
11499,36,10,10.5,30
11500,36,10,11,18
11501,36,10,11.5,13
11518,36,10.5,11,30
11519,36,10.5,11.5,18
11537,36,11,11.5,30
11701,37,3,3.5,30
11702,37,3,4,19
11703,37,3,4.5,14
11704,37,3,5,11
11705,37,3,5.5,9
11706,37,3,6,8
11707,37,3,6.5,7
11708,37,3,7,6
11709,37,3,7.5,6
11710,37,3,8,5
11711,37,3,8.5,5
11712,37,3,9,4
11713,37,3,9.5,4
11714,37,3,10,4
11715,37,3,10.5,4
11716,37,3,11,3
11717,37,3,11.5,3
11720,37,3.5,4,30
11721,37,3.5,4.5,19
11722,37,3.5,5,14
11723,37,3.5,5.5,11
11724,37,3.5,6,9
11725,37,3.5,6.5,8
11726,37,3.5,7,7
11727,37,3.5,7.5,6
11728,37,3.5,8,6
11729,37,3.5,8.5,5
11730,37,3.5,9,5
11731,37,3.5,9.5,4
11732,37,3.5,10,4
11733,37,3.5,10.5,4
11734,37,3.5,11,4
11735,37,3.5,11.5,3
11739,37,4,4.5,30
11740,37,4,5,19
11741,37,4,5.5,14
11742,37,4,6,11
11743,37,4,6.5,9
11744,37,4,7,8
11745,37,4,7.5,7
11746,37,4,8,6
11747,37,4,8.5,6
11748,37,4,9,5
11749,37,4,9.5,5
11750,37,4,10,4
11751,37,4,10.5,4
11752,37,4,11,4
11753,37,4,11.5,4
11758,37,4.5,5,30
11759,37,4.5,5.5,19
11760,37,4.5,6,14
11761,37,4.5,6.5,11
11762,37,4.5,7,9
11763,37,4.5,7.5,8
11764,37,4.5,8,7
11765,37,4.5,8.5,6
11766,37,4.5,9,6
11767,37,4.5,9.5,5
11768,37,4.5,10,5
11769,37,4.5,10.5,4
11770,37,4.5,11,4
11771,37,4.5,11.5,4
11777,37,5,5.5,30
11778,37,5,6,19
11779,37,5,6.5,14
11780,37,5,7,11
11781,37,5,7.5,9
11782,37,5,8,8
11783,37,5,8.5,7
11784,37,5,9,6
11785,37,5,9.5,6
11786,37,5,10,5
11787,37,5,10.5,5
11788,37,5,11,4
11789,37,5,11.5,4
11796,37,5.5,6,30
11797,37,5.5,6.5,19
11798,37,5.5,7,14
11799,37,5.5,7.5,11
11800,37,5.5,8,9
11801,37,5.5,8.5,8
11802,37,5.5,9,7
11803,37,5.5,9.5,6
11804,37,5.5,10,6
11805,37,5.5,10.5,5
11806,37,5.5,11,5
11807,37,5.5,11.5,4
11815,37,6,6.5,30
11816,37,6,7,19
11817,37,6,7.5,14
11818,37,6,8,11
11819,37,6,8.5,9
11820,37,6,9,8
11821,37,6,9.5,7
11822,37,6,10,6
11823,37,6,10.5,6
11824,37,6,11,5
11825,37,6,11.5,5
11834,37,6.5,7,30
11835,37,6.5,7.5,19
11836,37,6.5,8,14
11837,37,6.5,8.5,11
11838,37,6.5,9,9
11839,37,6.5,9.5,8
11840,37,6.5,10,7
11841,37,6.5,10.5,6
11842,37,6.5,11,6
11843,37,6.5,11.5,5
11853,37,7,7.5,30
11854,37,7,8,19
11855,37,7,8.5,14
11856,37,7,9,11
11857,37,7,9.5,9
11858,37,7,10,8
11859,37,7,10.5,7
11860,37,7,11,6
11861,37,7,11.5,6
11872,37,7.5,8,30
11873,37,7.5,8.5,19
11874,37,7.5,9,14
11875,37,7.5,9.5,11
11876,37,7.5,10,9
11877,37,7.5,10.5,8
11878,37,7.5,11,7
11879,37,7.5,11.5,6
11891,37,8,8.5,30
11892,37,8,9,19
11893,37,8,9.5,14
11894,37,8,10,11
11895,37,8,10.5,9
11896,37,8,11,8
11897,37,8,11.5,7
11910,37,8.5,9,30
11911,37,8.5,9.5,19
11912,37,8.5,10,14
11913,37,8.5,10.5,11
11914,37,8.5,11,9
11915,37,8.5,11.5,8
11929,37,9,9.5,30
11930,37,9,10,19
11931,37,9,10.5,14
11932,37,9,11,11
11933,37,9,11.5,9
11948,37,9.5,10,30
11949,37,9.5,10.5,19
11950,37,9.5,11,14
11951,37,9.5,11.5,11
11967,37,10,10.5,30
11968,37,10,11,19
11969,37,10,11.5,14
11986,37,10.5,11,30
11987,37,10.5,11.5,19
12005,37,11,11.5,30
12169,38,3,3.5,31
12170,38,3,4,20
12171,38,3,4.5,14
12172,38,3,5,11
12173,38,3,5.5,10
12174,38,3,6,8
12175,38,3,6.5,7
12176,38,3,7,6
12177,38,3,7.5,6
12178,38,3,8,5
12179,38,3,8.5,5
12180,38,3,9,5
12181,38,3,9.5,4
12182,38,3,10,4
12183,38,3,10.5,4
12184,38,3,11,4
12185,38,3,11.5,3
12188,38,3.5,4,31
12189,38,3.5,4.5,20
12190,38,3.5,5,14
12191,38,3.5,5.5,11
12192,38,3.5,6,10
12193,38,3.5,6.5,8
12194,38,3.5,7,7
12195,38,3.5,7.5,6
12196,38,3.5,8,6
12197,38,3.5,8.5,5
12198,38,3.5,9,5
12199,38,3.5,9.5,5
12200,38,3.5,10,4
12201,38,3.5,10.5,4
12202,38,3.5,11,4
12203,38,3.5,11.5,4
12207,38,4,4.5,31
12208,38,4,5,20
12209,38,4,5.5,14
12210,38,4,6,11
12211,38,4,6.5,10
12212,38,4,7,8
12213,38,4,7.5,7
12214,38,4,8,6
12215,38,4,8.5,6
12216,38,4,9,5
12217,38,4,9.5,5
12218,38,4,10,5
12219,38,4,10.5,4
12220,38,4,11,4
12221,38,4,11.5,4
12226,38,4.5,5,31
12227,38,4.5,5.5,20
12228,38,4.5,6,14
12229,38,4.5,6.5,11
12230,38,4.5,7,10
12231,38,4.5,7.5,8
12232,38,4.5,8,7
12233,38,4.5,8.5,6
12234,38,4.5,9,6
12235,38,4.5,9.5,5
12236,38,4.5,10,5
12237,38,4.5,10.5,5
12238,38,4.5,11,4
12239,38,4.5,11.5,4
12245,38,5,5.5,31
12246,38,5,6,20
12247,38,5,6.5,14
12248,38,5,7,11
12249,38,5,7.5,10
12250,38,5,8,8
12251,38,5,8.5,7
12252,38,5,9,6
12253,38,5,9.5,6
12254,38,5,10,5
12255,38,5,10.5,5
12256,38,5,11,5
12257,38,5,11.5,4
12264,38,5.5,6,31
12265,38,5.5,6.5,20
12266,38,5.5,7,14
12267,38,5.5,7.5,11
12268,38,5.5,8,10
12269,38,5.5,8.5,8
12270,38,5.5,9,7
12271,38,5.5,9.5,6
12272,38,5.5,10,6
12273,38,5.5,10.5,5
12274,38,5.5,11,5
12275,38,5.5,11.5,5
12283,38,6,6.5,31
12284,38,6,7,20
12285,38,6,7.5,14
12286,38,6,8,11
12287,38,6,8.5,10
12288,38,6,9,8
12289,38,6,9.5,7
12290,38,6,10,6
12291,38,6,10.5,6
12292,38,6,11,5
12293,38,6,11.5,5
12302,38,6.5,7,31
12303,38,6.5,7.5,20
12304,38,6.5,8,14
12305,38,6.5,8.5,11
12306,38,6.5,9,10
12307,38,6.5,9.5,8
12308,38,6.5,10,7
12309,38,6.5,10.5,6
12310,38,6.5,11,6
12311,38,6.5,11.5,5
12321,38,7,7.5,31
12322,38,7,8,20
12323,38,7,8.5,14
12324,38,7,9,11
12325,38,7,9.5,10
12326,38,7,10,8
12327,38,7,10.5,7
12328,38,7,11,6
12329,38,7,11.5,6
12340,38,7.5,8,31
12341,38,7.5,8.5,20
12342,38,7.5,9,14
12343,38,7.5,9.5,11
12344,38,7.5,10,10
12345,38,7.5,10.5,8
12346,38,7.5,11,7
12347,38,7.5,11.5,6
12359,38,8,8.5,31
12360,38,8,9,20
12361,38,8,9.5,14
12362,38,8,10,11
12363,38,8,10.5,10
12364,38,8,11,8
12365,38,8,11.5,7
12378,38,8.5,9,31
12379,38,8.5,9.5,20
12380,38,8.5,10,14
12381,38,8.5,10.5,11
12382,38,8.5,11,10
12383,38,8.5,11.5,8
12397,38,9,9.5,31
12398,38,9,10,20
12399,38,9,10.5,14
12400,38,9,11,11
12401,38,9,11.5,10
12416,38,9.5,10,31
12417,38,9.5,10.5,20
12418,38,9.5,11,14
12419,38,9.5,11.5,11
12435,38,10,10.5,31
12436,38,10,11,20
12437,38,10,11.5,14
12454,38,10.5,11,31
12455,38,10.5,11.5,20
12473,38,11,11.5,31
12637,39,3,3.5,32
12638,39,3,4,20
12639,39,3,4.5,15
12640,39,3,5,12
12641,39,3,5.5,10
12642,39,3,6,8
12643,39,3,6.5,7
12644,39,3,7,7
12645,39,3,7.5,6
12646,39,3,8,6
12647,39,3,8.5,5
12648,39,3,9,5
12649,39,3,9.5,4
12650,39,3,10,4
12651,39,3,10.5,4
12652,39,3,11,4
12653,39,3,11.5,4
12656,39,3.5,4,32
12657,39,3.5,4.5,20
12658,39,3.5,5,15
12659,39,3.5,5.5,12
12660,39,3.5,6,10
12661,39,3.5,6.5,8
12662,39,3.5,7,7
12663,39,3.5,7.5,7
12664,39,3.5,8,6
12665,39,3.5,8.5,6
12666,39,3.5,9,5
12667,39,3.5,9.5,5
12668,39,3.5,10,4
12669,39,3.5,10.5,4
12670,39,3.5,11,4
12671,39,3.5,11.5,4
12675,39,4,4.5,32
12676,39,4,5,20
12677,39,4,5.5,15
12678,39,4,6,12
12679,39,4,6.5,10
12680,39,4,7,8
12681,39,4,7.5,7
12682,39,4,8,7
12683,39,4,8.5,6
12684,39,4,9,6
12685,39,4,9.5,5
12686,39,4,10,5
12687,39,4,10.5,4
12688,39,4,11,4
12689,39,4,11.5,4
12694,39,4.5,5,32
12695,39,4.5,5.5,20
12696,39,4.5,6,15
12697,39,4.5,6.5,12
12698,39,4.5,7,10
12699,39,4.5,7.5,8
12700,39,4.5,8,7
12701,39,4.5,8.5,7
12702,39,4.5,9,6
12703,39,4.5,9.5,6
12704,39,4.5,10,5
12705,39,4.5,10.5,5
12706,39,4.5,11,4
12707,39,4.5,11.5,4
12713,39,5,5.5,32
12714,39,5,6,20
12715,39,5,6.5,15
12716,39,5,7,12
12717,39,5,7.5,10
12718,39,5,8,8
12719,39,5,8.5,7
12720,39,5,9,7
12721,39,5,9.5,6
12722,39,5,10,6
12723,39,5,10.5,5
12724,39,5,11,5
12725,39,5,11.5,4
12732,39,5.5,6,32
12733,39,5.5,6.5,20
12734,39,5.5,7,15
12735,39,5.5,7.5,12
12736,39,5.5,8,10
12737,39,5.5,8.5,8
12738,39,5.5,9,7
12739,39,5.5,9.5,7
12740,39,5.5,10,6
12741,39,5.5,10.5,6
12742,39,5.5,11,5
12743,39,5.5,11.5,5
12751,39,6,6.5,32
12752,39,6,7,20
12753,39,6,7.5,15
12754,39,6,8,12
12755,39,6,8.5,10
12756,39,6,9,8
12757,39,6,9.5,7
12758,39,6,10,7
12759,39,6,10.5,6
12760,39,6,11,6
12761,39,6,11.5,5
12770,39,6.5,7,32
12771,39,6.5,7.5,20
12772,39,6.5,8,15
12773,39,6.5,8.5,12
12774,39,6.5,9,10
12775,39,6.5,9.5,8
12776,39,6.5,10,7
12777,39,6.5,10.5,7
12778,39,6.5,11,6
12779,39,6.5,11.5,6
12789,39,7,7.5,32
12790,39,7,8,20
12791,39,7,8.5,15
12792,39,7,9,12
12793,39,7,9.5,10
12794,39,7,10,8
12795,39,7,10.5,7
12796,39,7,11,7
12797,39,7,11.5,6
12808,39,7.5,8,32
12809,39,7.5,8.5,20
12810,39,7.5,9,15
12811,39,7.5,9.5,12
12812,39,7.5,10,10
12813,39,7.5,10.5,8
12814,39,7.5,11,7
12815,39,7.5,11.5,7
12827,39,8,8.5,32
12828,39,8,9,20
12829,39,8,9.5,15
12830,39,8,10,12
12831,39,8,10.5,10
12832,39,8,11,8
12833,39,8,11.5,7
12846,39,8.5,9,32
12847,39,8.5,9.5,20
12848,39,8.5,10,15
12849,39,8.5,10.5,12
12850,39,8.5,11,10
12851,39,8.5,11.5,8
12865,39,9,9.5,32
12866,39,9,10,20
12867,39,9,10.5,15
12868,39,9,11,12
12869,39,9,11.5,10
12884,39,9.5,10,32
12885,39,9.5,10.5,20
12886,39,9.5,11,15
12887,39,9.5,11.5,12
12903,39,10,10.5,32
12904,39,10,11,20
12905,39,10,11.5,15
12922,39,10.5,11,32
12923,39,10.5,11.5,20
12941,39,11,11.5,32
